<?xml version = '1.0' encoding = 'UTF-8'?>
<Diagram class="oracle.dbtools.crest.swingui.relational.DPVRelational" name="Relational_1" id="50B7DB14-0614-3CA7-039A-770AD7F68062">
<createdBy>mzunigac</createdBy>
<modifiedBy>mzunigac</modifiedBy>
<createdTime>2025-08-18 13:56:32 UTC</createdTime>
<autoRoute>false</autoRoute>
<boxInbox>true</boxInbox>
<showLegend>false</showLegend>
<showLabels>false</showLabels>
<showRelAttributes>false</showRelAttributes>
<gridEnabled>false</gridEnabled>
<showGrid>false</showGrid>
<diagramColor>-3355393</diagramColor>
<display>false</display>
<notation>1</notation>
<objectViews>
<OView class="oracle.dbtools.crest.swingui.relational.TVTable" oid="49102CD3-F5D8-6DB2-5D79-571EC122E0B9" otype="Table" vid="6701FAB0-FCD6-1C2E-5D31-BC6D47D9A338">
<hideElementsInCurrentOnly>false</hideElementsInCurrentOnly>
<bounds x="444" y="160" width="193" height="122"/>
</OView>
<OView class="oracle.dbtools.crest.swingui.relational.TVTable" oid="AF9A6C72-8A3E-7A6E-4168-8F435CFDA634" otype="Table" vid="9EABA66E-1706-C116-1B6C-3E98A2D072B2">
<hideElementsInCurrentOnly>false</hideElementsInCurrentOnly>
<bounds x="203" y="332" width="220" height="124"/>
</OView>
<OView class="oracle.dbtools.crest.swingui.relational.TVTable" oid="CBFAD25C-7AEE-D462-A9AB-57D48E9A4C58" otype="Table" vid="613038E1-60FF-CFE9-83DE-9F8E3719A36F">
<hideElementsInCurrentOnly>false</hideElementsInCurrentOnly>
<bounds x="145" y="163" width="277" height="158"/>
</OView>
<OView class="oracle.dbtools.crest.swingui.relational.TVTable" oid="DE882914-C83A-C3F1-5827-9FFDDD9B2BEA" otype="Table" vid="5EECD32C-FF6F-4A09-5C6D-8283AF059E0D">
<hideElementsInCurrentOnly>false</hideElementsInCurrentOnly>
<bounds x="442" y="291" width="200" height="158"/>
</OView>
</objectViews>
</Diagram>