<?xml version = '1.0' encoding = 'UTF-8'?>
<Relation class="oracle.dbtools.crest.model.design.logical.Relation" name="Recursiva" directorySegmentName="seg_0" id="3F9D31FA-35B1-0AF7-A514-8AB7A79C6AB9">
<createdBy>mzunigac</createdBy>
<createdTime>2025-09-01 21:30:42 UTC</createdTime>
<ownerDesignName>EXP1_S3_BBDD_MZ</ownerDesignName>
<engineerTo>
<item key="1E56802A-4A15-1DAC-18A0-FDC748E32124" value="true"/>
</engineerTo>
<sourcePk>951D492C-0AFA-D87C-E688-9BAC36394B14</sourcePk>
<targetPk>951D492C-0AFA-D87C-E688-9BAC36394B14</targetPk>
<identifying>false</identifying>
<optionalSource>true</optionalSource>
<optionalTarget>false</optionalTarget>
<sourceCardinality>1</sourceCardinality>
<sourceEntity>27EBAC1A-D60C-3A71-AC0C-D5116AD7BE5C</sourceEntity>
<targetCardinalityString>*</targetCardinalityString>
<targetEntity>27EBAC1A-D60C-3A71-AC0C-D5116AD7BE5C</targetEntity>
<transferable>true</transferable>
<deleteRule>NO ACTION</deleteRule>
</Relation>