<?xml version = '1.0' encoding = 'UTF-8'?>
<Relation class="oracle.dbtools.crest.model.design.logical.Relation" name="Relation_11" directorySegmentName="seg_0" id="42F254F4-70B3-9E18-0441-6E394280CCC2">
<createdBy>mzunigac</createdBy>
<createdTime>2025-09-01 21:32:03 UTC</createdTime>
<ownerDesignName>EXP1_S3_BBDD_MZ</ownerDesignName>
<engineerTo>
<item key="1E56802A-4A15-1DAC-18A0-FDC748E32124" value="true"/>
</engineerTo>
<sourcePk>2E119F44-EF29-215D-A870-71160E0454AD</sourcePk>
<identifying>false</identifying>
<optionalSource>true</optionalSource>
<optionalTarget>false</optionalTarget>
<sourceCardinality>1</sourceCardinality>
<sourceEntity>083DC455-7791-003C-61E4-C4647CD30C18</sourceEntity>
<targetCardinalityString>*</targetCardinalityString>
<targetEntity>086B1994-6F69-2EB7-883D-30829A1F8BAF</targetEntity>
<transferable>true</transferable>
<deleteRule>NO ACTION</deleteRule>
</Relation>