<?xml version = '1.0' encoding = 'UTF-8'?>
<Relation class="oracle.dbtools.crest.model.design.logical.Relation" name="muchos_anexos" directorySegmentName="seg_0" id="53018B43-12F2-3A10-FD9F-1F67302C86F8">
<createdBy>mzunigac</createdBy>
<createdTime>2025-09-01 21:32:21 UTC</createdTime>
<ownerDesignName>EXP1_S3_BBDD_MZ</ownerDesignName>
<engineerTo>
<item key="1E56802A-4A15-1DAC-18A0-FDC748E32124" value="true"/>
</engineerTo>
<sourcePk>D0C1E148-0345-EFA1-7785-067EC496F886</sourcePk>
<identifying>false</identifying>
<optionalSource>true</optionalSource>
<optionalTarget>false</optionalTarget>
<sourceCardinality>1</sourceCardinality>
<sourceEntity>02BAB7A0-BC07-5D22-BFA6-CFC34DAF3786</sourceEntity>
<targetCardinalityString>*</targetCardinalityString>
<targetEntity>086B1994-6F69-2EB7-883D-30829A1F8BAF</targetEntity>
<transferable>true</transferable>
<deleteRule>NO ACTION</deleteRule>
</Relation>