<?xml version = '1.0' encoding = 'UTF-8'?>
<Relation class="oracle.dbtools.crest.model.design.logical.Relation" name="ResideEn" directorySegmentName="seg_0" id="8CC3A333-5743-7F6B-E0BA-7D05EDEB248A">
<createdBy>mzunigac</createdBy>
<createdTime>2025-09-01 21:29:32 UTC</createdTime>
<ownerDesignName>EXP1_S3_BBDD_MZ</ownerDesignName>
<engineerTo>
<item key="1E56802A-4A15-1DAC-18A0-FDC748E32124" value="true"/>
</engineerTo>
<sourcePk>D9BDB0A4-7902-5DA5-A1B5-843D18C12BE4</sourcePk>
<identifying>false</identifying>
<optionalSource>true</optionalSource>
<optionalTarget>false</optionalTarget>
<sourceCardinality>1</sourceCardinality>
<sourceEntity>0CAD6D69-097F-49C9-9D6B-DB13B773793A</sourceEntity>
<targetCardinalityString>*</targetCardinalityString>
<targetEntity>AFF0AA04-36EF-994C-EAD5-E46708E4AB18</targetEntity>
<transferable>true</transferable>
<deleteRule>NO ACTION</deleteRule>
</Relation>