<?xml version = '1.0' encoding = 'UTF-8'?>
<Relation class="oracle.dbtools.crest.model.design.logical.Relation" name="TrabajaEn" directorySegmentName="seg_0" id="9163861A-8CB5-8DF8-3C46-F9A1D3D5BF23">
<createdBy>mzunigac</createdBy>
<createdTime>2025-09-01 21:29:56 UTC</createdTime>
<ownerDesignName>EXP1_S3_BBDD_MZ</ownerDesignName>
<engineerTo>
<item key="1E56802A-4A15-1DAC-18A0-FDC748E32124" value="true"/>
</engineerTo>
<sourcePk>D9BDB0A4-7902-5DA5-A1B5-843D18C12BE4</sourcePk>
<identifying>false</identifying>
<optionalSource>true</optionalSource>
<optionalTarget>false</optionalTarget>
<sourceCardinality>1</sourceCardinality>
<sourceEntity>0CAD6D69-097F-49C9-9D6B-DB13B773793A</sourceEntity>
<targetCardinalityString>*</targetCardinalityString>
<targetEntity>E3369660-EAB8-8257-B325-C6942AD990B0</targetEntity>
<transferable>true</transferable>
<deleteRule>NO ACTION</deleteRule>
</Relation>