<?xml version = '1.0' encoding = 'UTF-8'?>
<Relation class="oracle.dbtools.crest.model.design.logical.Relation" name="Relation_14" directorySegmentName="seg_0" id="CE7DAA63-0409-C106-9919-85B7E3E15124">
<createdBy>mzunigac</createdBy>
<createdTime>2025-09-01 21:32:49 UTC</createdTime>
<ownerDesignName>EXP1_S3_BBDD_MZ</ownerDesignName>
<engineerTo>
<item key="1E56802A-4A15-1DAC-18A0-FDC748E32124" value="true"/>
</engineerTo>
<sourcePk>53730CA8-C672-075B-2E2E-09F237D49620</sourcePk>
<identifying>false</identifying>
<optionalSource>true</optionalSource>
<optionalTarget>false</optionalTarget>
<sourceCardinality>1</sourceCardinality>
<sourceEntity>AFF0AA04-36EF-994C-EAD5-E46708E4AB18</sourceEntity>
<targetCardinalityString>1</targetCardinalityString>
<targetEntity>02BAB7A0-BC07-5D22-BFA6-CFC34DAF3786</targetEntity>
<transferable>true</transferable>
<deleteRule>NO ACTION</deleteRule>
</Relation>