<?xml version = '1.0' encoding = 'UTF-8'?>
<Relation class="oracle.dbtools.crest.model.design.logical.Relation" name="Relation_10" directorySegmentName="seg_0" id="F0BF0B6D-F7E5-034A-56AF-BB7B7C5D520C">
<createdBy>mzunigac</createdBy>
<createdTime>2025-09-01 21:31:56 UTC</createdTime>
<ownerDesignName>EXP1_S3_BBDD_MZ</ownerDesignName>
<engineerTo>
<item key="1E56802A-4A15-1DAC-18A0-FDC748E32124" value="true"/>
</engineerTo>
<sourcePk>92021531-D291-3B93-5686-B2F5D8E0833B</sourcePk>
<identifying>false</identifying>
<optionalSource>true</optionalSource>
<optionalTarget>false</optionalTarget>
<sourceCardinality>1</sourceCardinality>
<sourceEntity>F23BB363-D14D-9CCF-CFCC-B21CED68CF51</sourceEntity>
<targetCardinalityString>*</targetCardinalityString>
<targetEntity>083DC455-7791-003C-61E4-C4647CD30C18</targetEntity>
<transferable>true</transferable>
<deleteRule>NO ACTION</deleteRule>
</Relation>