<?xml version = '1.0' encoding = 'UTF-8'?>
<relationalModel class="oracle.dbtools.crest.model.design.relational.RelationalDesign" name="Relational_1" id="B84FE507-AC91-6D88-C103-B1FC30DDA04E" mainViewID="FADD70A6-FD94-EDFB-4A6F-A8848CF36C7E">
<createdBy>matiaszuniga</createdBy>
<createdTime>2025-10-12 22:48:34 UTC</createdTime>
<ownerDesignName>EFT_S9_Matias_Zuñiga</ownerDesignName>
<shouldBeOpen>false</shouldBeOpen>
<selectedRDBMSSite>79C73AAF-E1A7-E669-7DF0-025EE81A2AFC</selectedRDBMSSite>
<importConnectionStamps>
<importConnectionStamp class="oracle.dbtools.crest.imports.DBConnectionStamp">
<connName>S9</connName>
<connUser>PRY2204_S9</connUser>
<connType>1</connType>
</importConnectionStamp>
</importConnectionStamps>
</relationalModel>