<?xml version = '1.0' encoding = 'UTF-8'?>
<relationalModel class="oracle.dbtools.crest.model.design.relational.RelationalDesign" name="Relational_1" id="4674779E-ABF4-A7F8-B5DC-B5E9F0EBAE63" mainViewID="F48DAD3B-3F45-4C62-89D3-30406BA39515">
<createdBy>matiaszuniga</createdBy>
<createdTime>2025-08-25 23:46:45 UTC</createdTime>
<ownerDesignName>exp1_s2_FMF_MZ</ownerDesignName>
<shouldBeOpen>false</shouldBeOpen>
<selectedRDBMSSite>32076570-2523-435C-2E92-BF29817DFF70</selectedRDBMSSite>
</relationalModel>