<?xml version = '1.0' encoding = 'UTF-8'?>
<relationalModel class="oracle.dbtools.crest.model.design.relational.RelationalDesign" name="Relational_1" id="BA8E526F-D096-8C0F-D0BD-63E48C5E3AFD" mainViewID="50B7DB14-0614-3CA7-039A-770AD7F68062">
<createdBy>mzunigac</createdBy>
<createdTime>2025-08-18 13:56:05 UTC</createdTime>
<ownerDesignName>Formativa_1_Fernandez_Zuñiga_18_08_2025</ownerDesignName>
<shouldBeOpen>false</shouldBeOpen>
<selectedRDBMSSite>32076570-2523-435C-2E92-BF29817DFF70</selectedRDBMSSite>
</relationalModel>