<?xml version = '1.0' encoding = 'UTF-8'?>
<TableProxyOraclev12c class="oracle.dbtools.crest.model.design.storage.oracle.v12c.TableProxyOraclev12c" name="REGION" directorySegmentName="seg_0" id="1F917DA5-FF25-2FC2-811C-0A4614867A8C">
<createdBy>matiaszuniga</createdBy>
<createdTime>2025-10-12 22:51:33 UTC</createdTime>
<ownerDesignName>EFT_S9_Matias_Zuñiga</ownerDesignName>
<schemaObject>E72B568F-E40F-1988-CA52-96E5ED0AA2F3</schemaObject>
<dataSegmentCompression>YES</dataSegmentCompression>
<logging>YES</logging>
<partitionedRowMovement>DISABLE</partitionedRowMovement>
<segment>DD59D608-AAB3-3448-9929-932DDBAF5144</segment>
<tableSpace>AB332447-668F-B745-4D5E-32A6251C8F04</tableSpace>
<temporaryChanged>false</temporaryChanged>
<accessDriverType>oracle_loader</accessDriverType>
<rejectLimit></rejectLimit>
<compressionType>QUERY HIGH</compressionType>
<inMemory>NO</inMemory>
<columnProxies itemClass="oracle.dbtools.crest.model.design.storage.oracle.v12c.ColumnProxyOraclev12c">
<ColumnProxy name="NOMBRE" id="29239C5B-91BF-D009-4840-CC263684CB30">
<createdBy>matiaszuniga</createdBy>
<createdTime>2025-10-12 22:51:33 UTC</createdTime>
<ownerDesignName>EFT_S9_Matias_Zuñiga</ownerDesignName>
</ColumnProxy>
<ColumnProxy name="ID_REGION" id="CAB4D757-94B9-B360-E60B-DD9836370F46">
<createdBy>matiaszuniga</createdBy>
<createdTime>2025-10-12 22:51:33 UTC</createdTime>
<ownerDesignName>EFT_S9_Matias_Zuñiga</ownerDesignName>
</ColumnProxy>
</columnProxies>
<primaryKeys>
<PrimaryKey class="oracle.dbtools.crest.model.design.storage.oracle.v10g.PKProxyOraclev10g" name="REGION_PK" id="FC741A11-7A37-FBA9-8964-F91D7551125D">
<createdBy>matiaszuniga</createdBy>
<createdTime>2025-10-12 22:51:36 UTC</createdTime>
<ownerDesignName>EFT_S9_Matias_Zuñiga</ownerDesignName>
<schemaObject>E72B568F-E40F-1988-CA52-96E5ED0AA2F3</schemaObject>
<segment>C7960620-565D-AF03-0A1A-63CB244A808B</segment>
<tableSpace>AB332447-668F-B745-4D5E-32A6251C8F04</tableSpace>
<indexSegment>C7960620-565D-AF03-0A1A-63CB244A808B</indexSegment>
<indexSort>SORTED</indexSort>
<usingIndex>BY INDEX NAME</usingIndex>
</PrimaryKey>
</primaryKeys>
<uniqueKeys>
<UniqueKey class="oracle.dbtools.crest.model.design.storage.oracle.v10g.UniqueOraclev10g" name="REGION_NOMBRE_UN" id="4F956A84-539D-D41C-ED7B-103F472AACBB">
<createdBy>matiaszuniga</createdBy>
<createdTime>2025-10-12 22:51:36 UTC</createdTime>
<ownerDesignName>EFT_S9_Matias_Zuñiga</ownerDesignName>
<schemaObject>E72B568F-E40F-1988-CA52-96E5ED0AA2F3</schemaObject>
<segment>C7960620-565D-AF03-0A1A-63CB244A808B</segment>
<tableSpace>AB332447-668F-B745-4D5E-32A6251C8F04</tableSpace>
<indexSegment>C7960620-565D-AF03-0A1A-63CB244A808B</indexSegment>
<indexSort>SORTED</indexSort>
<usingIndex>BY INDEX NAME</usingIndex>
</UniqueKey>
</uniqueKeys>
</TableProxyOraclev12c>