<?xml version = '1.0' encoding = 'UTF-8'?>
<TableProxyOraclev12c class="oracle.dbtools.crest.model.design.storage.oracle.v12c.TableProxyOraclev12c" name="ORDEN_MANTENCION" directorySegmentName="seg_0" id="4AAC0A71-B307-23D4-D6D9-628FF8322BC6">
<createdBy>matiaszuniga</createdBy>
<createdTime>2025-10-12 22:51:33 UTC</createdTime>
<ownerDesignName>EFT_S9_Matias_Zuñiga</ownerDesignName>
<schemaObject>E72B568F-E40F-1988-CA52-96E5ED0AA2F3</schemaObject>
<dataSegmentCompression>YES</dataSegmentCompression>
<logging>YES</logging>
<partitionedRowMovement>DISABLE</partitionedRowMovement>
<segment>6A7B89E3-361E-CCC3-179E-25213AB85425</segment>
<tableSpace>AB332447-668F-B745-4D5E-32A6251C8F04</tableSpace>
<temporaryChanged>false</temporaryChanged>
<accessDriverType>oracle_loader</accessDriverType>
<rejectLimit></rejectLimit>
<compressionType>QUERY HIGH</compressionType>
<inMemory>NO</inMemory>
<columnProxies itemClass="oracle.dbtools.crest.model.design.storage.oracle.v12c.ColumnProxyOraclev12c">
<ColumnProxy name="FECHA_PROGRAMADA" id="1765AE77-090A-DF98-FCDD-64041B7DD878">
<createdBy>matiaszuniga</createdBy>
<createdTime>2025-10-12 22:51:33 UTC</createdTime>
<ownerDesignName>EFT_S9_Matias_Zuñiga</ownerDesignName>
</ColumnProxy>
<ColumnProxy name="ID_ORDEN" id="34283190-3E47-84E4-16EC-B9BDAEAE9FE8">
<createdBy>matiaszuniga</createdBy>
<createdTime>2025-10-12 22:51:33 UTC</createdTime>
<ownerDesignName>EFT_S9_Matias_Zuñiga</ownerDesignName>
</ColumnProxy>
<ColumnProxy name="DESCRIPCION" id="7F97BF1C-2E70-7489-D6B2-D77A75D6AEA0">
<createdBy>matiaszuniga</createdBy>
<createdTime>2025-10-12 22:51:33 UTC</createdTime>
<ownerDesignName>EFT_S9_Matias_Zuñiga</ownerDesignName>
</ColumnProxy>
<ColumnProxy name="FECHA_EJECUCION" id="AAB19474-CA3A-26CD-CB02-076823CE10F8">
<createdBy>matiaszuniga</createdBy>
<createdTime>2025-10-12 22:51:33 UTC</createdTime>
<ownerDesignName>EFT_S9_Matias_Zuñiga</ownerDesignName>
</ColumnProxy>
<ColumnProxy name="ID_TECNICO" id="BC9BB922-C05A-E941-9D6C-899D47CDE8F0">
<createdBy>matiaszuniga</createdBy>
<createdTime>2025-10-12 22:51:33 UTC</createdTime>
<ownerDesignName>EFT_S9_Matias_Zuñiga</ownerDesignName>
</ColumnProxy>
<ColumnProxy name="ID_MAQUINA" id="CAFD29ED-D8C0-72F3-550B-52F0A2614E85">
<createdBy>matiaszuniga</createdBy>
<createdTime>2025-10-12 22:51:33 UTC</createdTime>
<ownerDesignName>EFT_S9_Matias_Zuñiga</ownerDesignName>
</ColumnProxy>
</columnProxies>
<foreignKeys>
<ForeignKey class="oracle.dbtools.crest.model.design.storage.oracle.v10g.FKProxyOraclev10g" name="FK_ORD_MAQ" id="58CE481F-F00E-4998-6AFF-2049AB712BCD">
<createdBy>matiaszuniga</createdBy>
<createdTime>2025-10-12 22:51:37 UTC</createdTime>
<ownerDesignName>EFT_S9_Matias_Zuñiga</ownerDesignName>
</ForeignKey>
<ForeignKey class="oracle.dbtools.crest.model.design.storage.oracle.v10g.FKProxyOraclev10g" name="FK_ORD_TEC" id="ED2BC583-ADD9-DEA5-824A-C497FAAD76F5">
<createdBy>matiaszuniga</createdBy>
<createdTime>2025-10-12 22:51:37 UTC</createdTime>
<ownerDesignName>EFT_S9_Matias_Zuñiga</ownerDesignName>
</ForeignKey>
</foreignKeys>
<primaryKeys>
<PrimaryKey class="oracle.dbtools.crest.model.design.storage.oracle.v10g.PKProxyOraclev10g" name="ORDEN_MANTENCION_PK" id="2E1D98CA-0A13-C775-E256-917EFD597508">
<createdBy>matiaszuniga</createdBy>
<createdTime>2025-10-12 22:51:36 UTC</createdTime>
<ownerDesignName>EFT_S9_Matias_Zuñiga</ownerDesignName>
<schemaObject>E72B568F-E40F-1988-CA52-96E5ED0AA2F3</schemaObject>
<segment>9CEB398E-E3CC-FC7D-F590-82D8130D7F7A</segment>
<tableSpace>AB332447-668F-B745-4D5E-32A6251C8F04</tableSpace>
<indexSegment>9CEB398E-E3CC-FC7D-F590-82D8130D7F7A</indexSegment>
<indexSort>SORTED</indexSort>
<usingIndex>BY INDEX NAME</usingIndex>
</PrimaryKey>
</primaryKeys>
<tableCheckConstraints itemClass="oracle.dbtools.crest.model.design.storage.oracle.TableCheckConstraintOracle">
<TableCheckConstraint name="CK_FECHAS" id="E93FFA48-36FA-0301-1113-70B1EE9D8B80">
<createdBy>matiaszuniga</createdBy>
<createdTime>2025-10-12 22:51:36 UTC</createdTime>
<ownerDesignName>EFT_S9_Matias_Zuñiga</ownerDesignName>
</TableCheckConstraint>
</tableCheckConstraints>
</TableProxyOraclev12c>