<?xml version = '1.0' encoding = 'UTF-8'?>
<TableProxyOraclev12c class="oracle.dbtools.crest.model.design.storage.oracle.v12c.TableProxyOraclev12c" name="COMUNA" directorySegmentName="seg_0" id="6BE3BFB5-1179-0CC7-D581-B846C489C3CB">
<createdBy>matiaszuniga</createdBy>
<createdTime>2025-10-12 22:51:33 UTC</createdTime>
<ownerDesignName>EFT_S9_Matias_Zuñiga</ownerDesignName>
<schemaObject>E72B568F-E40F-1988-CA52-96E5ED0AA2F3</schemaObject>
<dataSegmentCompression>YES</dataSegmentCompression>
<logging>YES</logging>
<partitionedRowMovement>DISABLE</partitionedRowMovement>
<segment>DD59D608-AAB3-3448-9929-932DDBAF5144</segment>
<tableSpace>AB332447-668F-B745-4D5E-32A6251C8F04</tableSpace>
<temporaryChanged>false</temporaryChanged>
<accessDriverType>oracle_loader</accessDriverType>
<rejectLimit></rejectLimit>
<compressionType>QUERY HIGH</compressionType>
<inMemory>NO</inMemory>
<columnProxies itemClass="oracle.dbtools.crest.model.design.storage.oracle.v12c.ColumnProxyOraclev12c">
<ColumnProxy name="ID_COMUNA" id="3002B5FD-F97C-C92A-6D2E-EACEA169B99E">
<createdBy>matiaszuniga</createdBy>
<createdTime>2025-10-12 22:51:33 UTC</createdTime>
<ownerDesignName>EFT_S9_Matias_Zuñiga</ownerDesignName>
<autoIncrementDDL>IDENTITY_CLAUSE</autoIncrementDDL>
</ColumnProxy>
<ColumnProxy name="ID_REGION" id="4372C327-5434-3E1D-C34B-F971569F06F3">
<createdBy>matiaszuniga</createdBy>
<createdTime>2025-10-12 22:51:33 UTC</createdTime>
<ownerDesignName>EFT_S9_Matias_Zuñiga</ownerDesignName>
</ColumnProxy>
<ColumnProxy name="NOMBRE" id="FEF29851-C187-A9C9-C9C2-49B12F5F5703">
<createdBy>matiaszuniga</createdBy>
<createdTime>2025-10-12 22:51:33 UTC</createdTime>
<ownerDesignName>EFT_S9_Matias_Zuñiga</ownerDesignName>
</ColumnProxy>
</columnProxies>
<indexProxies>
<IndexProxy class="oracle.dbtools.crest.model.design.storage.oracle.v10g.IndexProxyOraclev10g" name="PK_COMUNA" id="DBBEA071-A911-D5D1-A513-F2C649EB3287">
<createdBy>matiaszuniga</createdBy>
<createdTime>2025-10-12 22:51:35 UTC</createdTime>
<ownerDesignName>EFT_S9_Matias_Zuñiga</ownerDesignName>
<schemaObject>E72B568F-E40F-1988-CA52-96E5ED0AA2F3</schemaObject>
<segment>C7960620-565D-AF03-0A1A-63CB244A808B</segment>
<tableSpace>AB332447-668F-B745-4D5E-32A6251C8F04</tableSpace>
</IndexProxy>
</indexProxies>
<foreignKeys>
<ForeignKey class="oracle.dbtools.crest.model.design.storage.oracle.v10g.FKProxyOraclev10g" name="FK_COMUNA_REGION" id="6720A980-C737-C171-017B-34A4772500E9">
<createdBy>matiaszuniga</createdBy>
<createdTime>2025-10-12 22:51:37 UTC</createdTime>
<ownerDesignName>EFT_S9_Matias_Zuñiga</ownerDesignName>
</ForeignKey>
</foreignKeys>
<primaryKeys>
<PrimaryKey class="oracle.dbtools.crest.model.design.storage.oracle.v10g.PKProxyOraclev10g" name="PK_COMUNA" id="6520D348-C54B-A9F8-D49D-6ECA6F547AE9">
<createdBy>matiaszuniga</createdBy>
<createdTime>2025-10-12 22:51:36 UTC</createdTime>
<ownerDesignName>EFT_S9_Matias_Zuñiga</ownerDesignName>
<segment>C7960620-565D-AF03-0A1A-63CB244A808B</segment>
<tableSpace>AB332447-668F-B745-4D5E-32A6251C8F04</tableSpace>
<existingIndex>DBBEA071-A911-D5D1-A513-F2C649EB3287</existingIndex>
<indexSegment>C7960620-565D-AF03-0A1A-63CB244A808B</indexSegment>
<indexSort>SORTED</indexSort>
<usingIndex>BY INDEX NAME</usingIndex>
</PrimaryKey>
</primaryKeys>
</TableProxyOraclev12c>