<?xml version = '1.0' encoding = 'UTF-8'?>
<TableProxyOraclev12c class="oracle.dbtools.crest.model.design.storage.oracle.v12c.TableProxyOraclev12c" name="ASIGNACION_TURNO" directorySegmentName="seg_0" id="8E00A9DE-E44E-3DD8-CE96-BF85022058BC">
<createdBy>matiaszuniga</createdBy>
<createdTime>2025-10-12 22:51:33 UTC</createdTime>
<ownerDesignName>EFT_S9_Matias_Zuñiga</ownerDesignName>
<schemaObject>E72B568F-E40F-1988-CA52-96E5ED0AA2F3</schemaObject>
<dataSegmentCompression>YES</dataSegmentCompression>
<logging>YES</logging>
<partitionedRowMovement>DISABLE</partitionedRowMovement>
<segment>DD59D608-AAB3-3448-9929-932DDBAF5144</segment>
<tableSpace>AB332447-668F-B745-4D5E-32A6251C8F04</tableSpace>
<temporaryChanged>false</temporaryChanged>
<accessDriverType>oracle_loader</accessDriverType>
<rejectLimit></rejectLimit>
<compressionType>QUERY HIGH</compressionType>
<inMemory>NO</inMemory>
<columnProxies itemClass="oracle.dbtools.crest.model.design.storage.oracle.v12c.ColumnProxyOraclev12c">
<ColumnProxy name="ROL_TURNO" id="2A21CC95-0602-675E-1CC1-D0BBACE4C6E1">
<createdBy>matiaszuniga</createdBy>
<createdTime>2025-10-12 22:51:33 UTC</createdTime>
<ownerDesignName>EFT_S9_Matias_Zuñiga</ownerDesignName>
</ColumnProxy>
<ColumnProxy name="ID_EMPLEADO" id="409132C4-E187-BF02-AF54-A656DDBFAE76">
<createdBy>matiaszuniga</createdBy>
<createdTime>2025-10-12 22:51:33 UTC</createdTime>
<ownerDesignName>EFT_S9_Matias_Zuñiga</ownerDesignName>
</ColumnProxy>
<ColumnProxy name="ID_TURNO" id="43E54D7D-758A-7BDE-6CBC-9FB23B8C3C64">
<createdBy>matiaszuniga</createdBy>
<createdTime>2025-10-12 22:51:33 UTC</createdTime>
<ownerDesignName>EFT_S9_Matias_Zuñiga</ownerDesignName>
</ColumnProxy>
<ColumnProxy name="ID_MAQUINA" id="C59B75AC-D9EC-3BC8-2DD1-2C399A398668">
<createdBy>matiaszuniga</createdBy>
<createdTime>2025-10-12 22:51:33 UTC</createdTime>
<ownerDesignName>EFT_S9_Matias_Zuñiga</ownerDesignName>
</ColumnProxy>
<ColumnProxy name="FECHA" id="C79A288B-BE0B-A92E-A358-A23ED97B0D28">
<createdBy>matiaszuniga</createdBy>
<createdTime>2025-10-12 22:51:33 UTC</createdTime>
<ownerDesignName>EFT_S9_Matias_Zuñiga</ownerDesignName>
</ColumnProxy>
<ColumnProxy name="ID_ASIGNACION" id="E487B956-E9D5-52AA-5BD2-119524CDF171">
<createdBy>matiaszuniga</createdBy>
<createdTime>2025-10-12 22:51:33 UTC</createdTime>
<ownerDesignName>EFT_S9_Matias_Zuñiga</ownerDesignName>
</ColumnProxy>
</columnProxies>
<indexProxies>
<IndexProxy class="oracle.dbtools.crest.model.design.storage.oracle.v10g.IndexProxyOraclev10g" name="UNQ_ASIG_EMP_FECHA" id="16CBAC1C-DE1F-9648-AC99-789860FB3D57">
<createdBy>matiaszuniga</createdBy>
<createdTime>2025-10-12 22:51:35 UTC</createdTime>
<ownerDesignName>EFT_S9_Matias_Zuñiga</ownerDesignName>
<schemaObject>E72B568F-E40F-1988-CA52-96E5ED0AA2F3</schemaObject>
<segment>C7960620-565D-AF03-0A1A-63CB244A808B</segment>
<tableSpace>AB332447-668F-B745-4D5E-32A6251C8F04</tableSpace>
</IndexProxy>
</indexProxies>
<foreignKeys>
<ForeignKey class="oracle.dbtools.crest.model.design.storage.oracle.v10g.FKProxyOraclev10g" name="FK_ASIG_TURNO" id="063A6D84-BA08-44D8-6B19-7FF3D568A383">
<createdBy>matiaszuniga</createdBy>
<createdTime>2025-10-12 22:51:37 UTC</createdTime>
<ownerDesignName>EFT_S9_Matias_Zuñiga</ownerDesignName>
</ForeignKey>
<ForeignKey class="oracle.dbtools.crest.model.design.storage.oracle.v10g.FKProxyOraclev10g" name="FK_ASIG_MAQ" id="E1C19BE4-828D-CC58-14AB-235CAE3BEB4A">
<createdBy>matiaszuniga</createdBy>
<createdTime>2025-10-12 22:51:37 UTC</createdTime>
<ownerDesignName>EFT_S9_Matias_Zuñiga</ownerDesignName>
</ForeignKey>
<ForeignKey class="oracle.dbtools.crest.model.design.storage.oracle.v10g.FKProxyOraclev10g" name="FK_ASIG_EMP" id="F00DE80E-8781-241C-45FA-9013181C8CF1">
<createdBy>matiaszuniga</createdBy>
<createdTime>2025-10-12 22:51:37 UTC</createdTime>
<ownerDesignName>EFT_S9_Matias_Zuñiga</ownerDesignName>
</ForeignKey>
</foreignKeys>
<primaryKeys>
<PrimaryKey class="oracle.dbtools.crest.model.design.storage.oracle.v10g.PKProxyOraclev10g" name="ASIGNACION_TURNO_PK" id="08242D20-B7F9-D60B-B6BE-E2F64004C295">
<createdBy>matiaszuniga</createdBy>
<createdTime>2025-10-12 22:51:36 UTC</createdTime>
<ownerDesignName>EFT_S9_Matias_Zuñiga</ownerDesignName>
<schemaObject>E72B568F-E40F-1988-CA52-96E5ED0AA2F3</schemaObject>
<segment>C7960620-565D-AF03-0A1A-63CB244A808B</segment>
<tableSpace>AB332447-668F-B745-4D5E-32A6251C8F04</tableSpace>
<indexSegment>C7960620-565D-AF03-0A1A-63CB244A808B</indexSegment>
<indexSort>SORTED</indexSort>
<usingIndex>BY INDEX NAME</usingIndex>
</PrimaryKey>
</primaryKeys>
<uniqueKeys>
<UniqueKey class="oracle.dbtools.crest.model.design.storage.oracle.v10g.UniqueOraclev10g" name="UNQ_ASIG_EMP_FECHA" id="372D5CF7-B92A-90B1-7541-63CA88EB5E44">
<createdBy>matiaszuniga</createdBy>
<createdTime>2025-10-12 22:51:36 UTC</createdTime>
<ownerDesignName>EFT_S9_Matias_Zuñiga</ownerDesignName>
<segment>C7960620-565D-AF03-0A1A-63CB244A808B</segment>
<tableSpace>AB332447-668F-B745-4D5E-32A6251C8F04</tableSpace>
<existingIndex>16CBAC1C-DE1F-9648-AC99-789860FB3D57</existingIndex>
<indexSegment>C7960620-565D-AF03-0A1A-63CB244A808B</indexSegment>
<indexSort>SORTED</indexSort>
<usingIndex>BY INDEX NAME</usingIndex>
</UniqueKey>
</uniqueKeys>
</TableProxyOraclev12c>