<?xml version = '1.0' encoding = 'UTF-8'?>
<TableProxyOraclev12c class="oracle.dbtools.crest.model.design.storage.oracle.v12c.TableProxyOraclev12c" name="TIPO_MAQUINA" directorySegmentName="seg_0" id="A738403B-E608-FD2C-A710-1DB80EFE41DA">
<createdBy>matiaszuniga</createdBy>
<createdTime>2025-10-12 22:51:33 UTC</createdTime>
<ownerDesignName>EFT_S9_Matias_Zuñiga</ownerDesignName>
<schemaObject>E72B568F-E40F-1988-CA52-96E5ED0AA2F3</schemaObject>
<dataSegmentCompression>YES</dataSegmentCompression>
<logging>YES</logging>
<partitionedRowMovement>DISABLE</partitionedRowMovement>
<segment>DD59D608-AAB3-3448-9929-932DDBAF5144</segment>
<tableSpace>AB332447-668F-B745-4D5E-32A6251C8F04</tableSpace>
<temporaryChanged>false</temporaryChanged>
<accessDriverType>oracle_loader</accessDriverType>
<rejectLimit></rejectLimit>
<compressionType>QUERY HIGH</compressionType>
<inMemory>NO</inMemory>
<columnProxies itemClass="oracle.dbtools.crest.model.design.storage.oracle.v12c.ColumnProxyOraclev12c">
<ColumnProxy name="NOMBRE" id="3F35E9BA-15BD-FCE6-E885-781BD3161804">
<createdBy>matiaszuniga</createdBy>
<createdTime>2025-10-12 22:51:33 UTC</createdTime>
<ownerDesignName>EFT_S9_Matias_Zuñiga</ownerDesignName>
</ColumnProxy>
<ColumnProxy name="ID_TIPO" id="5DEC5F8C-3534-889A-B9EB-BA5D741D138F">
<createdBy>matiaszuniga</createdBy>
<createdTime>2025-10-12 22:51:33 UTC</createdTime>
<ownerDesignName>EFT_S9_Matias_Zuñiga</ownerDesignName>
</ColumnProxy>
</columnProxies>
<primaryKeys>
<PrimaryKey class="oracle.dbtools.crest.model.design.storage.oracle.v10g.PKProxyOraclev10g" name="TIPO_MAQUINA_PK" id="CBFD56BA-BD5A-FEBC-8329-FD3903CA69CE">
<createdBy>matiaszuniga</createdBy>
<createdTime>2025-10-12 22:51:36 UTC</createdTime>
<ownerDesignName>EFT_S9_Matias_Zuñiga</ownerDesignName>
<schemaObject>E72B568F-E40F-1988-CA52-96E5ED0AA2F3</schemaObject>
<segment>C7960620-565D-AF03-0A1A-63CB244A808B</segment>
<tableSpace>AB332447-668F-B745-4D5E-32A6251C8F04</tableSpace>
<indexSegment>C7960620-565D-AF03-0A1A-63CB244A808B</indexSegment>
<indexSort>SORTED</indexSort>
<usingIndex>BY INDEX NAME</usingIndex>
</PrimaryKey>
</primaryKeys>
<uniqueKeys>
<UniqueKey class="oracle.dbtools.crest.model.design.storage.oracle.v10g.UniqueOraclev10g" name="TIPO_MAQUINA_NOMBRE_UN" id="602CCF9A-DE99-7C3B-13CF-1E40907A3004">
<createdBy>matiaszuniga</createdBy>
<createdTime>2025-10-12 22:51:36 UTC</createdTime>
<ownerDesignName>EFT_S9_Matias_Zuñiga</ownerDesignName>
<schemaObject>E72B568F-E40F-1988-CA52-96E5ED0AA2F3</schemaObject>
<segment>C7960620-565D-AF03-0A1A-63CB244A808B</segment>
<tableSpace>AB332447-668F-B745-4D5E-32A6251C8F04</tableSpace>
<indexSegment>C7960620-565D-AF03-0A1A-63CB244A808B</indexSegment>
<indexSort>SORTED</indexSort>
<usingIndex>BY INDEX NAME</usingIndex>
</UniqueKey>
</uniqueKeys>
</TableProxyOraclev12c>