<?xml version = '1.0' encoding = 'UTF-8'?>
<Entity class="oracle.dbtools.crest.model.design.logical.Entity" directorySegmentName="seg_0" id="143BE016-3B93-6BBB-13BA-5769C222836B" name="ADMINISTRATIVO">
<createdBy>matiaszuniga</createdBy>
<createdTime>2025-08-26 00:09:55 UTC</createdTime>
<ownerDesignName>exp1_s2_FMF_MZ</ownerDesignName>
<engineerTo>
<item key="4674779E-ABF4-A7F8-B5DC-B5E9F0EBAE63" value="true"/>
</engineerTo>
<adequatelyNormalized>NO</adequatelyNormalized>
<expectedVolumes>0</expectedVolumes>
<fwdEngineeringStrategyName>Single Table</fwdEngineeringStrategyName>
<growthPercent>0</growthPercent>
<growthType>Year</growthType>
<hierarchicalParent>B1646D7F-FA01-17DA-5A74-B75505E0869E</hierarchicalParent>
<maxVolumes>9999999</maxVolumes>
<minVolumes>0</minVolumes>
<normalForm>Third</normalForm>
<createSurrogateKey>true</createSurrogateKey>
<attributes itemClass="oracle.dbtools.crest.model.design.logical.Attribute">
<Attribute name="Rut" id="9B98D66B-8B26-541F-DAE7-B538C85D88BE">
<createdBy>matiaszuniga</createdBy>
<createdTime>2025-08-26 00:09:55 UTC</createdTime>
<ownerDesignName>exp1_s2_FMF_MZ</ownerDesignName>
<engineerTo>
<item key="4674779E-ABF4-A7F8-B5DC-B5E9F0EBAE63" value="true"/>
</engineerTo>
<useDomainConstraints>false</useDomainConstraints>
<use>1</use>
<logicalDatatype>LOGDT024</logicalDatatype>
<dataTypeSize>15</dataTypeSize>
<ownDataTypeParameters>15,,</ownDataTypeParameters>
</Attribute>
<Attribute name="HorasExtra" id="F16FF67F-8C7E-B333-DFD6-8A66DE3DA0DE">
<createdBy>matiaszuniga</createdBy>
<createdTime>2025-08-26 00:09:55 UTC</createdTime>
<ownerDesignName>exp1_s2_FMF_MZ</ownerDesignName>
<engineerTo>
<item key="4674779E-ABF4-A7F8-B5DC-B5E9F0EBAE63" value="true"/>
</engineerTo>
<useDomainConstraints>false</useDomainConstraints>
<use>1</use>
<logicalDatatype>LOGDT019</logicalDatatype>
<dataTypePrecision>6</dataTypePrecision>
<ownDataTypeParameters>,6,</ownDataTypeParameters>
</Attribute>
<Attribute name="AFP" id="C5E15465-7F5C-0E3F-F7B4-C3FE467CA89D">
<createdBy>matiaszuniga</createdBy>
<createdTime>2025-08-26 00:09:55 UTC</createdTime>
<ownerDesignName>exp1_s2_FMF_MZ</ownerDesignName>
<engineerTo>
<item key="4674779E-ABF4-A7F8-B5DC-B5E9F0EBAE63" value="true"/>
</engineerTo>
<useDomainConstraints>false</useDomainConstraints>
<use>1</use>
<logicalDatatype>LOGDT024</logicalDatatype>
<dataTypeSize>30</dataTypeSize>
<ownDataTypeParameters>30,,</ownDataTypeParameters>
</Attribute>
<Attribute name="NumeroVuelo" id="C69FD80D-A431-47BC-D61C-D62F361A0ADA">
<createdBy>matiaszuniga</createdBy>
<createdTime>2025-08-26 00:25:36 UTC</createdTime>
<generatorID>102D8466-D44C-65C7-6761-E0C923F7854C</generatorID>
<ownerDesignName>exp1_s2_FMF_MZ</ownerDesignName>
<engineerTo>
<item key="4674779E-ABF4-A7F8-B5DC-B5E9F0EBAE63" value="true"/>
</engineerTo>
<referedAttribute>537A0B3A-8542-997B-A9FA-4A65AAD35EEF</referedAttribute>
<useDomainConstraints>false</useDomainConstraints>
<use>1</use>
<logicalDatatype>LOGDT019</logicalDatatype>
<dataTypePrecision>10</dataTypePrecision>
<ownDataTypeParameters>,,</ownDataTypeParameters>
</Attribute>
<Attribute name="Matricula1" id="84FE944A-C005-CFB6-06B4-269C2E9745AB">
<createdBy>matiaszuniga</createdBy>
<createdTime>2025-08-26 00:27:47 UTC</createdTime>
<generatorID>102D8466-D44C-65C7-6761-E0C923F7854C</generatorID>
<ownerDesignName>exp1_s2_FMF_MZ</ownerDesignName>
<engineerTo>
<item key="4674779E-ABF4-A7F8-B5DC-B5E9F0EBAE63" value="true"/>
</engineerTo>
<referedAttribute>02C2E8E2-D085-ECA3-23CF-ACC0B4C1D6E9</referedAttribute>
<useDomainConstraints>false</useDomainConstraints>
<use>1</use>
<logicalDatatype>LOGDT024</logicalDatatype>
<dataTypeSize>10</dataTypeSize>
<ownDataTypeParameters>,,</ownDataTypeParameters>
</Attribute>
</attributes>
<identifiers itemClass="oracle.dbtools.crest.model.design.logical.CandidateKey">
<identifier id="92FC5256-F1C7-3641-32A2-9015188E787F" name="PILOTO PK">
<createdBy>matiaszuniga</createdBy>
<createdTime>2025-08-26 00:09:55 UTC</createdTime>
<ownerDesignName>exp1_s2_FMF_MZ</ownerDesignName>
<engineerTo>
<item key="4674779E-ABF4-A7F8-B5DC-B5E9F0EBAE63" value="true"/>
</engineerTo>
<pk>true</pk>
<usedAttributes>
<attributeRef>9B98D66B-8B26-541F-DAE7-B538C85D88BE</attributeRef>
<attributeRef>C69FD80D-A431-47BC-D61C-D62F361A0ADA</attributeRef>
<attributeRef>84FE944A-C005-CFB6-06B4-269C2E9745AB</attributeRef>
</usedAttributes>
</identifier>
</identifiers>
</Entity>