<?xml version = '1.0' encoding = 'UTF-8'?>
<Entity class="oracle.dbtools.crest.model.design.logical.Entity" directorySegmentName="seg_0" id="A1E10383-0857-B7CB-80ED-59AD1CCF9035" name="EQUIPAJE">
<createdBy>matiaszuniga</createdBy>
<createdTime>2025-08-25 23:52:18 UTC</createdTime>
<ownerDesignName>exp1_s2_FMF_MZ</ownerDesignName>
<engineerTo>
<item key="4674779E-ABF4-A7F8-B5DC-B5E9F0EBAE63" value="true"/>
</engineerTo>
<adequatelyNormalized>NO</adequatelyNormalized>
<expectedVolumes>0</expectedVolumes>
<fwdEngineeringStrategyName>Single Table</fwdEngineeringStrategyName>
<growthPercent>0</growthPercent>
<growthType>Year</growthType>
<maxVolumes>9999999</maxVolumes>
<minVolumes>0</minVolumes>
<normalForm>Third</normalForm>
<attributes itemClass="oracle.dbtools.crest.model.design.logical.Attribute">
<Attribute name="CodigoEquipaje" id="FFF30DD1-1670-4A1A-A0AC-0E76B551E04E">
<createdBy>matiaszuniga</createdBy>
<createdTime>2025-08-25 23:52:18 UTC</createdTime>
<ownerDesignName>exp1_s2_FMF_MZ</ownerDesignName>
<engineerTo>
<item key="4674779E-ABF4-A7F8-B5DC-B5E9F0EBAE63" value="true"/>
</engineerTo>
<useDomainConstraints>false</useDomainConstraints>
<use>1</use>
<logicalDatatype>LOGDT024</logicalDatatype>
<dataTypeSize>20</dataTypeSize>
<ownDataTypeParameters>20,,</ownDataTypeParameters>
</Attribute>
<Attribute name="Color" id="FD03A3F9-D89B-7AC3-8767-25A7A812FF28">
<createdBy>matiaszuniga</createdBy>
<createdTime>2025-08-25 23:52:18 UTC</createdTime>
<ownerDesignName>exp1_s2_FMF_MZ</ownerDesignName>
<engineerTo>
<item key="4674779E-ABF4-A7F8-B5DC-B5E9F0EBAE63" value="true"/>
</engineerTo>
<useDomainConstraints>false</useDomainConstraints>
<use>1</use>
<logicalDatatype>LOGDT024</logicalDatatype>
<dataTypeSize>100</dataTypeSize>
<ownDataTypeParameters>100,,</ownDataTypeParameters>
</Attribute>
<Attribute name="Peso" id="B963B812-D0DB-1B2C-1D4F-EB86D6F91155">
<createdBy>matiaszuniga</createdBy>
<createdTime>2025-08-25 23:52:18 UTC</createdTime>
<ownerDesignName>exp1_s2_FMF_MZ</ownerDesignName>
<engineerTo>
<item key="4674779E-ABF4-A7F8-B5DC-B5E9F0EBAE63" value="true"/>
</engineerTo>
<useDomainConstraints>false</useDomainConstraints>
<use>1</use>
<logicalDatatype>LOGDT019</logicalDatatype>
<dataTypePrecision>5</dataTypePrecision>
<dataTypeScale>2</dataTypeScale>
<ownDataTypeParameters>,5,2</ownDataTypeParameters>
</Attribute>
<Attribute name="Descripcion" id="7F4848F0-60A0-4132-0A99-E90114029B55">
<createdBy>matiaszuniga</createdBy>
<createdTime>2025-08-25 23:52:18 UTC</createdTime>
<ownerDesignName>exp1_s2_FMF_MZ</ownerDesignName>
<engineerTo>
<item key="4674779E-ABF4-A7F8-B5DC-B5E9F0EBAE63" value="true"/>
</engineerTo>
<nullsAllowed>true</nullsAllowed>
<useDomainConstraints>false</useDomainConstraints>
<use>1</use>
<logicalDatatype>LOGDT024</logicalDatatype>
<dataTypeSize>30</dataTypeSize>
<ownDataTypeParameters>30,,</ownDataTypeParameters>
</Attribute>
<Attribute name="NroPasaporte" id="BE8CFAAB-DC88-3105-39F1-0501B0A9A4F4">
<createdBy>matiaszuniga</createdBy>
<createdTime>2025-08-25 23:57:30 UTC</createdTime>
<ownerDesignName>exp1_s2_FMF_MZ</ownerDesignName>
<engineerTo>
<item key="4674779E-ABF4-A7F8-B5DC-B5E9F0EBAE63" value="true"/>
</engineerTo>
<useDomainConstraints>false</useDomainConstraints>
<use>1</use>
<logicalDatatype>LOGDT024</logicalDatatype>
<dataTypeSize>20</dataTypeSize>
<ownDataTypeParameters>20,,</ownDataTypeParameters>
</Attribute>
<Attribute name="CodigoEquipaje1" id="BCE9622A-1B80-0A02-9E4E-ECEE39E4481B">
<createdBy>matiaszuniga</createdBy>
<createdTime>2025-08-25 23:58:58 UTC</createdTime>
<generatorID>BD26DB1C-A5D5-3A44-B3FD-78EF7AB74B83</generatorID>
<ownerDesignName>exp1_s2_FMF_MZ</ownerDesignName>
<engineerTo>
<item key="4674779E-ABF4-A7F8-B5DC-B5E9F0EBAE63" value="true"/>
</engineerTo>
<nullsAllowed>true</nullsAllowed>
<referedAttribute>FFF30DD1-1670-4A1A-A0AC-0E76B551E04E</referedAttribute>
<useDomainConstraints>false</useDomainConstraints>
<use>1</use>
<logicalDatatype>LOGDT024</logicalDatatype>
<dataTypeSize>20</dataTypeSize>
<ownDataTypeParameters>,,</ownDataTypeParameters>
</Attribute>
<Attribute name="CodigoEquipaje2" id="B23D8587-6A18-8CFC-492A-13F91EF2A5C8">
<createdBy>matiaszuniga</createdBy>
<createdTime>2025-08-26 00:00:08 UTC</createdTime>
<generatorID>B28B6DC6-0438-C432-97A7-A4CED61E6DF7</generatorID>
<ownerDesignName>exp1_s2_FMF_MZ</ownerDesignName>
<engineerTo>
<item key="4674779E-ABF4-A7F8-B5DC-B5E9F0EBAE63" value="true"/>
</engineerTo>
<referedAttribute>FFF30DD1-1670-4A1A-A0AC-0E76B551E04E</referedAttribute>
<useDomainConstraints>false</useDomainConstraints>
<use>1</use>
<logicalDatatype>LOGDT024</logicalDatatype>
<dataTypeSize>20</dataTypeSize>
<ownDataTypeParameters>,,</ownDataTypeParameters>
</Attribute>
</attributes>
<identifiers itemClass="oracle.dbtools.crest.model.design.logical.CandidateKey">
<identifier id="5FD99FDB-BA8D-596B-5009-B394899A0BA7" name="PASAJERO PK">
<createdBy>matiaszuniga</createdBy>
<createdTime>2025-08-25 23:52:18 UTC</createdTime>
<ownerDesignName>exp1_s2_FMF_MZ</ownerDesignName>
<engineerTo>
<item key="4674779E-ABF4-A7F8-B5DC-B5E9F0EBAE63" value="true"/>
</engineerTo>
<pk>true</pk>
<usedAttributes>
<attributeRef>FFF30DD1-1670-4A1A-A0AC-0E76B551E04E</attributeRef>
</usedAttributes>
</identifier>
<identifier id="E93CD93A-7D23-95F4-C15A-44F7425093AA" name="Key_2">
<createdBy>matiaszuniga</createdBy>
<createdTime>2025-08-25 23:57:58 UTC</createdTime>
<ownerDesignName>exp1_s2_FMF_MZ</ownerDesignName>
<engineerTo>
<item key="4674779E-ABF4-A7F8-B5DC-B5E9F0EBAE63" value="true"/>
</engineerTo>
<newElementsIDs>BE8CFAAB-DC88-3105-39F1-0501B0A9A4F4</newElementsIDs>
<usedAttributes>
<attributeRef>BE8CFAAB-DC88-3105-39F1-0501B0A9A4F4</attributeRef>
</usedAttributes>
</identifier>
</identifiers>
</Entity>