<?xml version = '1.0' encoding = 'UTF-8'?>
<Entity class="oracle.dbtools.crest.model.design.logical.Entity" directorySegmentName="seg_0" id="E08937FB-52C4-D3B6-8669-1B3D33CA0142" name="PASAJERO">
<createdBy>matiaszuniga</createdBy>
<createdTime>2025-08-25 23:47:35 UTC</createdTime>
<ownerDesignName>exp1_s2_FMF_MZ</ownerDesignName>
<engineerTo>
<item key="4674779E-ABF4-A7F8-B5DC-B5E9F0EBAE63" value="true"/>
</engineerTo>
<adequatelyNormalized>NO</adequatelyNormalized>
<expectedVolumes>0</expectedVolumes>
<fwdEngineeringStrategyName>Single Table</fwdEngineeringStrategyName>
<growthPercent>0</growthPercent>
<growthType>Year</growthType>
<maxVolumes>9999999</maxVolumes>
<minVolumes>0</minVolumes>
<normalForm>Third</normalForm>
<attributes itemClass="oracle.dbtools.crest.model.design.logical.Attribute">
<Attribute name="NroPasaporte" id="7115FFB8-D27B-E5B9-FD79-F3AA5883588A">
<createdBy>matiaszuniga</createdBy>
<createdTime>2025-08-25 23:48:08 UTC</createdTime>
<ownerDesignName>exp1_s2_FMF_MZ</ownerDesignName>
<engineerTo>
<item key="4674779E-ABF4-A7F8-B5DC-B5E9F0EBAE63" value="true"/>
</engineerTo>
<useDomainConstraints>false</useDomainConstraints>
<use>1</use>
<logicalDatatype>LOGDT024</logicalDatatype>
<dataTypeSize>20</dataTypeSize>
<ownDataTypeParameters>20,,</ownDataTypeParameters>
</Attribute>
<Attribute name="NombreCompleto" id="021C0501-1C99-C780-DC55-6A8BC6251112">
<createdBy>matiaszuniga</createdBy>
<createdTime>2025-08-25 23:49:12 UTC</createdTime>
<ownerDesignName>exp1_s2_FMF_MZ</ownerDesignName>
<engineerTo>
<item key="4674779E-ABF4-A7F8-B5DC-B5E9F0EBAE63" value="true"/>
</engineerTo>
<useDomainConstraints>false</useDomainConstraints>
<use>1</use>
<logicalDatatype>LOGDT024</logicalDatatype>
<dataTypeSize>100</dataTypeSize>
<ownDataTypeParameters>100,,</ownDataTypeParameters>
</Attribute>
<Attribute name="FechaNacimiento" id="41B8DCA2-FF53-1EDB-877C-C3F7CD811055">
<createdBy>matiaszuniga</createdBy>
<createdTime>2025-08-25 23:49:30 UTC</createdTime>
<ownerDesignName>exp1_s2_FMF_MZ</ownerDesignName>
<engineerTo>
<item key="4674779E-ABF4-A7F8-B5DC-B5E9F0EBAE63" value="true"/>
</engineerTo>
<useDomainConstraints>false</useDomainConstraints>
<use>1</use>
<logicalDatatype>LOGDT007</logicalDatatype>
<ownDataTypeParameters>,,</ownDataTypeParameters>
</Attribute>
<Attribute name="Nacionalidad" id="22642764-9D72-E1F9-DD97-929AEFC338AF">
<createdBy>matiaszuniga</createdBy>
<createdTime>2025-08-25 23:50:19 UTC</createdTime>
<ownerDesignName>exp1_s2_FMF_MZ</ownerDesignName>
<engineerTo>
<item key="4674779E-ABF4-A7F8-B5DC-B5E9F0EBAE63" value="true"/>
</engineerTo>
<useDomainConstraints>false</useDomainConstraints>
<use>1</use>
<logicalDatatype>LOGDT024</logicalDatatype>
<dataTypeSize>30</dataTypeSize>
<ownDataTypeParameters>30,,</ownDataTypeParameters>
</Attribute>
<Attribute name="TelefonoContacto" id="1BBEF1FF-5065-9DF2-58EA-80E1CCCB9B21">
<createdBy>matiaszuniga</createdBy>
<createdTime>2025-08-25 23:50:36 UTC</createdTime>
<ownerDesignName>exp1_s2_FMF_MZ</ownerDesignName>
<engineerTo>
<item key="4674779E-ABF4-A7F8-B5DC-B5E9F0EBAE63" value="true"/>
</engineerTo>
<nullsAllowed>true</nullsAllowed>
<useDomainConstraints>false</useDomainConstraints>
<use>1</use>
<logicalDatatype>LOGDT019</logicalDatatype>
<dataTypePrecision>15</dataTypePrecision>
<ownDataTypeParameters>,15,</ownDataTypeParameters>
</Attribute>
<Attribute name="CorreoElectronico" id="AAF02222-E7EA-22F6-A5BC-E4EC88E1DB26">
<createdBy>matiaszuniga</createdBy>
<createdTime>2025-08-25 23:51:00 UTC</createdTime>
<ownerDesignName>exp1_s2_FMF_MZ</ownerDesignName>
<engineerTo>
<item key="4674779E-ABF4-A7F8-B5DC-B5E9F0EBAE63" value="true"/>
</engineerTo>
<nullsAllowed>true</nullsAllowed>
<useDomainConstraints>false</useDomainConstraints>
<use>1</use>
<logicalDatatype>LOGDT024</logicalDatatype>
<dataTypeSize>50</dataTypeSize>
<ownDataTypeParameters>50,,</ownDataTypeParameters>
</Attribute>
</attributes>
<identifiers itemClass="oracle.dbtools.crest.model.design.logical.CandidateKey">
<identifier id="81C01FE7-5D20-D10D-CE3D-D68FA1EF3A0D" name="PASAJERO PK">
<createdBy>matiaszuniga</createdBy>
<createdTime>2025-08-25 23:48:16 UTC</createdTime>
<ownerDesignName>exp1_s2_FMF_MZ</ownerDesignName>
<engineerTo>
<item key="4674779E-ABF4-A7F8-B5DC-B5E9F0EBAE63" value="true"/>
</engineerTo>
<pk>true</pk>
<usedAttributes>
<attributeRef>7115FFB8-D27B-E5B9-FD79-F3AA5883588A</attributeRef>
</usedAttributes>
</identifier>
</identifiers>
</Entity>