<?xml version = '1.0' encoding = 'UTF-8'?>
<Entity class="oracle.dbtools.crest.model.design.logical.Entity" directorySegmentName="seg_0" id="E7068386-C990-0580-A203-19138C41F25B" name="VUELO">
<createdBy>matiaszuniga</createdBy>
<createdTime>2025-08-26 00:15:08 UTC</createdTime>
<ownerDesignName>exp1_s2_FMF_MZ</ownerDesignName>
<engineerTo>
<item key="4674779E-ABF4-A7F8-B5DC-B5E9F0EBAE63" value="true"/>
</engineerTo>
<adequatelyNormalized>NO</adequatelyNormalized>
<expectedVolumes>0</expectedVolumes>
<fwdEngineeringStrategyName>Single Table</fwdEngineeringStrategyName>
<growthPercent>0</growthPercent>
<growthType>Year</growthType>
<maxVolumes>9999999</maxVolumes>
<minVolumes>0</minVolumes>
<normalForm>Third</normalForm>
<attributes itemClass="oracle.dbtools.crest.model.design.logical.Attribute">
<Attribute name="NumeroVuelo" id="537A0B3A-8542-997B-A9FA-4A65AAD35EEF">
<createdBy>matiaszuniga</createdBy>
<createdTime>2025-08-26 00:15:08 UTC</createdTime>
<ownerDesignName>exp1_s2_FMF_MZ</ownerDesignName>
<engineerTo>
<item key="4674779E-ABF4-A7F8-B5DC-B5E9F0EBAE63" value="true"/>
</engineerTo>
<useDomainConstraints>false</useDomainConstraints>
<use>1</use>
<logicalDatatype>LOGDT019</logicalDatatype>
<dataTypePrecision>10</dataTypePrecision>
<ownDataTypeParameters>,10,</ownDataTypeParameters>
</Attribute>
<Attribute name="FechaDespegue" id="97FAC9E8-95AA-12D2-4416-A4C3CF6E868F">
<createdBy>matiaszuniga</createdBy>
<createdTime>2025-08-26 00:15:08 UTC</createdTime>
<ownerDesignName>exp1_s2_FMF_MZ</ownerDesignName>
<engineerTo>
<item key="4674779E-ABF4-A7F8-B5DC-B5E9F0EBAE63" value="true"/>
</engineerTo>
<useDomainConstraints>false</useDomainConstraints>
<use>1</use>
<logicalDatatype>LOGDT007</logicalDatatype>
<ownDataTypeParameters>,,</ownDataTypeParameters>
</Attribute>
<Attribute name="HoraSalida" id="8C88CB96-D098-A661-8374-BC5CA09FBA59">
<createdBy>matiaszuniga</createdBy>
<createdTime>2025-08-26 00:15:08 UTC</createdTime>
<ownerDesignName>exp1_s2_FMF_MZ</ownerDesignName>
<engineerTo>
<item key="4674779E-ABF4-A7F8-B5DC-B5E9F0EBAE63" value="true"/>
</engineerTo>
<useDomainConstraints>false</useDomainConstraints>
<use>1</use>
<logicalDatatype>LOGDT024</logicalDatatype>
<dataTypeSize>2</dataTypeSize>
<ownDataTypeParameters>2,,</ownDataTypeParameters>
</Attribute>
<Attribute name="FechaLlegada" id="A1C2DF15-336A-2A5C-1B8B-4464D97E1F4A">
<createdBy>matiaszuniga</createdBy>
<createdTime>2025-08-26 00:15:57 UTC</createdTime>
<ownerDesignName>exp1_s2_FMF_MZ</ownerDesignName>
<engineerTo>
<item key="4674779E-ABF4-A7F8-B5DC-B5E9F0EBAE63" value="true"/>
</engineerTo>
<useDomainConstraints>false</useDomainConstraints>
<use>1</use>
<logicalDatatype>LOGDT007</logicalDatatype>
<ownDataTypeParameters>,,</ownDataTypeParameters>
</Attribute>
<Attribute name="CiudadOrigen" id="84D62010-FF69-DAF4-2A91-BFDFC7E50380">
<createdBy>matiaszuniga</createdBy>
<createdTime>2025-08-26 00:15:57 UTC</createdTime>
<ownerDesignName>exp1_s2_FMF_MZ</ownerDesignName>
<engineerTo>
<item key="4674779E-ABF4-A7F8-B5DC-B5E9F0EBAE63" value="true"/>
</engineerTo>
<useDomainConstraints>false</useDomainConstraints>
<use>1</use>
<logicalDatatype>LOGDT024</logicalDatatype>
<dataTypeSize>50</dataTypeSize>
<ownDataTypeParameters>50,,</ownDataTypeParameters>
</Attribute>
<Attribute name="CiudadDestino" id="2A184D8E-DB03-AF9F-9F8A-5798A71877E3">
<createdBy>matiaszuniga</createdBy>
<createdTime>2025-08-26 00:15:58 UTC</createdTime>
<ownerDesignName>exp1_s2_FMF_MZ</ownerDesignName>
<engineerTo>
<item key="4674779E-ABF4-A7F8-B5DC-B5E9F0EBAE63" value="true"/>
</engineerTo>
<useDomainConstraints>false</useDomainConstraints>
<use>1</use>
<logicalDatatype>LOGDT024</logicalDatatype>
<dataTypeSize>50</dataTypeSize>
<ownDataTypeParameters>50,,</ownDataTypeParameters>
</Attribute>
<Attribute name="Matricula" id="939A6BE0-41E9-9237-F58A-089C99126304">
<createdBy>matiaszuniga</createdBy>
<createdTime>2025-08-26 00:15:58 UTC</createdTime>
<ownerDesignName>exp1_s2_FMF_MZ</ownerDesignName>
<engineerTo>
<item key="4674779E-ABF4-A7F8-B5DC-B5E9F0EBAE63" value="true"/>
</engineerTo>
<useDomainConstraints>false</useDomainConstraints>
<use>1</use>
<logicalDatatype>LOGDT024</logicalDatatype>
<dataTypeSize>12</dataTypeSize>
<ownDataTypeParameters>12,,</ownDataTypeParameters>
</Attribute>
<Attribute name="RutEmpleadoAdmin" id="1290E406-6157-EFE5-BD5B-41DE932221CD">
<createdBy>matiaszuniga</createdBy>
<createdTime>2025-08-26 00:15:58 UTC</createdTime>
<ownerDesignName>exp1_s2_FMF_MZ</ownerDesignName>
<engineerTo>
<item key="4674779E-ABF4-A7F8-B5DC-B5E9F0EBAE63" value="true"/>
</engineerTo>
<useDomainConstraints>false</useDomainConstraints>
<use>1</use>
<logicalDatatype>LOGDT024</logicalDatatype>
<dataTypeSize>13</dataTypeSize>
<ownDataTypeParameters>13,,</ownDataTypeParameters>
</Attribute>
<Attribute name="NumeroReserva" id="084B9C02-A3D2-D131-3CFF-05B91F20B88D">
<createdBy>matiaszuniga</createdBy>
<createdTime>2025-08-26 00:23:32 UTC</createdTime>
<generatorID>D6831FEF-E1BB-A907-1C18-A1806412FB50</generatorID>
<ownerDesignName>exp1_s2_FMF_MZ</ownerDesignName>
<engineerTo>
<item key="4674779E-ABF4-A7F8-B5DC-B5E9F0EBAE63" value="true"/>
</engineerTo>
<referedAttribute>55604953-DB62-1ADC-C287-958148910207</referedAttribute>
<useDomainConstraints>false</useDomainConstraints>
<use>1</use>
<logicalDatatype>LOGDT019</logicalDatatype>
<dataTypePrecision>20</dataTypePrecision>
<ownDataTypeParameters>,,</ownDataTypeParameters>
</Attribute>
<Attribute name="NroPasaporte1" id="6DC61EBB-1EAE-37EA-6F15-D59DC895B4E7">
<createdBy>matiaszuniga</createdBy>
<createdTime>2025-08-26 00:23:32 UTC</createdTime>
<generatorID>D6831FEF-E1BB-A907-1C18-A1806412FB50</generatorID>
<ownerDesignName>exp1_s2_FMF_MZ</ownerDesignName>
<engineerTo>
<item key="4674779E-ABF4-A7F8-B5DC-B5E9F0EBAE63" value="true"/>
</engineerTo>
<referedAttribute>0B5E0C07-9EEC-E993-A475-FEF49FA0A358</referedAttribute>
<useDomainConstraints>false</useDomainConstraints>
<use>1</use>
<logicalDatatype>LOGDT024</logicalDatatype>
<dataTypeSize>20</dataTypeSize>
<ownDataTypeParameters>,,</ownDataTypeParameters>
</Attribute>
<Attribute name="Matricula1" id="02C2E8E2-D085-ECA3-23CF-ACC0B4C1D6E9">
<createdBy>matiaszuniga</createdBy>
<createdTime>2025-08-26 00:27:47 UTC</createdTime>
<generatorID>692675CA-0930-5520-B5A8-0C7902CCBB4D</generatorID>
<ownerDesignName>exp1_s2_FMF_MZ</ownerDesignName>
<engineerTo>
<item key="4674779E-ABF4-A7F8-B5DC-B5E9F0EBAE63" value="true"/>
</engineerTo>
<referedAttribute>D9EF41F3-2A8C-B6A7-D44A-9734C195287F</referedAttribute>
<useDomainConstraints>false</useDomainConstraints>
<use>1</use>
<logicalDatatype>LOGDT024</logicalDatatype>
<dataTypeSize>10</dataTypeSize>
<ownDataTypeParameters>,,</ownDataTypeParameters>
</Attribute>
<Attribute name="RutPiloto" id="B6157926-38A5-6A38-9FC2-D1A97C535FBD">
<createdBy>matiaszuniga</createdBy>
<createdTime>2025-08-26 02:10:33 UTC</createdTime>
<ownerDesignName>exp1_s2_FMF_MZ</ownerDesignName>
<engineerTo>
<item key="4674779E-ABF4-A7F8-B5DC-B5E9F0EBAE63" value="true"/>
</engineerTo>
<useDomainConstraints>false</useDomainConstraints>
<use>1</use>
<logicalDatatype>LOGDT024</logicalDatatype>
<dataTypeSize>15</dataTypeSize>
<ownDataTypeParameters>15,,</ownDataTypeParameters>
</Attribute>
</attributes>
<identifiers itemClass="oracle.dbtools.crest.model.design.logical.CandidateKey">
<identifier id="955D302B-A024-7B6F-EF27-C2CE802C4BEA" name="AVION PK">
<createdBy>matiaszuniga</createdBy>
<createdTime>2025-08-26 00:15:08 UTC</createdTime>
<ownerDesignName>exp1_s2_FMF_MZ</ownerDesignName>
<engineerTo>
<item key="4674779E-ABF4-A7F8-B5DC-B5E9F0EBAE63" value="true"/>
</engineerTo>
<pk>true</pk>
<usedAttributes>
<attributeRef>537A0B3A-8542-997B-A9FA-4A65AAD35EEF</attributeRef>
<attributeRef>02C2E8E2-D085-ECA3-23CF-ACC0B4C1D6E9</attributeRef>
</usedAttributes>
</identifier>
</identifiers>
</Entity>