<?xml version = '1.0' encoding = 'UTF-8'?>
<Entity class="oracle.dbtools.crest.model.design.logical.Entity" directorySegmentName="seg_0" id="F7260C07-8337-C6C2-042A-BDD653BBB836" name="PILOTO">
<createdBy>matiaszuniga</createdBy>
<createdTime>2025-08-26 00:07:12 UTC</createdTime>
<ownerDesignName>exp1_s2_FMF_MZ</ownerDesignName>
<engineerTo>
<item key="4674779E-ABF4-A7F8-B5DC-B5E9F0EBAE63" value="true"/>
</engineerTo>
<adequatelyNormalized>NO</adequatelyNormalized>
<expectedVolumes>0</expectedVolumes>
<fwdEngineeringStrategyName>Single Table</fwdEngineeringStrategyName>
<growthPercent>0</growthPercent>
<growthType>Year</growthType>
<hierarchicalParent>B1646D7F-FA01-17DA-5A74-B75505E0869E</hierarchicalParent>
<maxVolumes>9999999</maxVolumes>
<minVolumes>0</minVolumes>
<normalForm>Third</normalForm>
<attributes itemClass="oracle.dbtools.crest.model.design.logical.Attribute">
<Attribute name="Rut" id="3C254FF3-6975-41F0-9944-04BD434E587B">
<createdBy>matiaszuniga</createdBy>
<createdTime>2025-08-26 00:07:22 UTC</createdTime>
<ownerDesignName>exp1_s2_FMF_MZ</ownerDesignName>
<engineerTo>
<item key="4674779E-ABF4-A7F8-B5DC-B5E9F0EBAE63" value="true"/>
</engineerTo>
<useDomainConstraints>false</useDomainConstraints>
<use>1</use>
<logicalDatatype>LOGDT024</logicalDatatype>
<dataTypeSize>15</dataTypeSize>
<ownDataTypeParameters>15,,</ownDataTypeParameters>
</Attribute>
<Attribute name="HorasVuelo" id="6AC73A6D-E205-53CD-1B8F-3B9E0206CC2F">
<createdBy>matiaszuniga</createdBy>
<createdTime>2025-08-26 00:07:49 UTC</createdTime>
<ownerDesignName>exp1_s2_FMF_MZ</ownerDesignName>
<engineerTo>
<item key="4674779E-ABF4-A7F8-B5DC-B5E9F0EBAE63" value="true"/>
</engineerTo>
<useDomainConstraints>false</useDomainConstraints>
<use>1</use>
<logicalDatatype>LOGDT019</logicalDatatype>
<dataTypePrecision>6</dataTypePrecision>
<ownDataTypeParameters>,6,</ownDataTypeParameters>
</Attribute>
<Attribute name="AFP" id="3C426AE6-3E9A-2054-04A7-C3CAEF3A2CEC">
<createdBy>matiaszuniga</createdBy>
<createdTime>2025-08-26 00:08:07 UTC</createdTime>
<ownerDesignName>exp1_s2_FMF_MZ</ownerDesignName>
<engineerTo>
<item key="4674779E-ABF4-A7F8-B5DC-B5E9F0EBAE63" value="true"/>
</engineerTo>
<useDomainConstraints>false</useDomainConstraints>
<use>1</use>
<logicalDatatype>LOGDT024</logicalDatatype>
<dataTypeSize>30</dataTypeSize>
<ownDataTypeParameters>30,,</ownDataTypeParameters>
</Attribute>
<Attribute name="NumeroVuelo" id="00BF69F3-E6CD-AAB1-4D64-6F558147839E">
<createdBy>matiaszuniga</createdBy>
<createdTime>2025-08-26 02:11:19 UTC</createdTime>
<generatorID>5C5DF9B5-B571-D222-94A9-1751D9D31E5A</generatorID>
<ownerDesignName>exp1_s2_FMF_MZ</ownerDesignName>
<engineerTo>
<item key="4674779E-ABF4-A7F8-B5DC-B5E9F0EBAE63" value="true"/>
</engineerTo>
<referedAttribute>537A0B3A-8542-997B-A9FA-4A65AAD35EEF</referedAttribute>
<useDomainConstraints>false</useDomainConstraints>
<use>1</use>
<logicalDatatype>LOGDT019</logicalDatatype>
<dataTypePrecision>10</dataTypePrecision>
<ownDataTypeParameters>,,</ownDataTypeParameters>
</Attribute>
<Attribute name="Matricula1" id="4DDB4AF8-93B4-44E2-14B3-BE2E32F43C51">
<createdBy>matiaszuniga</createdBy>
<createdTime>2025-08-26 02:11:19 UTC</createdTime>
<generatorID>5C5DF9B5-B571-D222-94A9-1751D9D31E5A</generatorID>
<ownerDesignName>exp1_s2_FMF_MZ</ownerDesignName>
<engineerTo>
<item key="4674779E-ABF4-A7F8-B5DC-B5E9F0EBAE63" value="true"/>
</engineerTo>
<referedAttribute>02C2E8E2-D085-ECA3-23CF-ACC0B4C1D6E9</referedAttribute>
<useDomainConstraints>false</useDomainConstraints>
<use>1</use>
<logicalDatatype>LOGDT024</logicalDatatype>
<dataTypeSize>10</dataTypeSize>
<ownDataTypeParameters>,,</ownDataTypeParameters>
</Attribute>
</attributes>
<identifiers itemClass="oracle.dbtools.crest.model.design.logical.CandidateKey">
<identifier id="DD50DE85-D7A7-DEC2-F197-F642F51422F9" name="PILOTO PK">
<createdBy>matiaszuniga</createdBy>
<createdTime>2025-08-26 00:07:47 UTC</createdTime>
<ownerDesignName>exp1_s2_FMF_MZ</ownerDesignName>
<engineerTo>
<item key="4674779E-ABF4-A7F8-B5DC-B5E9F0EBAE63" value="true"/>
</engineerTo>
<pk>true</pk>
<usedAttributes>
<attributeRef>3C254FF3-6975-41F0-9944-04BD434E587B</attributeRef>
</usedAttributes>
</identifier>
</identifiers>
</Entity>