<?xml version = '1.0' encoding = 'UTF-8'?>
<Diagram class="oracle.dbtools.crest.swingui.logical.DPVLogical" name="Logical" id="6706DC10-83F1-4844-7167-3E4E81CF3CB4">
<createdBy>mzunigac</createdBy>
<modifiedBy>mzunigac</modifiedBy>
<createdTime>2025-08-18 13:56:56 UTC</createdTime>
<autoRoute>false</autoRoute>
<boxInbox>true</boxInbox>
<showLegend>false</showLegend>
<showLabels>false</showLabels>
<showRelAttributes>false</showRelAttributes>
<gridEnabled>false</gridEnabled>
<showGrid>false</showGrid>
<diagramColor>-3355393</diagramColor>
<display>false</display>
<notation>1</notation>
<objectViews>
<OView class="oracle.dbtools.crest.swingui.logical.TVEntity" oid="30ECD8C9-0DBD-1667-89FE-281C2FF34F31" otype="Entity" vid="28503592-6299-8E53-6E41-A0F764F08623">
<hideElementsInCurrentOnly>false</hideElementsInCurrentOnly>
<bounds x="165" y="213" width="151" height="120"/>
</OView>
<OView class="oracle.dbtools.crest.swingui.logical.TVEntity" oid="57AC2612-A893-2923-E9C3-3B8E45CCFA28" otype="Entity" vid="AA43F6DC-F54E-9B44-69CF-80BE0B56CFCD">
<hideElementsInCurrentOnly>false</hideElementsInCurrentOnly>
<bounds x="321" y="119" width="177" height="80"/>
</OView>
<OView class="oracle.dbtools.crest.swingui.logical.TVEntity" oid="9048BE94-CD18-FF4E-0107-6720643F93E7" otype="Entity" vid="D48C553B-9249-7EB4-5203-6D3CDFD9B5E3">
<hideElementsInCurrentOnly>false</hideElementsInCurrentOnly>
<bounds x="320" y="209" width="161" height="123"/>
</OView>
<OView class="oracle.dbtools.crest.swingui.logical.TVEntity" oid="EA7A5C86-8AB0-A22B-EFF5-B84FD11F1F82" otype="Entity" vid="21061B79-8946-6B91-6683-BB84CB7C7237">
<hideElementsInCurrentOnly>false</hideElementsInCurrentOnly>
<bounds x="145" y="75" width="170" height="127"/>
</OView>
</objectViews>
</Diagram>