<?xml version = '1.0' encoding = 'UTF-8'?>
<FKIndexAssociation class="oracle.dbtools.crest.model.design.relational.FKIndexAssociation" directorySegmentName="seg_0" id="0C783F8D-18DC-F74A-2056-27A8CFDE5987" containerWithKeyObject="44887D6D-B405-F0F4-7259-6F818DDE34F8" localFKIndex="8BDFA3A6-5BFE-38EA-CC41-67066516A529" name="FK_EMP_SALUD">
<sourceConnName>S9</sourceConnName>
<sourceObjSchema>PRY2204_S9</sourceObjSchema>
<sourceObjName>FK_EMP_SALUD</sourceObjName>
<createdBy>matiaszuniga</createdBy>
<createdTime>2025-10-12 22:51:37 UTC</createdTime>
<ownerDesignName>EFT_S9_Matias_Zuñiga</ownerDesignName>
<referredTableLongName>PRY2204_S9.SISTEMA_SALUD</referredTableLongName>
<deleteRule>NO ACTION</deleteRule>
<referredTableID>AA9E97C0-567D-A822-4D8F-BF3ADCDEFFCB</referredTableID>
<keyObject>CE1CB28B-4E30-848C-10A8-750292D93FC5</keyObject>
<referredKeyID>CE1CB28B-4E30-848C-10A8-750292D93FC5</referredKeyID>
<mandatory>true</mandatory>
<refColNames>ID_SALUD</refColNames>
<transferable>true</transferable>
<rely>false</rely>
<columnDependencyConstraintGenerateInDDL>true</columnDependencyConstraintGenerateInDDL>
</FKIndexAssociation>