<?xml version = '1.0' encoding = 'UTF-8'?>
<FKIndexAssociation class="oracle.dbtools.crest.model.design.relational.FKIndexAssociation" directorySegmentName="seg_0" id="1098DAA2-9727-3CDD-9604-E30CE44AB0D9" containerWithKeyObject="4AAC0A71-B307-23D4-D6D9-628FF8322BC6" localFKIndex="58CE481F-F00E-4998-6AFF-2049AB712BCD" name="FK_ORD_MAQ">
<sourceConnName>S9</sourceConnName>
<sourceObjSchema>PRY2204_S9</sourceObjSchema>
<sourceObjName>FK_ORD_MAQ</sourceObjName>
<createdBy>matiaszuniga</createdBy>
<createdTime>2025-10-12 22:51:37 UTC</createdTime>
<ownerDesignName>EFT_S9_Matias_Zuñiga</ownerDesignName>
<referredTableLongName>PRY2204_S9.MAQUINA</referredTableLongName>
<deleteRule>NO ACTION</deleteRule>
<referredTableID>29CFBCAF-F40D-2C68-F382-82E57DBBF832</referredTableID>
<keyObject>60FCDC45-5D96-4131-799D-4DEFF731EB6F</keyObject>
<referredKeyID>60FCDC45-5D96-4131-799D-4DEFF731EB6F</referredKeyID>
<mandatory>true</mandatory>
<refColNames>ID_MAQUINA</refColNames>
<transferable>true</transferable>
<rely>false</rely>
<columnDependencyConstraintGenerateInDDL>true</columnDependencyConstraintGenerateInDDL>
</FKIndexAssociation>