<?xml version = '1.0' encoding = 'UTF-8'?>
<FKIndexAssociation class="oracle.dbtools.crest.model.design.relational.FKIndexAssociation" directorySegmentName="seg_0" id="25413F9D-2CD6-1D98-32CD-14DDF6045F3C" containerWithKeyObject="8E00A9DE-E44E-3DD8-CE96-BF85022058BC" localFKIndex="E1C19BE4-828D-CC58-14AB-235CAE3BEB4A" name="FK_ASIG_MAQ">
<sourceConnName>S9</sourceConnName>
<sourceObjSchema>PRY2204_S9</sourceObjSchema>
<sourceObjName>FK_ASIG_MAQ</sourceObjName>
<createdBy>matiaszuniga</createdBy>
<createdTime>2025-10-12 22:51:37 UTC</createdTime>
<ownerDesignName>EFT_S9_Matias_Zuñiga</ownerDesignName>
<referredTableLongName>PRY2204_S9.MAQUINA</referredTableLongName>
<deleteRule>NO ACTION</deleteRule>
<referredTableID>29CFBCAF-F40D-2C68-F382-82E57DBBF832</referredTableID>
<keyObject>60FCDC45-5D96-4131-799D-4DEFF731EB6F</keyObject>
<referredKeyID>60FCDC45-5D96-4131-799D-4DEFF731EB6F</referredKeyID>
<mandatory>true</mandatory>
<refColNames>ID_MAQUINA</refColNames>
<transferable>true</transferable>
<rely>false</rely>
<columnDependencyConstraintGenerateInDDL>true</columnDependencyConstraintGenerateInDDL>
</FKIndexAssociation>