<?xml version = '1.0' encoding = 'UTF-8'?>
<FKIndexAssociation class="oracle.dbtools.crest.model.design.relational.FKIndexAssociation" directorySegmentName="seg_0" id="2A7B9868-AB25-A6D3-E996-A6A8EB835AF1" containerWithKeyObject="29CFBCAF-F40D-2C68-F382-82E57DBBF832" localFKIndex="E7E416A4-4758-BA25-597D-302B07A9A92E" name="FK_MAQUINA_TIPO">
<sourceConnName>S9</sourceConnName>
<sourceObjSchema>PRY2204_S9</sourceObjSchema>
<sourceObjName>FK_MAQUINA_TIPO</sourceObjName>
<createdBy>matiaszuniga</createdBy>
<createdTime>2025-10-12 22:51:37 UTC</createdTime>
<ownerDesignName>EFT_S9_Matias_Zuñiga</ownerDesignName>
<referredTableLongName>PRY2204_S9.TIPO_MAQUINA</referredTableLongName>
<deleteRule>NO ACTION</deleteRule>
<referredTableID>A738403B-E608-FD2C-A710-1DB80EFE41DA</referredTableID>
<keyObject>CBFD56BA-BD5A-FEBC-8329-FD3903CA69CE</keyObject>
<referredKeyID>CBFD56BA-BD5A-FEBC-8329-FD3903CA69CE</referredKeyID>
<mandatory>true</mandatory>
<refColNames>ID_TIPO</refColNames>
<transferable>true</transferable>
<rely>false</rely>
<columnDependencyConstraintGenerateInDDL>true</columnDependencyConstraintGenerateInDDL>
</FKIndexAssociation>