<?xml version = '1.0' encoding = 'UTF-8'?>
<FKIndexAssociation class="oracle.dbtools.crest.model.design.relational.FKIndexAssociation" directorySegmentName="seg_0" id="3B94EB77-A901-0C21-99C0-621973EAEB1D" containerWithKeyObject="CA7887FA-A6AF-140B-7692-7803DC07302A" localFKIndex="A59B0409-FE18-B94C-F62A-B24A0172D5A8" name="FK_PLANTA_COMUNA">
<sourceConnName>S9</sourceConnName>
<sourceObjSchema>PRY2204_S9</sourceObjSchema>
<sourceObjName>FK_PLANTA_COMUNA</sourceObjName>
<createdBy>matiaszuniga</createdBy>
<createdTime>2025-10-12 22:51:37 UTC</createdTime>
<ownerDesignName>EFT_S9_Matias_Zuñiga</ownerDesignName>
<referredTableLongName>PRY2204_S9.COMUNA</referredTableLongName>
<deleteRule>NO ACTION</deleteRule>
<referredTableID>6BE3BFB5-1179-0CC7-D581-B846C489C3CB</referredTableID>
<keyObject>6520D348-C54B-A9F8-D49D-6ECA6F547AE9</keyObject>
<referredKeyID>6520D348-C54B-A9F8-D49D-6ECA6F547AE9</referredKeyID>
<mandatory>true</mandatory>
<refColNames>ID_COMUNA</refColNames>
<transferable>true</transferable>
<rely>false</rely>
<columnDependencyConstraintGenerateInDDL>true</columnDependencyConstraintGenerateInDDL>
</FKIndexAssociation>