<?xml version = '1.0' encoding = 'UTF-8'?>
<FKIndexAssociation class="oracle.dbtools.crest.model.design.relational.FKIndexAssociation" directorySegmentName="seg_0" id="53DE1A02-A73E-22BA-5472-7C8D7B0F2922" containerWithKeyObject="4AAC0A71-B307-23D4-D6D9-628FF8322BC6" localFKIndex="ED2BC583-ADD9-DEA5-824A-C497FAAD76F5" name="FK_ORD_TEC">
<sourceConnName>S9</sourceConnName>
<sourceObjSchema>PRY2204_S9</sourceObjSchema>
<sourceObjName>FK_ORD_TEC</sourceObjName>
<createdBy>matiaszuniga</createdBy>
<createdTime>2025-10-12 22:51:37 UTC</createdTime>
<ownerDesignName>EFT_S9_Matias_Zuñiga</ownerDesignName>
<referredTableLongName>PRY2204_S9.EMPLEADO</referredTableLongName>
<deleteRule>NO ACTION</deleteRule>
<referredTableID>44887D6D-B405-F0F4-7259-6F818DDE34F8</referredTableID>
<keyObject>D80C6895-A02A-2B09-D360-00BA6D7C49DC</keyObject>
<referredKeyID>D80C6895-A02A-2B09-D360-00BA6D7C49DC</referredKeyID>
<mandatory>true</mandatory>
<refColNames>ID_EMPLEADO</refColNames>
<transferable>true</transferable>
<rely>false</rely>
<columnDependencyConstraintGenerateInDDL>true</columnDependencyConstraintGenerateInDDL>
</FKIndexAssociation>