<?xml version = '1.0' encoding = 'UTF-8'?>
<FKIndexAssociation class="oracle.dbtools.crest.model.design.relational.FKIndexAssociation" directorySegmentName="seg_0" id="5EB787D9-B04E-8A7B-ABE6-CD41C5F4C8CA" containerWithKeyObject="6BE3BFB5-1179-0CC7-D581-B846C489C3CB" localFKIndex="6720A980-C737-C171-017B-34A4772500E9" name="FK_COMUNA_REGION">
<sourceConnName>S9</sourceConnName>
<sourceObjSchema>PRY2204_S9</sourceObjSchema>
<sourceObjName>FK_COMUNA_REGION</sourceObjName>
<createdBy>matiaszuniga</createdBy>
<createdTime>2025-10-12 22:51:37 UTC</createdTime>
<ownerDesignName>EFT_S9_Matias_Zuñiga</ownerDesignName>
<referredTableLongName>PRY2204_S9.REGION</referredTableLongName>
<deleteRule>NO ACTION</deleteRule>
<referredTableID>1F917DA5-FF25-2FC2-811C-0A4614867A8C</referredTableID>
<keyObject>FC741A11-7A37-FBA9-8964-F91D7551125D</keyObject>
<referredKeyID>FC741A11-7A37-FBA9-8964-F91D7551125D</referredKeyID>
<mandatory>true</mandatory>
<refColNames>ID_REGION</refColNames>
<transferable>true</transferable>
<rely>false</rely>
<columnDependencyConstraintGenerateInDDL>true</columnDependencyConstraintGenerateInDDL>
</FKIndexAssociation>