<?xml version = '1.0' encoding = 'UTF-8'?>
<FKIndexAssociation class="oracle.dbtools.crest.model.design.relational.FKIndexAssociation" directorySegmentName="seg_0" id="6B8E6480-14CC-E0FB-8511-1742E2AA7641" containerWithKeyObject="44887D6D-B405-F0F4-7259-6F818DDE34F8" localFKIndex="D96BFD03-E71D-BAD6-5B5F-18D00726D8A0" name="FK_EMP_AFP">
<sourceConnName>S9</sourceConnName>
<sourceObjSchema>PRY2204_S9</sourceObjSchema>
<sourceObjName>FK_EMP_AFP</sourceObjName>
<createdBy>matiaszuniga</createdBy>
<createdTime>2025-10-12 22:51:37 UTC</createdTime>
<ownerDesignName>EFT_S9_Matias_Zuñiga</ownerDesignName>
<referredTableLongName>PRY2204_S9.AFP</referredTableLongName>
<deleteRule>NO ACTION</deleteRule>
<referredTableID>9E3F6850-9177-9F06-4E59-23AF48D3E48E</referredTableID>
<keyObject>999A139F-9065-E459-158F-F5E0338088BA</keyObject>
<referredKeyID>999A139F-9065-E459-158F-F5E0338088BA</referredKeyID>
<mandatory>true</mandatory>
<refColNames>ID_AFP</refColNames>
<transferable>true</transferable>
<rely>false</rely>
<columnDependencyConstraintGenerateInDDL>true</columnDependencyConstraintGenerateInDDL>
</FKIndexAssociation>