<?xml version = '1.0' encoding = 'UTF-8'?>
<FKIndexAssociation class="oracle.dbtools.crest.model.design.relational.FKIndexAssociation" directorySegmentName="seg_0" id="8D83F34D-781D-DEFD-4A1B-C9856AF3EA05" containerWithKeyObject="29CFBCAF-F40D-2C68-F382-82E57DBBF832" localFKIndex="08592A05-C941-4915-06E6-B3B753BEB7B0" name="FK_MAQUINA_PLANTA">
<sourceConnName>S9</sourceConnName>
<sourceObjSchema>PRY2204_S9</sourceObjSchema>
<sourceObjName>FK_MAQUINA_PLANTA</sourceObjName>
<createdBy>matiaszuniga</createdBy>
<createdTime>2025-10-12 22:51:37 UTC</createdTime>
<ownerDesignName>EFT_S9_Matias_Zuñiga</ownerDesignName>
<referredTableLongName>PRY2204_S9.PLANTA</referredTableLongName>
<deleteRule>NO ACTION</deleteRule>
<referredTableID>CA7887FA-A6AF-140B-7692-7803DC07302A</referredTableID>
<keyObject>6EFE1D88-C303-E984-74D1-734286279A0D</keyObject>
<referredKeyID>6EFE1D88-C303-E984-74D1-734286279A0D</referredKeyID>
<mandatory>true</mandatory>
<refColNames>ID_PLANTA</refColNames>
<transferable>true</transferable>
<rely>false</rely>
<columnDependencyConstraintGenerateInDDL>true</columnDependencyConstraintGenerateInDDL>
</FKIndexAssociation>