<?xml version = '1.0' encoding = 'UTF-8'?>
<FKIndexAssociation class="oracle.dbtools.crest.model.design.relational.FKIndexAssociation" directorySegmentName="seg_0" id="B9B880D0-20BF-8644-CD99-AA68E7E57E11" containerWithKeyObject="44887D6D-B405-F0F4-7259-6F818DDE34F8" localFKIndex="D0BA6F26-9A7C-F4AA-DC45-38AA954B957A" name="FK_EMP_PLANTA">
<sourceConnName>S9</sourceConnName>
<sourceObjSchema>PRY2204_S9</sourceObjSchema>
<sourceObjName>FK_EMP_PLANTA</sourceObjName>
<createdBy>matiaszuniga</createdBy>
<createdTime>2025-10-12 22:51:37 UTC</createdTime>
<ownerDesignName>EFT_S9_Matias_Zuñiga</ownerDesignName>
<referredTableLongName>PRY2204_S9.PLANTA</referredTableLongName>
<deleteRule>NO ACTION</deleteRule>
<referredTableID>CA7887FA-A6AF-140B-7692-7803DC07302A</referredTableID>
<keyObject>6EFE1D88-C303-E984-74D1-734286279A0D</keyObject>
<referredKeyID>6EFE1D88-C303-E984-74D1-734286279A0D</referredKeyID>
<mandatory>true</mandatory>
<refColNames>ID_PLANTA</refColNames>
<transferable>true</transferable>
<rely>false</rely>
<columnDependencyConstraintGenerateInDDL>true</columnDependencyConstraintGenerateInDDL>
</FKIndexAssociation>