<?xml version = '1.0' encoding = 'UTF-8'?>
<FKIndexAssociation class="oracle.dbtools.crest.model.design.relational.FKIndexAssociation" directorySegmentName="seg_0" id="CAD73178-2701-E27F-6822-935B5EF1D56E" containerWithKeyObject="44887D6D-B405-F0F4-7259-6F818DDE34F8" localFKIndex="8A18E65C-4976-1A7F-E9E6-8704B5E14C6B" name="FK_EMP_JEFE">
<sourceConnName>S9</sourceConnName>
<sourceObjSchema>PRY2204_S9</sourceObjSchema>
<sourceObjName>FK_EMP_JEFE</sourceObjName>
<createdBy>matiaszuniga</createdBy>
<createdTime>2025-10-12 22:51:37 UTC</createdTime>
<ownerDesignName>EFT_S9_Matias_Zuñiga</ownerDesignName>
<referredTableLongName>PRY2204_S9.EMPLEADO</referredTableLongName>
<deleteRule>NO ACTION</deleteRule>
<referredTableID>44887D6D-B405-F0F4-7259-6F818DDE34F8</referredTableID>
<keyObject>D80C6895-A02A-2B09-D360-00BA6D7C49DC</keyObject>
<referredKeyID>D80C6895-A02A-2B09-D360-00BA6D7C49DC</referredKeyID>
<mandatory>false</mandatory>
<refColNames>ID_EMPLEADO</refColNames>
<transferable>true</transferable>
<rely>false</rely>
<columnDependencyConstraintGenerateInDDL>true</columnDependencyConstraintGenerateInDDL>
</FKIndexAssociation>