<?xml version = '1.0' encoding = 'UTF-8'?>
<FKIndexAssociation class="oracle.dbtools.crest.model.design.relational.FKIndexAssociation" directorySegmentName="seg_0" id="D3C0858C-13DE-B599-7493-7250EA11ECBC" containerWithKeyObject="8E00A9DE-E44E-3DD8-CE96-BF85022058BC" localFKIndex="063A6D84-BA08-44D8-6B19-7FF3D568A383" name="FK_ASIG_TURNO">
<sourceConnName>S9</sourceConnName>
<sourceObjSchema>PRY2204_S9</sourceObjSchema>
<sourceObjName>FK_ASIG_TURNO</sourceObjName>
<createdBy>matiaszuniga</createdBy>
<createdTime>2025-10-12 22:51:37 UTC</createdTime>
<ownerDesignName>EFT_S9_Matias_Zuñiga</ownerDesignName>
<referredTableLongName>PRY2204_S9.TURNO</referredTableLongName>
<deleteRule>NO ACTION</deleteRule>
<referredTableID>64950E86-190A-0DEF-DFB2-A01B07668D43</referredTableID>
<keyObject>598E236C-1D96-0931-360F-5EF848AD3004</keyObject>
<referredKeyID>598E236C-1D96-0931-360F-5EF848AD3004</referredKeyID>
<mandatory>true</mandatory>
<refColNames>ID_TURNO</refColNames>
<transferable>true</transferable>
<rely>false</rely>
<columnDependencyConstraintGenerateInDDL>true</columnDependencyConstraintGenerateInDDL>
</FKIndexAssociation>