<?xml version = '1.0' encoding = 'UTF-8'?>
<FKIndexAssociation class="oracle.dbtools.crest.model.design.relational.FKIndexAssociation" directorySegmentName="seg_0" id="FA9411C8-36AC-9FB2-6A6A-EDA5ED243B8C" containerWithKeyObject="8E00A9DE-E44E-3DD8-CE96-BF85022058BC" localFKIndex="F00DE80E-8781-241C-45FA-9013181C8CF1" name="FK_ASIG_EMP">
<sourceConnName>S9</sourceConnName>
<sourceObjSchema>PRY2204_S9</sourceObjSchema>
<sourceObjName>FK_ASIG_EMP</sourceObjName>
<createdBy>matiaszuniga</createdBy>
<createdTime>2025-10-12 22:51:37 UTC</createdTime>
<ownerDesignName>EFT_S9_Matias_Zuñiga</ownerDesignName>
<referredTableLongName>PRY2204_S9.EMPLEADO</referredTableLongName>
<deleteRule>NO ACTION</deleteRule>
<referredTableID>44887D6D-B405-F0F4-7259-6F818DDE34F8</referredTableID>
<keyObject>D80C6895-A02A-2B09-D360-00BA6D7C49DC</keyObject>
<referredKeyID>D80C6895-A02A-2B09-D360-00BA6D7C49DC</referredKeyID>
<mandatory>true</mandatory>
<refColNames>ID_EMPLEADO</refColNames>
<transferable>true</transferable>
<rely>false</rely>
<columnDependencyConstraintGenerateInDDL>true</columnDependencyConstraintGenerateInDDL>
</FKIndexAssociation>