<?xml version = '1.0' encoding = 'UTF-8'?>
<Table class="oracle.dbtools.crest.model.design.relational.Table" directorySegmentName="seg_0" id="6287F541-ABC3-E781-F5D9-608B8D201B1C" name="CITA">
<createdBy>mzunigac</createdBy>
<createdTime>2025-09-15 01:20:51 UTC</createdTime>
<generatorID>53B7B8E4-CC69-42C4-2B0B-605881C1E8A6</generatorID>
<ownerDesignName>EXP2_S5_Matias_Zuñiga</ownerDesignName>
<allowColumnReorder>false</allowColumnReorder>
<existDependencyGenerateInDDl>true</existDependencyGenerateInDDl>
<parsed>true</parsed>
<columns itemClass="oracle.dbtools.crest.model.design.relational.Column">
<Column name="rut_paciente" id="FFC0ECB4-ED17-9009-1D34-9BA296F1FC8F">
<createdBy>mzunigac</createdBy>
<createdTime>2025-09-15 01:20:51 UTC</createdTime>
<generatorID>FB2A3DC7-C9E1-ACE9-0065-AF873E103792</generatorID>
<ownerDesignName>EXP2_S5_Matias_Zuñiga</ownerDesignName>
<useDomainConstraints>false</useDomainConstraints>
<use>1</use>
<logicalDatatype>LOGDT024</logicalDatatype>
<dataTypeSize>12</dataTypeSize>
<ownDataTypeParameters>12,,</ownDataTypeParameters>
<previousColumn>false</previousColumn>
<autoIncrementCycle>false</autoIncrementCycle>
<associations>
<colAssociation fkAssociation="09CF47F6-1D9C-EF84-AA72-7322BFB3846C" referredColumn="9AF02877-30A3-78B1-C958-830ACB9C961A"/>
</associations>
</Column>
<Column name="id_modalidad" id="1F2E5A40-3B72-EB88-898A-AA6897A358F4">
<createdBy>mzunigac</createdBy>
<createdTime>2025-09-15 01:20:51 UTC</createdTime>
<generatorID>8C3CC0EF-773F-626A-2D98-AD89E8AE6182</generatorID>
<ownerDesignName>EXP2_S5_Matias_Zuñiga</ownerDesignName>
<useDomainConstraints>false</useDomainConstraints>
<use>1</use>
<logicalDatatype>LOGDT019</logicalDatatype>
<ownDataTypeParameters>,,</ownDataTypeParameters>
<previousColumn>false</previousColumn>
<autoIncrementCycle>false</autoIncrementCycle>
<associations>
<colAssociation fkAssociation="1BF5E497-5A03-BAB7-B98C-9A881780D857" referredColumn="FBD05FF3-04FA-532E-B6BA-20A2CAADBEFB"/>
</associations>
</Column>
<Column name="id_cita" id="23FF1BC9-3479-89C4-2DD0-9E2C2BA31F19">
<createdBy>mzunigac</createdBy>
<createdTime>2025-09-15 01:20:51 UTC</createdTime>
<generatorID>93D0FBB7-0653-0BF2-2C49-5647C7C114C2</generatorID>
<ownerDesignName>EXP2_S5_Matias_Zuñiga</ownerDesignName>
<useDomainConstraints>false</useDomainConstraints>
<use>1</use>
<logicalDatatype>LOGDT019</logicalDatatype>
<ownDataTypeParameters>,,</ownDataTypeParameters>
<autoIncrementCycle>false</autoIncrementCycle>
</Column>
<Column name="fecha_cita" id="7B3FDF45-3F97-1684-9E0D-40B876F0B94B">
<createdBy>mzunigac</createdBy>
<createdTime>2025-09-15 01:20:51 UTC</createdTime>
<generatorID>9A0320A4-69A2-5752-342E-6064AE3F42A3</generatorID>
<ownerDesignName>EXP2_S5_Matias_Zuñiga</ownerDesignName>
<useDomainConstraints>false</useDomainConstraints>
<use>1</use>
<logicalDatatype>LOGDT007</logicalDatatype>
<ownDataTypeParameters>,,</ownDataTypeParameters>
<autoIncrementCycle>false</autoIncrementCycle>
</Column>
<Column name="hora_cita" id="DD0FECE0-A8F0-0195-8606-3D87DDE3A5A4">
<createdBy>mzunigac</createdBy>
<createdTime>2025-09-15 01:20:51 UTC</createdTime>
<generatorID>DDC16405-861F-993E-A1BB-FDE3BC372904</generatorID>
<ownerDesignName>EXP2_S5_Matias_Zuñiga</ownerDesignName>
<useDomainConstraints>false</useDomainConstraints>
<use>1</use>
<logicalDatatype>LOGDT024</logicalDatatype>
<dataTypeSize>5</dataTypeSize>
<ownDataTypeParameters>5,,</ownDataTypeParameters>
<autoIncrementCycle>false</autoIncrementCycle>
</Column>
<Column name="estado_cita" id="BAA92EFE-6296-D003-DC81-05E01C96EE95">
<createdBy>mzunigac</createdBy>
<createdTime>2025-09-15 01:20:51 UTC</createdTime>
<generatorID>2887B01B-DEAE-426F-1C06-91849526D6A7</generatorID>
<ownerDesignName>EXP2_S5_Matias_Zuñiga</ownerDesignName>
<useDomainConstraints>false</useDomainConstraints>
<use>1</use>
<logicalDatatype>LOGDT024</logicalDatatype>
<dataTypeSize>20</dataTypeSize>
<ownDataTypeParameters>20,,</ownDataTypeParameters>
<autoIncrementCycle>false</autoIncrementCycle>
</Column>
<Column name="id_tipo_atencion" id="F1B53E84-E6CD-94A3-E665-98679927B974">
<createdBy>mzunigac</createdBy>
<createdTime>2025-09-15 01:20:51 UTC</createdTime>
<generatorID>D6B2A811-73E1-BCD3-E5F6-60F29B33A33E</generatorID>
<ownerDesignName>EXP2_S5_Matias_Zuñiga</ownerDesignName>
<useDomainConstraints>false</useDomainConstraints>
<use>1</use>
<logicalDatatype>LOGDT019</logicalDatatype>
<ownDataTypeParameters>,,</ownDataTypeParameters>
<previousColumn>false</previousColumn>
<autoIncrementCycle>false</autoIncrementCycle>
<associations>
<colAssociation fkAssociation="DC285329-BE16-3491-41F4-3E58D5C6E33D" referredColumn="F532D758-F424-ED69-DFD5-03CBD9987211"/>
</associations>
</Column>
<Column name="id_especialidad" id="5726496E-5553-5E7C-0081-480F90FB55AA">
<createdBy>mzunigac</createdBy>
<createdTime>2025-09-15 01:20:51 UTC</createdTime>
<generatorID>2C4886BE-22EA-9BAB-B111-10DFD74DCAE1</generatorID>
<ownerDesignName>EXP2_S5_Matias_Zuñiga</ownerDesignName>
<useDomainConstraints>false</useDomainConstraints>
<use>1</use>
<logicalDatatype>LOGDT019</logicalDatatype>
<ownDataTypeParameters>,,</ownDataTypeParameters>
<previousColumn>false</previousColumn>
<autoIncrementCycle>false</autoIncrementCycle>
<associations>
<colAssociation fkAssociation="802606C3-50B4-DE16-EC42-DBE9E0AA483C" referredColumn="7F95FBF0-BBBD-A104-65C6-85F02C850022"/>
</associations>
</Column>
</columns>
<indexes itemClass="oracle.dbtools.crest.model.design.relational.Index">
<ind_PK_UK id="00C5D6E3-CF7A-A7C9-41AD-8311E7357ED8" name="CITA_PK">
<createdBy>mzunigac</createdBy>
<createdTime>2025-09-15 01:20:51 UTC</createdTime>
<generatorID>A4E741AE-2B70-8B63-0354-2F4D2DA48BBB</generatorID>
<ownerDesignName>EXP2_S5_Matias_Zuñiga</ownerDesignName>
<pk>true</pk>
<indexState>Primary Constraint</indexState>
<isSurrogateKey>false</isSurrogateKey>
<indexColumnUsage>
<colUsage columnID="23FF1BC9-3479-89C4-2DD0-9E2C2BA31F19"/>
</indexColumnUsage>
</ind_PK_UK>
<ind_PK_UK id="7CBA183A-9A1D-1C29-00CE-E4AF14C26E08" name="CITA_TIPO_ATENCION_FK">
<createdBy>mzunigac</createdBy>
<createdTime>2025-09-15 01:20:52 UTC</createdTime>
<generatorID>273A0BF3-041E-EEE2-9C59-0E57D23DC430</generatorID>
<ownerDesignName>EXP2_S5_Matias_Zuñiga</ownerDesignName>
<indexState>Foreign Key</indexState>
<isSurrogateKey>false</isSurrogateKey>
<indexColumnUsage>
<colUsage columnID="F1B53E84-E6CD-94A3-E665-98679927B974"/>
</indexColumnUsage>
</ind_PK_UK>
<ind_PK_UK id="F47FA580-CA61-6670-26ED-2A83832A55B3" name="CITA_MODALIDAD_FK">
<createdBy>mzunigac</createdBy>
<createdTime>2025-09-15 01:20:52 UTC</createdTime>
<generatorID>E170A9A6-B527-1A1D-63D3-F7A0FA7BC645</generatorID>
<ownerDesignName>EXP2_S5_Matias_Zuñiga</ownerDesignName>
<indexState>Foreign Key</indexState>
<isSurrogateKey>false</isSurrogateKey>
<indexColumnUsage>
<colUsage columnID="1F2E5A40-3B72-EB88-898A-AA6897A358F4"/>
</indexColumnUsage>
</ind_PK_UK>
<ind_PK_UK id="74B83DEB-344C-EE96-4842-0FA51FBE8665" name="CITA_PACIENTE_FK">
<createdBy>mzunigac</createdBy>
<createdTime>2025-09-15 01:20:52 UTC</createdTime>
<generatorID>269029EE-85B4-9C07-C078-D7D87046DD93</generatorID>
<ownerDesignName>EXP2_S5_Matias_Zuñiga</ownerDesignName>
<indexState>Foreign Key</indexState>
<isSurrogateKey>false</isSurrogateKey>
<indexColumnUsage>
<colUsage columnID="FFC0ECB4-ED17-9009-1D34-9BA296F1FC8F"/>
</indexColumnUsage>
</ind_PK_UK>
<ind_PK_UK id="86BC53C4-4549-9230-C52D-11DC0B97AA4F" name="CITA_ESPECIALIDAD_FK">
<createdBy>mzunigac</createdBy>
<createdTime>2025-09-15 01:20:52 UTC</createdTime>
<generatorID>050E2E1A-EC0F-C6E9-5D08-ECD8593566EA</generatorID>
<ownerDesignName>EXP2_S5_Matias_Zuñiga</ownerDesignName>
<indexState>Foreign Key</indexState>
<isSurrogateKey>false</isSurrogateKey>
<indexColumnUsage>
<colUsage columnID="5726496E-5553-5E7C-0081-480F90FB55AA"/>
</indexColumnUsage>
</ind_PK_UK>
</indexes>
</Table>