<?xml version = '1.0' encoding = 'UTF-8'?>
<Table class="oracle.dbtools.crest.model.design.relational.Table" directorySegmentName="seg_0" id="6A0B3B47-6174-2908-20D6-1F198E84C6C3" name="DERIVACION">
<createdBy>mzunigac</createdBy>
<createdTime>2025-09-15 01:20:51 UTC</createdTime>
<generatorID>195E2CE0-6784-6A76-2F75-6F42B921DFA0</generatorID>
<ownerDesignName>EXP2_S5_Matias_Zuñiga</ownerDesignName>
<allowColumnReorder>false</allowColumnReorder>
<existDependencyGenerateInDDl>true</existDependencyGenerateInDDl>
<parsed>true</parsed>
<columns itemClass="oracle.dbtools.crest.model.design.relational.Column">
<Column name="id_especialidad" id="D9608305-75B7-7507-0515-1FC83FB2E19A">
<createdBy>mzunigac</createdBy>
<createdTime>2025-09-15 01:20:51 UTC</createdTime>
<generatorID>DF37902D-DF7F-4383-81B0-6649295F3026</generatorID>
<ownerDesignName>EXP2_S5_Matias_Zuñiga</ownerDesignName>
<useDomainConstraints>false</useDomainConstraints>
<use>1</use>
<logicalDatatype>LOGDT019</logicalDatatype>
<ownDataTypeParameters>,,</ownDataTypeParameters>
<previousColumn>false</previousColumn>
<autoIncrementCycle>false</autoIncrementCycle>
<associations>
<colAssociation fkAssociation="E9B2D04D-1A49-7C68-44C6-F3FD2602AAA3" referredColumn="7F95FBF0-BBBD-A104-65C6-85F02C850022"/>
</associations>
</Column>
<Column name="id_derivacion" id="61802368-1790-6157-7611-16DE3761353C">
<createdBy>mzunigac</createdBy>
<createdTime>2025-09-15 01:20:51 UTC</createdTime>
<generatorID>046271EC-324D-A787-5588-1526C13C7865</generatorID>
<ownerDesignName>EXP2_S5_Matias_Zuñiga</ownerDesignName>
<useDomainConstraints>false</useDomainConstraints>
<use>1</use>
<logicalDatatype>LOGDT019</logicalDatatype>
<ownDataTypeParameters>,,</ownDataTypeParameters>
<autoIncrementCycle>false</autoIncrementCycle>
</Column>
<Column name="motivo" id="E57C5543-3A7F-38E1-0DA1-62C500E82054">
<createdBy>mzunigac</createdBy>
<createdTime>2025-09-15 01:20:51 UTC</createdTime>
<generatorID>767A67C3-46F8-FF92-3874-85F76D3EE8A3</generatorID>
<ownerDesignName>EXP2_S5_Matias_Zuñiga</ownerDesignName>
<useDomainConstraints>false</useDomainConstraints>
<use>1</use>
<logicalDatatype>LOGDT024</logicalDatatype>
<dataTypeSize>400</dataTypeSize>
<ownDataTypeParameters>400,,</ownDataTypeParameters>
<autoIncrementCycle>false</autoIncrementCycle>
</Column>
<Column name="fecha" id="CC4DAFA1-031E-1BC9-AE31-5D77209FB33F">
<createdBy>mzunigac</createdBy>
<createdTime>2025-09-15 01:20:51 UTC</createdTime>
<generatorID>8D1385EB-5BFE-C11C-2F1E-828BA0051744</generatorID>
<ownerDesignName>EXP2_S5_Matias_Zuñiga</ownerDesignName>
<useDomainConstraints>false</useDomainConstraints>
<use>1</use>
<logicalDatatype>LOGDT007</logicalDatatype>
<ownDataTypeParameters>,,</ownDataTypeParameters>
<autoIncrementCycle>false</autoIncrementCycle>
</Column>
<Column name="rut_medico" id="8319E22F-D4E6-0B3D-84BB-86ACD2D5F973">
<createdBy>mzunigac</createdBy>
<createdTime>2025-09-15 01:20:51 UTC</createdTime>
<generatorID>028BD510-B6B0-1BCF-D257-F7AC83CDE54B</generatorID>
<ownerDesignName>EXP2_S5_Matias_Zuñiga</ownerDesignName>
<useDomainConstraints>false</useDomainConstraints>
<use>1</use>
<logicalDatatype>LOGDT024</logicalDatatype>
<dataTypeSize>12</dataTypeSize>
<ownDataTypeParameters>12,,</ownDataTypeParameters>
<previousColumn>false</previousColumn>
<autoIncrementCycle>false</autoIncrementCycle>
<associations>
<colAssociation fkAssociation="A60128A5-C334-214C-D6E7-A6F5C0346350" referredColumn="3F91562E-5F47-5D67-2272-11ECA27DC604"/>
</associations>
</Column>
<Column name="id_atencion" id="09262173-90B7-5125-0C55-26F0CC324B81">
<createdBy>mzunigac</createdBy>
<createdTime>2025-09-15 01:20:51 UTC</createdTime>
<generatorID>91020AB7-255D-93D2-09F9-700D4E2C1D8B</generatorID>
<ownerDesignName>EXP2_S5_Matias_Zuñiga</ownerDesignName>
<useDomainConstraints>false</useDomainConstraints>
<use>1</use>
<logicalDatatype>LOGDT019</logicalDatatype>
<ownDataTypeParameters>,,</ownDataTypeParameters>
<previousColumn>false</previousColumn>
<autoIncrementCycle>false</autoIncrementCycle>
<associations>
<colAssociation fkAssociation="C657C678-064C-D379-5E91-BDE73D13F83B" referredColumn="C1577D4C-9C65-ADDB-6FB0-E426568A475D"/>
</associations>
</Column>
</columns>
<indexes itemClass="oracle.dbtools.crest.model.design.relational.Index">
<ind_PK_UK id="C574C939-C563-04EF-EAC5-2FC77C71400B" name="DERIVACION_PK">
<createdBy>mzunigac</createdBy>
<createdTime>2025-09-15 01:20:51 UTC</createdTime>
<generatorID>F00CF69B-36ED-95A6-4F68-E59A6067E0F6</generatorID>
<ownerDesignName>EXP2_S5_Matias_Zuñiga</ownerDesignName>
<pk>true</pk>
<indexState>Primary Constraint</indexState>
<isSurrogateKey>false</isSurrogateKey>
<indexColumnUsage>
<colUsage columnID="61802368-1790-6157-7611-16DE3761353C"/>
</indexColumnUsage>
</ind_PK_UK>
<ind_PK_UK id="6C9A6537-323B-1A60-8F37-47AC6B43A07E" name="DERIVACION_ATENCION_FK">
<createdBy>mzunigac</createdBy>
<createdTime>2025-09-15 01:20:52 UTC</createdTime>
<generatorID>E2B727E7-1D51-32B7-993E-9636B65573AF</generatorID>
<ownerDesignName>EXP2_S5_Matias_Zuñiga</ownerDesignName>
<indexState>Foreign Key</indexState>
<isSurrogateKey>false</isSurrogateKey>
<indexColumnUsage>
<colUsage columnID="09262173-90B7-5125-0C55-26F0CC324B81"/>
</indexColumnUsage>
</ind_PK_UK>
<ind_PK_UK id="41A4270E-6E21-8009-A237-608C3B4BE1A8" name="DERIVACION_MEDICO_FK">
<createdBy>mzunigac</createdBy>
<createdTime>2025-09-15 01:20:52 UTC</createdTime>
<generatorID>18DE87D5-72DB-356C-A1E1-F1BF8F0533FC</generatorID>
<ownerDesignName>EXP2_S5_Matias_Zuñiga</ownerDesignName>
<indexState>Foreign Key</indexState>
<isSurrogateKey>false</isSurrogateKey>
<indexColumnUsage>
<colUsage columnID="8319E22F-D4E6-0B3D-84BB-86ACD2D5F973"/>
</indexColumnUsage>
</ind_PK_UK>
<ind_PK_UK id="BEA59ECD-E993-4DA1-526B-AE22AFAE99BD" name="DERIVACION_ESPECIALIDAD_FK">
<createdBy>mzunigac</createdBy>
<createdTime>2025-09-15 01:20:52 UTC</createdTime>
<generatorID>C39E816F-D939-036E-06D0-43E8FB891C42</generatorID>
<ownerDesignName>EXP2_S5_Matias_Zuñiga</ownerDesignName>
<indexState>Foreign Key</indexState>
<isSurrogateKey>false</isSurrogateKey>
<indexColumnUsage>
<colUsage columnID="D9608305-75B7-7507-0515-1FC83FB2E19A"/>
</indexColumnUsage>
</ind_PK_UK>
</indexes>
</Table>