<?xml version = '1.0' encoding = 'UTF-8'?>
<Table class="oracle.dbtools.crest.model.design.relational.Table" directorySegmentName="seg_0" id="7D3DED03-CEA4-F660-BAF4-6C266D4B547B" name="UNIDAD">
<createdBy>mzunigac</createdBy>
<createdTime>2025-09-15 01:20:51 UTC</createdTime>
<generatorID>F8A8AF7F-A444-7244-0585-510309BC795D</generatorID>
<ownerDesignName>EXP2_S5_Matias_Zuñiga</ownerDesignName>
<allowColumnReorder>false</allowColumnReorder>
<existDependencyGenerateInDDl>true</existDependencyGenerateInDDl>
<parsed>true</parsed>
<columns itemClass="oracle.dbtools.crest.model.design.relational.Column">
<Column name="id_unidad" id="D3FF3F93-F7C6-E50A-DB26-F61F4EF101DA">
<createdBy>mzunigac</createdBy>
<createdTime>2025-09-15 01:20:51 UTC</createdTime>
<generatorID>8C1D9868-3204-0B60-CE18-BA446C9068A8</generatorID>
<ownerDesignName>EXP2_S5_Matias_Zuñiga</ownerDesignName>
<useDomainConstraints>false</useDomainConstraints>
<use>1</use>
<logicalDatatype>LOGDT019</logicalDatatype>
<ownDataTypeParameters>,,</ownDataTypeParameters>
<autoIncrementCycle>false</autoIncrementCycle>
</Column>
<Column name="nombre_unidad" id="B8D839CE-1003-FDF5-4046-F0CA3028EF88">
<createdBy>mzunigac</createdBy>
<createdTime>2025-09-15 01:20:51 UTC</createdTime>
<generatorID>CC58146A-42AD-CA53-2AD2-B936DE49B880</generatorID>
<ownerDesignName>EXP2_S5_Matias_Zuñiga</ownerDesignName>
<useDomainConstraints>false</useDomainConstraints>
<use>1</use>
<logicalDatatype>LOGDT024</logicalDatatype>
<dataTypeSize>100</dataTypeSize>
<ownDataTypeParameters>100,,</ownDataTypeParameters>
<autoIncrementCycle>false</autoIncrementCycle>
</Column>
<Column name="descripcion" id="915D626C-669E-37A9-74DC-F72A030B3350">
<createdBy>mzunigac</createdBy>
<createdTime>2025-09-15 01:20:51 UTC</createdTime>
<generatorID>716CA164-FD2E-47E4-9BC1-21402BBE1B3D</generatorID>
<ownerDesignName>EXP2_S5_Matias_Zuñiga</ownerDesignName>
<nullsAllowed>true</nullsAllowed>
<useDomainConstraints>false</useDomainConstraints>
<use>1</use>
<logicalDatatype>LOGDT024</logicalDatatype>
<dataTypeSize>200</dataTypeSize>
<ownDataTypeParameters>200,,</ownDataTypeParameters>
<autoIncrementCycle>false</autoIncrementCycle>
</Column>
</columns>
<indexes itemClass="oracle.dbtools.crest.model.design.relational.Index">
<ind_PK_UK id="E79E8E68-BAA8-8569-147B-585703576C68" name="UNIDAD_PK">
<createdBy>mzunigac</createdBy>
<createdTime>2025-09-15 01:20:51 UTC</createdTime>
<generatorID>C1A01EDC-3C00-6F69-F13B-14B8633C7B48</generatorID>
<ownerDesignName>EXP2_S5_Matias_Zuñiga</ownerDesignName>
<pk>true</pk>
<indexState>Primary Constraint</indexState>
<isSurrogateKey>false</isSurrogateKey>
<indexColumnUsage>
<colUsage columnID="D3FF3F93-F7C6-E50A-DB26-F61F4EF101DA"/>
</indexColumnUsage>
</ind_PK_UK>
</indexes>
</Table>