<?xml version = '1.0' encoding = 'UTF-8'?>
<Table class="oracle.dbtools.crest.model.design.relational.Table" directorySegmentName="seg_0" id="99320097-A04E-C636-740C-D7EFC5AB4AB3" name="EXAMEN_LAB">
<createdBy>mzunigac</createdBy>
<createdTime>2025-09-15 01:20:51 UTC</createdTime>
<generatorID>D0C553D4-04A9-8B95-EE15-4196BD59A7B6</generatorID>
<ownerDesignName>EXP2_S5_Matias_Zuñiga</ownerDesignName>
<ordsAlias>examen_laboratorio</ordsAlias>
<allowColumnReorder>false</allowColumnReorder>
<existDependencyGenerateInDDl>true</existDependencyGenerateInDDl>
<parsed>true</parsed>
<columns itemClass="oracle.dbtools.crest.model.design.relational.Column">
<Column name="id_examen" id="C629E244-AF2B-DF91-92C5-CC4492722DE9">
<createdBy>mzunigac</createdBy>
<createdTime>2025-09-15 01:20:51 UTC</createdTime>
<generatorID>B85E7AFF-1EF5-2921-8B82-654B72C3ED8F</generatorID>
<ownerDesignName>EXP2_S5_Matias_Zuñiga</ownerDesignName>
<useDomainConstraints>false</useDomainConstraints>
<use>1</use>
<logicalDatatype>LOGDT019</logicalDatatype>
<ownDataTypeParameters>,,</ownDataTypeParameters>
<previousColumn>false</previousColumn>
<autoIncrementCycle>false</autoIncrementCycle>
<associations>
<colAssociation fkAssociation="F8D1543A-AB9D-1A9A-3803-9471F8CF69D7" referredColumn="3188642F-3B1D-74FA-57D8-591FC6E4B603"/>
</associations>
</Column>
<Column name="id_solicitud" id="87249ECC-77CA-A11C-BA28-0E5959B85486">
<createdBy>mzunigac</createdBy>
<createdTime>2025-09-15 01:20:51 UTC</createdTime>
<generatorID>35F6394E-331C-1B17-E3D0-832DEE8C602A</generatorID>
<ownerDesignName>EXP2_S5_Matias_Zuñiga</ownerDesignName>
<useDomainConstraints>false</useDomainConstraints>
<use>1</use>
<logicalDatatype>LOGDT019</logicalDatatype>
<ownDataTypeParameters>,,</ownDataTypeParameters>
<previousColumn>false</previousColumn>
<autoIncrementCycle>false</autoIncrementCycle>
<associations>
<colAssociation fkAssociation="C6A6A152-2413-F772-5032-FE09D736D0FA" referredColumn="35C00F48-FE48-920C-B76E-DD2AE51B9304"/>
</associations>
</Column>
<Column name="id_examen_lab" id="197AFF94-3079-546E-6EB3-39933984B7AC">
<createdBy>mzunigac</createdBy>
<createdTime>2025-09-15 01:20:51 UTC</createdTime>
<generatorID>68269208-BCB9-ECD8-6231-97DE50251D44</generatorID>
<ownerDesignName>EXP2_S5_Matias_Zuñiga</ownerDesignName>
<useDomainConstraints>false</useDomainConstraints>
<use>1</use>
<logicalDatatype>LOGDT019</logicalDatatype>
<ownDataTypeParameters>,,</ownDataTypeParameters>
<autoIncrementCycle>false</autoIncrementCycle>
</Column>
<Column name="fecha_solicitud" id="F6836AA7-DB93-D262-59F6-85462FF7FFA4">
<createdBy>mzunigac</createdBy>
<createdTime>2025-09-15 01:20:51 UTC</createdTime>
<generatorID>D0CC40B9-C064-4E85-3B7D-FA9824490A53</generatorID>
<ownerDesignName>EXP2_S5_Matias_Zuñiga</ownerDesignName>
<useDomainConstraints>false</useDomainConstraints>
<use>1</use>
<logicalDatatype>LOGDT007</logicalDatatype>
<ownDataTypeParameters>,,</ownDataTypeParameters>
<autoIncrementCycle>false</autoIncrementCycle>
</Column>
<Column name="estado" id="F5D3A8AF-4CA3-C9D4-11B0-D1D55B22FEAD">
<createdBy>mzunigac</createdBy>
<createdTime>2025-09-15 01:20:51 UTC</createdTime>
<generatorID>061248F2-4EFD-1AF6-E31D-1E335315E008</generatorID>
<ownerDesignName>EXP2_S5_Matias_Zuñiga</ownerDesignName>
<useDomainConstraints>false</useDomainConstraints>
<use>1</use>
<logicalDatatype>LOGDT024</logicalDatatype>
<dataTypeSize>200</dataTypeSize>
<ownDataTypeParameters>200,,</ownDataTypeParameters>
<autoIncrementCycle>false</autoIncrementCycle>
</Column>
<Column name="comentarios" id="D60EC1EA-4C14-4C67-ED54-BE0641F8BA30">
<createdBy>mzunigac</createdBy>
<createdTime>2025-09-15 01:20:51 UTC</createdTime>
<generatorID>20C70C19-9165-6FA9-DAD8-D84D2B5533F2</generatorID>
<ownerDesignName>EXP2_S5_Matias_Zuñiga</ownerDesignName>
<nullsAllowed>true</nullsAllowed>
<useDomainConstraints>false</useDomainConstraints>
<use>1</use>
<logicalDatatype>LOGDT024</logicalDatatype>
<dataTypeSize>300</dataTypeSize>
<ownDataTypeParameters>300,,</ownDataTypeParameters>
<autoIncrementCycle>false</autoIncrementCycle>
</Column>
</columns>
<indexes itemClass="oracle.dbtools.crest.model.design.relational.Index">
<ind_PK_UK id="3C5384BF-02D2-02A4-E39B-DC24414B1813" name="EXAMEN_LABORATORIO_PK">
<createdBy>mzunigac</createdBy>
<createdTime>2025-09-15 01:20:51 UTC</createdTime>
<generatorID>095A269F-9447-367B-1AAA-3871D66A7892</generatorID>
<ownerDesignName>EXP2_S5_Matias_Zuñiga</ownerDesignName>
<pk>true</pk>
<indexState>Primary Constraint</indexState>
<isSurrogateKey>false</isSurrogateKey>
<indexColumnUsage>
<colUsage columnID="197AFF94-3079-546E-6EB3-39933984B7AC"/>
</indexColumnUsage>
</ind_PK_UK>
<ind_PK_UK id="F7D3C81A-8BAD-8343-5058-D26E79BBA31C" name="EXAMEN_LAB_SOLICITUD_FK">
<createdBy>mzunigac</createdBy>
<createdTime>2025-09-15 01:20:52 UTC</createdTime>
<generatorID>56167AD5-599D-8853-13D5-DFABAD49B5C6</generatorID>
<ownerDesignName>EXP2_S5_Matias_Zuñiga</ownerDesignName>
<indexState>Foreign Key</indexState>
<isSurrogateKey>false</isSurrogateKey>
<indexColumnUsage>
<colUsage columnID="87249ECC-77CA-A11C-BA28-0E5959B85486"/>
</indexColumnUsage>
</ind_PK_UK>
<ind_PK_UK id="2688C02B-CC9B-0D2A-18F4-FF3BBE60F40A" name="EXAMEN_LABORATORIO_EXAMEN_FK">
<createdBy>mzunigac</createdBy>
<createdTime>2025-09-15 01:20:52 UTC</createdTime>
<generatorID>7AF7DEC3-A81B-000A-7F96-BF3AC40DB935</generatorID>
<ownerDesignName>EXP2_S5_Matias_Zuñiga</ownerDesignName>
<indexState>Foreign Key</indexState>
<isSurrogateKey>false</isSurrogateKey>
<indexColumnUsage>
<colUsage columnID="C629E244-AF2B-DF91-92C5-CC4492722DE9"/>
</indexColumnUsage>
</ind_PK_UK>
</indexes>
</Table>