<?xml version = '1.0' encoding = 'UTF-8'?>
<Table class="oracle.dbtools.crest.model.design.relational.Table" directorySegmentName="seg_0" id="B04DB75C-DFD4-99E2-061C-166A8E8DD0BC" name="RESULTADO_EXAMEN">
<createdBy>mzunigac</createdBy>
<createdTime>2025-09-15 01:20:51 UTC</createdTime>
<generatorID>7DE23C39-52F7-D032-6066-E5107277C0EA</generatorID>
<ownerDesignName>EXP2_S5_Matias_Zuñiga</ownerDesignName>
<allowColumnReorder>false</allowColumnReorder>
<existDependencyGenerateInDDl>true</existDependencyGenerateInDDl>
<parsed>true</parsed>
<columns itemClass="oracle.dbtools.crest.model.design.relational.Column">
<Column name="id_resultado" id="C1A2A7A3-8939-98F3-0A6F-D90F59C8E077">
<createdBy>mzunigac</createdBy>
<createdTime>2025-09-15 01:20:51 UTC</createdTime>
<generatorID>067066F4-2B29-AAAE-3196-696E6F4FC17B</generatorID>
<ownerDesignName>EXP2_S5_Matias_Zuñiga</ownerDesignName>
<useDomainConstraints>false</useDomainConstraints>
<use>1</use>
<logicalDatatype>LOGDT019</logicalDatatype>
<ownDataTypeParameters>,,</ownDataTypeParameters>
<autoIncrementCycle>false</autoIncrementCycle>
</Column>
<Column name="resultado" id="CB71353E-3090-4326-F88C-D5FD3F73B51E">
<createdBy>mzunigac</createdBy>
<createdTime>2025-09-15 01:20:51 UTC</createdTime>
<generatorID>2F9954C7-7183-2258-C71C-CA8A1E088635</generatorID>
<ownerDesignName>EXP2_S5_Matias_Zuñiga</ownerDesignName>
<useDomainConstraints>false</useDomainConstraints>
<use>1</use>
<logicalDatatype>LOGDT024</logicalDatatype>
<dataTypeSize>500</dataTypeSize>
<ownDataTypeParameters>500,,</ownDataTypeParameters>
<autoIncrementCycle>false</autoIncrementCycle>
</Column>
<Column name="fecha_resultado" id="7906DEA4-941D-5211-F974-E2C84E668D0A">
<createdBy>mzunigac</createdBy>
<createdTime>2025-09-15 01:20:51 UTC</createdTime>
<generatorID>B48E9D7B-19EE-3FC0-83AE-3FBBEB9BB17E</generatorID>
<ownerDesignName>EXP2_S5_Matias_Zuñiga</ownerDesignName>
<useDomainConstraints>false</useDomainConstraints>
<use>1</use>
<logicalDatatype>LOGDT007</logicalDatatype>
<ownDataTypeParameters>,,</ownDataTypeParameters>
<autoIncrementCycle>false</autoIncrementCycle>
</Column>
<Column name="id_examen_lab" id="1EFB0184-6CA2-AE04-599A-CB88E94EB41D">
<createdBy>mzunigac</createdBy>
<createdTime>2025-09-15 01:20:51 UTC</createdTime>
<generatorID>9CD5FF1E-8BED-725E-38BB-F85387FBB055</generatorID>
<ownerDesignName>EXP2_S5_Matias_Zuñiga</ownerDesignName>
<useDomainConstraints>false</useDomainConstraints>
<use>1</use>
<logicalDatatype>LOGDT019</logicalDatatype>
<ownDataTypeParameters>,,</ownDataTypeParameters>
<previousColumn>false</previousColumn>
<autoIncrementCycle>false</autoIncrementCycle>
<associations>
<colAssociation fkAssociation="BB202F21-AF75-963D-D81A-099DBD30D940" referredColumn="197AFF94-3079-546E-6EB3-39933984B7AC"/>
</associations>
</Column>
</columns>
<indexes itemClass="oracle.dbtools.crest.model.design.relational.Index">
<ind_PK_UK id="B3D8AD20-9A73-4788-79E5-2F7D3C2C995E" name="RESULTADO_EXAMEN_PK">
<createdBy>mzunigac</createdBy>
<createdTime>2025-09-15 01:20:51 UTC</createdTime>
<generatorID>2AEF885E-7515-C2A0-80F9-6EF9FE8B6F50</generatorID>
<ownerDesignName>EXP2_S5_Matias_Zuñiga</ownerDesignName>
<pk>true</pk>
<indexState>Primary Constraint</indexState>
<isSurrogateKey>false</isSurrogateKey>
<indexColumnUsage>
<colUsage columnID="C1A2A7A3-8939-98F3-0A6F-D90F59C8E077"/>
</indexColumnUsage>
</ind_PK_UK>
<ind_PK_UK id="CAC3AFA4-C21C-EF3F-9A8F-DCCF2E16DAC2" name="RESULTADO_EXAMEN__IDX">
<createdBy>mzunigac</createdBy>
<createdTime>2025-09-15 01:20:52 UTC</createdTime>
<ownerDesignName>EXP2_S5_Matias_Zuñiga</ownerDesignName>
<indexState>Unique Plain Index</indexState>
<isSurrogateKey>false</isSurrogateKey>
<relationGeneratorID>FB44F6D9-C0AD-8751-5BA5-61FEB21EBB43</relationGeneratorID>
<indexColumnUsage>
<colUsage columnID="1EFB0184-6CA2-AE04-599A-CB88E94EB41D"/>
</indexColumnUsage>
</ind_PK_UK>
<ind_PK_UK id="57EF64A8-CC5F-35BB-F87B-5CEA95C0F999" name="RESULTADO_LAB_FK">
<createdBy>mzunigac</createdBy>
<createdTime>2025-09-15 01:20:52 UTC</createdTime>
<generatorID>FB44F6D9-C0AD-8751-5BA5-61FEB21EBB43</generatorID>
<ownerDesignName>EXP2_S5_Matias_Zuñiga</ownerDesignName>
<indexState>Foreign Key</indexState>
<isSurrogateKey>false</isSurrogateKey>
<indexColumnUsage>
<colUsage columnID="1EFB0184-6CA2-AE04-599A-CB88E94EB41D"/>
</indexColumnUsage>
</ind_PK_UK>
</indexes>
</Table>