<?xml version = '1.0' encoding = 'UTF-8'?>
<Table class="oracle.dbtools.crest.model.design.relational.Table" directorySegmentName="seg_0" id="B4131A07-5D4F-B554-66C1-A66A0FCE94F4" name="SOLICITUD_EXAMEN">
<createdBy>mzunigac</createdBy>
<createdTime>2025-09-15 01:20:51 UTC</createdTime>
<generatorID>45AB87F6-4567-386F-9D9E-AB9C5F9FE71C</generatorID>
<ownerDesignName>EXP2_S5_Matias_Zuñiga</ownerDesignName>
<allowColumnReorder>false</allowColumnReorder>
<existDependencyGenerateInDDl>true</existDependencyGenerateInDDl>
<parsed>true</parsed>
<columns itemClass="oracle.dbtools.crest.model.design.relational.Column">
<Column name="id_solicitud" id="35C00F48-FE48-920C-B76E-DD2AE51B9304">
<createdBy>mzunigac</createdBy>
<createdTime>2025-09-15 01:20:51 UTC</createdTime>
<generatorID>120C3772-97F2-97A7-70A7-BE42F1E59901</generatorID>
<ownerDesignName>EXP2_S5_Matias_Zuñiga</ownerDesignName>
<useDomainConstraints>false</useDomainConstraints>
<use>1</use>
<logicalDatatype>LOGDT019</logicalDatatype>
<ownDataTypeParameters>,,</ownDataTypeParameters>
<autoIncrementCycle>false</autoIncrementCycle>
</Column>
<Column name="MEDICO_rut_medico" id="68D9D05A-548B-8E99-8AFB-D1949ED60C2C">
<createdBy>mzunigac</createdBy>
<createdTime>2025-09-15 01:20:51 UTC</createdTime>
<generatorID>257EC0F8-4871-C4D7-8600-9588A175E004</generatorID>
<ownerDesignName>EXP2_S5_Matias_Zuñiga</ownerDesignName>
<useDomainConstraints>false</useDomainConstraints>
<use>1</use>
<logicalDatatype>LOGDT024</logicalDatatype>
<dataTypeSize>12</dataTypeSize>
<ownDataTypeParameters>12,,</ownDataTypeParameters>
<previousColumn>false</previousColumn>
<autoIncrementCycle>false</autoIncrementCycle>
<associations>
<colAssociation fkAssociation="06A6B60A-A3AF-BA7B-E969-85B519D0CAA9" referredColumn="3F91562E-5F47-5D67-2272-11ECA27DC604"/>
</associations>
</Column>
<Column name="ATENCION_id_atencion" id="9E773C06-47CD-0FD1-B1EC-6A583455420C">
<createdBy>mzunigac</createdBy>
<createdTime>2025-09-15 01:20:51 UTC</createdTime>
<generatorID>BE7E4319-900E-B26C-6789-6CA2E7AB3F7F</generatorID>
<ownerDesignName>EXP2_S5_Matias_Zuñiga</ownerDesignName>
<useDomainConstraints>false</useDomainConstraints>
<use>1</use>
<logicalDatatype>LOGDT019</logicalDatatype>
<ownDataTypeParameters>,,</ownDataTypeParameters>
<previousColumn>false</previousColumn>
<autoIncrementCycle>false</autoIncrementCycle>
<associations>
<colAssociation fkAssociation="77CD2A3D-2B47-DF38-E425-8F21D8B1D9BF" referredColumn="C1577D4C-9C65-ADDB-6FB0-E426568A475D"/>
</associations>
</Column>
</columns>
<indexes itemClass="oracle.dbtools.crest.model.design.relational.Index">
<ind_PK_UK id="EE3C28B3-8097-2F07-BA04-F92F48F52FC0" name="SOLICITUD_EXAMEN_PK">
<createdBy>mzunigac</createdBy>
<createdTime>2025-09-15 01:20:51 UTC</createdTime>
<generatorID>21B30E85-12F6-45C3-9E91-18115BA8D5EB</generatorID>
<ownerDesignName>EXP2_S5_Matias_Zuñiga</ownerDesignName>
<pk>true</pk>
<indexState>Primary Constraint</indexState>
<isSurrogateKey>false</isSurrogateKey>
<indexColumnUsage>
<colUsage columnID="35C00F48-FE48-920C-B76E-DD2AE51B9304"/>
</indexColumnUsage>
</ind_PK_UK>
<ind_PK_UK id="A46F9BA1-99FA-E126-06E7-BAFA3F5E0E52" name="SOLICITUD_EXAMEN_MEDICO_FK">
<createdBy>mzunigac</createdBy>
<createdTime>2025-09-15 01:20:52 UTC</createdTime>
<generatorID>18D50E01-7343-EF8C-062F-AF1436EE3DEF</generatorID>
<ownerDesignName>EXP2_S5_Matias_Zuñiga</ownerDesignName>
<indexState>Foreign Key</indexState>
<isSurrogateKey>false</isSurrogateKey>
<indexColumnUsage>
<colUsage columnID="68D9D05A-548B-8E99-8AFB-D1949ED60C2C"/>
</indexColumnUsage>
</ind_PK_UK>
<ind_PK_UK id="E1F25D70-6306-2865-0A93-952CCEB503C8" name="SOLICITUD_EXAMEN_ATENCION_FK">
<createdBy>mzunigac</createdBy>
<createdTime>2025-09-15 01:20:52 UTC</createdTime>
<generatorID>6BBB1ACA-5A14-529B-CBE8-761F7A3128A2</generatorID>
<ownerDesignName>EXP2_S5_Matias_Zuñiga</ownerDesignName>
<indexState>Foreign Key</indexState>
<isSurrogateKey>false</isSurrogateKey>
<indexColumnUsage>
<colUsage columnID="9E773C06-47CD-0FD1-B1EC-6A583455420C"/>
</indexColumnUsage>
</ind_PK_UK>
</indexes>
</Table>