<?xml version = '1.0' encoding = 'UTF-8'?>
<Table class="oracle.dbtools.crest.model.design.relational.Table" directorySegmentName="seg_0" id="B45C37E5-74D8-01AE-A9C5-1FBCD2B671CB" name="PACIENTE">
<createdBy>mzunigac</createdBy>
<createdTime>2025-09-15 01:20:51 UTC</createdTime>
<generatorID>0284821C-B73E-64DC-609B-78CE2498372F</generatorID>
<ownerDesignName>EXP2_S5_Matias_Zuñiga</ownerDesignName>
<allowColumnReorder>false</allowColumnReorder>
<existDependencyGenerateInDDl>true</existDependencyGenerateInDDl>
<parsed>true</parsed>
<columns itemClass="oracle.dbtools.crest.model.design.relational.Column">
<Column name="rut_paciente" id="9AF02877-30A3-78B1-C958-830ACB9C961A">
<createdBy>mzunigac</createdBy>
<createdTime>2025-09-15 01:20:51 UTC</createdTime>
<generatorID>283D6943-EBDF-8F56-9D12-022AC5E3D7FB</generatorID>
<ownerDesignName>EXP2_S5_Matias_Zuñiga</ownerDesignName>
<useDomainConstraints>false</useDomainConstraints>
<use>1</use>
<logicalDatatype>LOGDT024</logicalDatatype>
<dataTypeSize>12</dataTypeSize>
<ownDataTypeParameters>12,,</ownDataTypeParameters>
<autoIncrementCycle>false</autoIncrementCycle>
</Column>
<Column name="nombre" id="CE62B713-BDC5-13DB-32B9-14F32FE8DEA2">
<createdBy>mzunigac</createdBy>
<createdTime>2025-09-15 01:20:51 UTC</createdTime>
<generatorID>88BEB7EB-44B8-64DE-E329-1441392C8B65</generatorID>
<ownerDesignName>EXP2_S5_Matias_Zuñiga</ownerDesignName>
<useDomainConstraints>false</useDomainConstraints>
<use>1</use>
<logicalDatatype>LOGDT024</logicalDatatype>
<dataTypeSize>50</dataTypeSize>
<ownDataTypeParameters>50,,</ownDataTypeParameters>
<autoIncrementCycle>false</autoIncrementCycle>
</Column>
<Column name="fecha_nacimiento" id="7062B409-E3D5-DD4C-705C-FF51E5ACBFDD">
<createdBy>mzunigac</createdBy>
<createdTime>2025-09-15 01:20:51 UTC</createdTime>
<generatorID>5FD9ABE3-1CDD-789B-A953-460F5EE9875A</generatorID>
<ownerDesignName>EXP2_S5_Matias_Zuñiga</ownerDesignName>
<useDomainConstraints>false</useDomainConstraints>
<use>1</use>
<logicalDatatype>LOGDT007</logicalDatatype>
<ownDataTypeParameters>,,</ownDataTypeParameters>
<autoIncrementCycle>false</autoIncrementCycle>
</Column>
<Column name="direccion" id="23C5BB98-5D20-8BDB-B92B-E0F76E0007C3">
<createdBy>mzunigac</createdBy>
<createdTime>2025-09-15 01:20:51 UTC</createdTime>
<generatorID>AAA1A2BA-5134-ADA7-2270-53E801DB8DD5</generatorID>
<ownerDesignName>EXP2_S5_Matias_Zuñiga</ownerDesignName>
<useDomainConstraints>false</useDomainConstraints>
<use>1</use>
<logicalDatatype>LOGDT024</logicalDatatype>
<dataTypeSize>100</dataTypeSize>
<ownDataTypeParameters>100,,</ownDataTypeParameters>
<autoIncrementCycle>false</autoIncrementCycle>
</Column>
<Column name="id_tipo_usuario" id="2B35B0AC-CA0B-FC33-A6D4-4A5222C1D330">
<createdBy>mzunigac</createdBy>
<createdTime>2025-09-15 01:20:51 UTC</createdTime>
<generatorID>B4120C0D-FA28-0583-0C41-D35C0D4E18DC</generatorID>
<ownerDesignName>EXP2_S5_Matias_Zuñiga</ownerDesignName>
<useDomainConstraints>false</useDomainConstraints>
<use>1</use>
<logicalDatatype>LOGDT019</logicalDatatype>
<ownDataTypeParameters>,,</ownDataTypeParameters>
<previousColumn>false</previousColumn>
<autoIncrementCycle>false</autoIncrementCycle>
<associations>
<colAssociation fkAssociation="028460B7-539E-DCDC-1E15-A7BBE58A00F7" referredColumn="2649ECFB-8F78-B8F0-A40D-68734739E9EF"/>
</associations>
</Column>
<Column name="id_comuna" id="CE1D0D1A-6534-0ECD-999B-97EC6B8D9F7A">
<createdBy>mzunigac</createdBy>
<createdTime>2025-09-15 01:24:55 UTC</createdTime>
<ownerDesignName>EXP2_S5_Matias_Zuñiga</ownerDesignName>
<useDomainConstraints>false</useDomainConstraints>
<use>1</use>
<logicalDatatype>LOGDT019</logicalDatatype>
<dataTypePrecision>2</dataTypePrecision>
<ownDataTypeParameters>,2,</ownDataTypeParameters>
<previousColumn>false</previousColumn>
<autoIncrementCycle>false</autoIncrementCycle>
<associations>
<colAssociation fkAssociation="E4F6D28A-9E1E-6EC2-B6F4-1E8CE8E34574" referredColumn="CC68D15D-2006-8BBD-C647-3BDCD40CB27D"/>
</associations>
</Column>
</columns>
<indexes itemClass="oracle.dbtools.crest.model.design.relational.Index">
<ind_PK_UK id="DF4F5446-058A-6049-CD32-9442069B8D39" name="PACIENTE_PK">
<createdBy>mzunigac</createdBy>
<createdTime>2025-09-15 01:20:51 UTC</createdTime>
<generatorID>8C78D065-75A5-5F34-E878-5A4A383552CD</generatorID>
<ownerDesignName>EXP2_S5_Matias_Zuñiga</ownerDesignName>
<pk>true</pk>
<indexState>Primary Constraint</indexState>
<isSurrogateKey>false</isSurrogateKey>
<indexColumnUsage>
<colUsage columnID="9AF02877-30A3-78B1-C958-830ACB9C961A"/>
</indexColumnUsage>
</ind_PK_UK>
<ind_PK_UK id="5094F618-4C82-B3A2-A48D-7D02E2F71431" name="PACIENTE_TIPO_USUARIO_FK">
<createdBy>mzunigac</createdBy>
<createdTime>2025-09-15 01:20:52 UTC</createdTime>
<generatorID>C2CBBA6E-3518-3661-1471-97E3554C1576</generatorID>
<ownerDesignName>EXP2_S5_Matias_Zuñiga</ownerDesignName>
<indexState>Foreign Key</indexState>
<isSurrogateKey>false</isSurrogateKey>
<indexColumnUsage>
<colUsage columnID="2B35B0AC-CA0B-FC33-A6D4-4A5222C1D330"/>
</indexColumnUsage>
</ind_PK_UK>
<ind_PK_UK id="686F43FA-4140-A06A-D126-7A50DD45B20D" name="PACIENTE_COMUNA_FK">
<createdBy>mzunigac</createdBy>
<createdTime>2025-09-15 01:20:52 UTC</createdTime>
<generatorID>1F23DC21-DAD7-4830-9CEB-E1497A979B05</generatorID>
<ownerDesignName>EXP2_S5_Matias_Zuñiga</ownerDesignName>
<indexState>Foreign Key</indexState>
<isSurrogateKey>false</isSurrogateKey>
<indexColumnUsage>
<colUsage columnID="CE1D0D1A-6534-0ECD-999B-97EC6B8D9F7A"/>
</indexColumnUsage>
</ind_PK_UK>
</indexes>
</Table>