<?xml version = '1.0' encoding = 'UTF-8'?>
<Table class="oracle.dbtools.crest.model.design.relational.Table" directorySegmentName="seg_0" id="C4E3A68E-5FD8-2014-FFBA-F9D9B486224D" name="ATENCION">
<createdBy>mzunigac</createdBy>
<createdTime>2025-09-15 01:20:51 UTC</createdTime>
<generatorID>26BCF263-476D-2300-74C4-FA989C0083C2</generatorID>
<ownerDesignName>EXP2_S5_Matias_Zuñiga</ownerDesignName>
<allowColumnReorder>false</allowColumnReorder>
<existDependencyGenerateInDDl>true</existDependencyGenerateInDDl>
<parsed>true</parsed>
<columns itemClass="oracle.dbtools.crest.model.design.relational.Column">
<Column name="rut_paciente" id="3B0CF492-26AD-D1F7-7FD8-7304800F7488">
<createdBy>mzunigac</createdBy>
<createdTime>2025-09-15 01:20:51 UTC</createdTime>
<generatorID>5650AAC0-25A3-8404-AF81-833956FB93BE</generatorID>
<ownerDesignName>EXP2_S5_Matias_Zuñiga</ownerDesignName>
<useDomainConstraints>false</useDomainConstraints>
<use>1</use>
<logicalDatatype>LOGDT024</logicalDatatype>
<dataTypeSize>12</dataTypeSize>
<ownDataTypeParameters>12,,</ownDataTypeParameters>
<previousColumn>false</previousColumn>
<autoIncrementCycle>false</autoIncrementCycle>
<associations>
<colAssociation fkAssociation="B6B9B3B0-A000-7316-15CB-AEC9102F7453" referredColumn="9AF02877-30A3-78B1-C958-830ACB9C961A"/>
</associations>
</Column>
<Column name="id_cita" id="7F591E3C-9A1E-3E68-8CAE-491F414864A9">
<createdBy>mzunigac</createdBy>
<createdTime>2025-09-15 01:20:51 UTC</createdTime>
<generatorID>5ECEB8A6-3792-1DC0-80B0-0364B392ABB8</generatorID>
<ownerDesignName>EXP2_S5_Matias_Zuñiga</ownerDesignName>
<useDomainConstraints>false</useDomainConstraints>
<use>1</use>
<logicalDatatype>LOGDT019</logicalDatatype>
<ownDataTypeParameters>,,</ownDataTypeParameters>
<previousColumn>false</previousColumn>
<autoIncrementCycle>false</autoIncrementCycle>
<associations>
<colAssociation fkAssociation="0EED0E76-CA6C-506E-B976-F9AD5E18DD7B" referredColumn="23FF1BC9-3479-89C4-2DD0-9E2C2BA31F19"/>
</associations>
</Column>
<Column name="id_tipo_atencion" id="275C2DE2-919F-5476-0558-3A44E6A4A443">
<createdBy>mzunigac</createdBy>
<createdTime>2025-09-15 01:20:51 UTC</createdTime>
<generatorID>9E8F9E3F-5776-711F-A8BD-6A5911AADEA9</generatorID>
<ownerDesignName>EXP2_S5_Matias_Zuñiga</ownerDesignName>
<useDomainConstraints>false</useDomainConstraints>
<use>1</use>
<logicalDatatype>LOGDT019</logicalDatatype>
<ownDataTypeParameters>,,</ownDataTypeParameters>
<previousColumn>false</previousColumn>
<autoIncrementCycle>false</autoIncrementCycle>
<associations>
<colAssociation fkAssociation="4BBC2874-789B-B4C4-9F0D-F35F863A83B6" referredColumn="F532D758-F424-ED69-DFD5-03CBD9987211"/>
</associations>
</Column>
<Column name="id_pago" id="9D04ECC4-304B-E442-525A-D3A789F8F051">
<createdBy>mzunigac</createdBy>
<createdTime>2025-09-15 01:20:51 UTC</createdTime>
<generatorID>00537263-6004-2B26-DD2E-7081763C085F</generatorID>
<ownerDesignName>EXP2_S5_Matias_Zuñiga</ownerDesignName>
<useDomainConstraints>false</useDomainConstraints>
<use>1</use>
<logicalDatatype>LOGDT019</logicalDatatype>
<ownDataTypeParameters>,,</ownDataTypeParameters>
<previousColumn>false</previousColumn>
<autoIncrementCycle>false</autoIncrementCycle>
<associations>
<colAssociation fkAssociation="B3E9437C-5FC4-8DFD-6F97-923796D3255F" referredColumn="B3A3BC1C-6A6F-65E0-6D05-5C734B763DAE"/>
</associations>
</Column>
<Column name="id_tipo_pago" id="B65876F7-4D4D-4C54-BE6E-038A7691AFCF">
<createdBy>mzunigac</createdBy>
<createdTime>2025-09-15 01:20:51 UTC</createdTime>
<generatorID>14FD7116-B983-FD23-CB9F-F08F8BA3A699</generatorID>
<ownerDesignName>EXP2_S5_Matias_Zuñiga</ownerDesignName>
<useDomainConstraints>false</useDomainConstraints>
<use>1</use>
<logicalDatatype>LOGDT019</logicalDatatype>
<ownDataTypeParameters>,,</ownDataTypeParameters>
<previousColumn>false</previousColumn>
<autoIncrementCycle>false</autoIncrementCycle>
<associations>
<colAssociation fkAssociation="B3E9437C-5FC4-8DFD-6F97-923796D3255F" referredColumn="5C7E70D3-347D-FA5C-97FC-A9CAF4D6D5B0"/>
</associations>
</Column>
<Column name="id_especialidad" id="3D8689BE-553A-8BA7-F4F9-480D0611FCA0">
<createdBy>mzunigac</createdBy>
<createdTime>2025-09-15 01:20:51 UTC</createdTime>
<generatorID>EDE51A3D-9572-2C3E-75B5-040A80CABC22</generatorID>
<ownerDesignName>EXP2_S5_Matias_Zuñiga</ownerDesignName>
<useDomainConstraints>false</useDomainConstraints>
<use>1</use>
<logicalDatatype>LOGDT019</logicalDatatype>
<ownDataTypeParameters>,,</ownDataTypeParameters>
<previousColumn>false</previousColumn>
<autoIncrementCycle>false</autoIncrementCycle>
<associations>
<colAssociation fkAssociation="006C3107-0448-E4CD-D9BA-49D4D2E561E9" referredColumn="7F95FBF0-BBBD-A104-65C6-85F02C850022"/>
</associations>
</Column>
<Column name="rut_medico" id="8165876B-6353-90D7-EB66-C647FDFC0D57">
<createdBy>mzunigac</createdBy>
<createdTime>2025-09-15 01:20:51 UTC</createdTime>
<generatorID>0444C0CE-6580-44FC-4393-6E886594F1F8</generatorID>
<ownerDesignName>EXP2_S5_Matias_Zuñiga</ownerDesignName>
<useDomainConstraints>false</useDomainConstraints>
<use>1</use>
<logicalDatatype>LOGDT024</logicalDatatype>
<dataTypeSize>12</dataTypeSize>
<ownDataTypeParameters>12,,</ownDataTypeParameters>
<previousColumn>false</previousColumn>
<autoIncrementCycle>false</autoIncrementCycle>
<associations>
<colAssociation fkAssociation="44065D39-93F5-0112-DD95-338BADEA30B6" referredColumn="3F91562E-5F47-5D67-2272-11ECA27DC604"/>
</associations>
</Column>
<Column name="id_atencion" id="C1577D4C-9C65-ADDB-6FB0-E426568A475D">
<createdBy>mzunigac</createdBy>
<createdTime>2025-09-15 01:20:51 UTC</createdTime>
<generatorID>D7790FD0-0418-9726-4492-46A042B2E4A5</generatorID>
<ownerDesignName>EXP2_S5_Matias_Zuñiga</ownerDesignName>
<useDomainConstraints>false</useDomainConstraints>
<use>1</use>
<logicalDatatype>LOGDT019</logicalDatatype>
<ownDataTypeParameters>,,</ownDataTypeParameters>
<autoIncrementCycle>false</autoIncrementCycle>
</Column>
<Column name="fecha_atencion" id="66725300-5A9C-8D19-1DB0-AFC2C28DD935">
<createdBy>mzunigac</createdBy>
<createdTime>2025-09-15 01:20:51 UTC</createdTime>
<generatorID>EC9340D5-2520-4369-82F6-9BE1513A9974</generatorID>
<ownerDesignName>EXP2_S5_Matias_Zuñiga</ownerDesignName>
<useDomainConstraints>false</useDomainConstraints>
<use>1</use>
<logicalDatatype>LOGDT007</logicalDatatype>
<ownDataTypeParameters>,,</ownDataTypeParameters>
<autoIncrementCycle>false</autoIncrementCycle>
</Column>
<Column name="diagnostico" id="6D55A14E-5DAB-91EB-578C-59C43FE8F36C">
<createdBy>mzunigac</createdBy>
<createdTime>2025-09-15 01:20:51 UTC</createdTime>
<generatorID>4A51ED2C-ED77-28E3-009E-67BC8096FD9A</generatorID>
<ownerDesignName>EXP2_S5_Matias_Zuñiga</ownerDesignName>
<useDomainConstraints>false</useDomainConstraints>
<use>1</use>
<logicalDatatype>LOGDT024</logicalDatatype>
<dataTypeSize>500</dataTypeSize>
<ownDataTypeParameters>500,,</ownDataTypeParameters>
<autoIncrementCycle>false</autoIncrementCycle>
</Column>
</columns>
<indexes itemClass="oracle.dbtools.crest.model.design.relational.Index">
<ind_PK_UK id="606E0A08-F7E0-DBD6-E5FA-8FCD7ADFD29E" name="ATENCION_PK">
<createdBy>mzunigac</createdBy>
<createdTime>2025-09-15 01:20:51 UTC</createdTime>
<generatorID>104A561D-372D-146B-6143-B893ECB03743</generatorID>
<ownerDesignName>EXP2_S5_Matias_Zuñiga</ownerDesignName>
<pk>true</pk>
<indexState>Primary Constraint</indexState>
<isSurrogateKey>false</isSurrogateKey>
<indexColumnUsage>
<colUsage columnID="C1577D4C-9C65-ADDB-6FB0-E426568A475D"/>
</indexColumnUsage>
</ind_PK_UK>
<ind_PK_UK id="A0E311D6-4866-1625-5073-B5E836AFA468" name="ATENCION__IDX">
<createdBy>mzunigac</createdBy>
<createdTime>2025-09-15 01:20:52 UTC</createdTime>
<ownerDesignName>EXP2_S5_Matias_Zuñiga</ownerDesignName>
<indexState>Unique Plain Index</indexState>
<isSurrogateKey>false</isSurrogateKey>
<relationGeneratorID>CA4DC3A6-79BA-5AFF-17F2-49ACE291789F</relationGeneratorID>
<indexColumnUsage>
<colUsage columnID="9D04ECC4-304B-E442-525A-D3A789F8F051"/>
<colUsage columnID="B65876F7-4D4D-4C54-BE6E-038A7691AFCF"/>
</indexColumnUsage>
</ind_PK_UK>
<ind_PK_UK id="7547075D-D841-4C16-4940-64043D04BAC6" name="ATENCION_ESPECIALIDAD_FK">
<createdBy>mzunigac</createdBy>
<createdTime>2025-09-15 01:20:52 UTC</createdTime>
<generatorID>EE6AA59D-B7E8-A884-E920-E90838111B0B</generatorID>
<ownerDesignName>EXP2_S5_Matias_Zuñiga</ownerDesignName>
<indexState>Foreign Key</indexState>
<isSurrogateKey>false</isSurrogateKey>
<indexColumnUsage>
<colUsage columnID="3D8689BE-553A-8BA7-F4F9-480D0611FCA0"/>
</indexColumnUsage>
</ind_PK_UK>
<ind_PK_UK id="21FAFB17-780C-C4F9-4BCC-58CD4932C28C" name="ATENCION_TIPO_ATENCION_FK">
<createdBy>mzunigac</createdBy>
<createdTime>2025-09-15 01:20:52 UTC</createdTime>
<generatorID>2D6F9665-70BB-5DDB-0B34-77B57EFA529E</generatorID>
<ownerDesignName>EXP2_S5_Matias_Zuñiga</ownerDesignName>
<indexState>Foreign Key</indexState>
<isSurrogateKey>false</isSurrogateKey>
<indexColumnUsage>
<colUsage columnID="275C2DE2-919F-5476-0558-3A44E6A4A443"/>
</indexColumnUsage>
</ind_PK_UK>
<ind_PK_UK id="A3456D16-1FA9-84FD-EFCC-C9F5A4261C78" name="ATENCION_PACIENTE_FK">
<createdBy>mzunigac</createdBy>
<createdTime>2025-09-15 01:20:52 UTC</createdTime>
<generatorID>F7A7AC16-258F-690D-18B3-418FAB61A1C9</generatorID>
<ownerDesignName>EXP2_S5_Matias_Zuñiga</ownerDesignName>
<indexState>Foreign Key</indexState>
<isSurrogateKey>false</isSurrogateKey>
<indexColumnUsage>
<colUsage columnID="3B0CF492-26AD-D1F7-7FD8-7304800F7488"/>
</indexColumnUsage>
</ind_PK_UK>
<ind_PK_UK id="CF4866EB-D679-6C13-509B-60F7DE4CB733" name="ATENCION_CITA_FK">
<createdBy>mzunigac</createdBy>
<createdTime>2025-09-15 01:20:52 UTC</createdTime>
<generatorID>B522D356-67B2-65EC-370A-F4D3A2C300C2</generatorID>
<ownerDesignName>EXP2_S5_Matias_Zuñiga</ownerDesignName>
<indexState>Foreign Key</indexState>
<isSurrogateKey>false</isSurrogateKey>
<indexColumnUsage>
<colUsage columnID="7F591E3C-9A1E-3E68-8CAE-491F414864A9"/>
</indexColumnUsage>
</ind_PK_UK>
<ind_PK_UK id="998DC5F3-81C7-CA7B-F158-098EA420E6BF" name="ATENCION_PAGO_ATENCION_FK">
<createdBy>mzunigac</createdBy>
<createdTime>2025-09-15 01:20:52 UTC</createdTime>
<generatorID>CA4DC3A6-79BA-5AFF-17F2-49ACE291789F</generatorID>
<ownerDesignName>EXP2_S5_Matias_Zuñiga</ownerDesignName>
<indexState>Foreign Key</indexState>
<isSurrogateKey>false</isSurrogateKey>
<indexColumnUsage>
<colUsage columnID="9D04ECC4-304B-E442-525A-D3A789F8F051"/>
<colUsage columnID="B65876F7-4D4D-4C54-BE6E-038A7691AFCF"/>
</indexColumnUsage>
</ind_PK_UK>
<ind_PK_UK id="9F1E0F03-62F3-6302-1B19-17AD5338016E" name="ATENCION_MEDICO_FK">
<createdBy>mzunigac</createdBy>
<createdTime>2025-09-15 01:20:52 UTC</createdTime>
<generatorID>10692C82-7243-F2FA-9DE9-17E0C4359250</generatorID>
<ownerDesignName>EXP2_S5_Matias_Zuñiga</ownerDesignName>
<indexState>Foreign Key</indexState>
<isSurrogateKey>false</isSurrogateKey>
<indexColumnUsage>
<colUsage columnID="8165876B-6353-90D7-EB66-C647FDFC0D57"/>
</indexColumnUsage>
</ind_PK_UK>
</indexes>
</Table>