<?xml version = '1.0' encoding = 'UTF-8'?>
<Table class="oracle.dbtools.crest.model.design.relational.Table" directorySegmentName="seg_0" id="E984992F-20BF-D3DA-48A3-2F1932A15505" name="MODALIDAD">
<createdBy>mzunigac</createdBy>
<createdTime>2025-09-15 01:20:51 UTC</createdTime>
<generatorID>2DF7BE81-55EB-4213-1CBC-0E8F5E137F66</generatorID>
<ownerDesignName>EXP2_S5_Matias_Zuñiga</ownerDesignName>
<allowColumnReorder>false</allowColumnReorder>
<existDependencyGenerateInDDl>true</existDependencyGenerateInDDl>
<parsed>true</parsed>
<columns itemClass="oracle.dbtools.crest.model.design.relational.Column">
<Column name="id_modalidad" id="FBD05FF3-04FA-532E-B6BA-20A2CAADBEFB">
<createdBy>mzunigac</createdBy>
<createdTime>2025-09-15 01:20:51 UTC</createdTime>
<generatorID>FEBFA9C7-1725-115C-5FB4-65ED8D1CCD2D</generatorID>
<ownerDesignName>EXP2_S5_Matias_Zuñiga</ownerDesignName>
<useDomainConstraints>false</useDomainConstraints>
<use>1</use>
<logicalDatatype>LOGDT019</logicalDatatype>
<ownDataTypeParameters>,,</ownDataTypeParameters>
<autoIncrementCycle>false</autoIncrementCycle>
</Column>
<Column name="tipo_modalidad" id="BF75B4CA-FCC1-CAAD-060C-E5B06C00901B">
<createdBy>mzunigac</createdBy>
<createdTime>2025-09-15 01:20:51 UTC</createdTime>
<generatorID>0F952BFF-6913-233B-EE12-7D43EF21455F</generatorID>
<ownerDesignName>EXP2_S5_Matias_Zuñiga</ownerDesignName>
<useDomainConstraints>false</useDomainConstraints>
<use>1</use>
<logicalDatatype>LOGDT024</logicalDatatype>
<dataTypeSize>20</dataTypeSize>
<ownDataTypeParameters>20,,</ownDataTypeParameters>
<autoIncrementCycle>false</autoIncrementCycle>
</Column>
</columns>
<indexes itemClass="oracle.dbtools.crest.model.design.relational.Index">
<ind_PK_UK id="6C7C148F-2F35-B640-0F33-F3B022D404FC" name="MODALIDAD_PK">
<createdBy>mzunigac</createdBy>
<createdTime>2025-09-15 01:20:51 UTC</createdTime>
<generatorID>5F033C65-EE96-6B8A-A6D4-FA90FDDF373D</generatorID>
<ownerDesignName>EXP2_S5_Matias_Zuñiga</ownerDesignName>
<pk>true</pk>
<indexState>Primary Constraint</indexState>
<isSurrogateKey>false</isSurrogateKey>
<indexColumnUsage>
<colUsage columnID="FBD05FF3-04FA-532E-B6BA-20A2CAADBEFB"/>
</indexColumnUsage>
</ind_PK_UK>
</indexes>
</Table>