<?xml version = '1.0' encoding = 'UTF-8'?>
<Table class="oracle.dbtools.crest.model.design.relational.Table" directorySegmentName="seg_0" id="EBE5833A-A510-71BD-1E65-7A7CD122095F" name="MEDICO">
<createdBy>mzunigac</createdBy>
<createdTime>2025-09-15 01:20:51 UTC</createdTime>
<generatorID>0F087133-C967-7402-76BB-C2BEE3B754C7</generatorID>
<ownerDesignName>EXP2_S5_Matias_Zuñiga</ownerDesignName>
<allowColumnReorder>false</allowColumnReorder>
<existDependencyGenerateInDDl>true</existDependencyGenerateInDDl>
<parsed>true</parsed>
<columns itemClass="oracle.dbtools.crest.model.design.relational.Column">
<Column name="id_afp" id="E3F51AB1-3E98-1B84-3AF5-7D2B6E1AB7D4">
<createdBy>mzunigac</createdBy>
<createdTime>2025-09-15 01:20:51 UTC</createdTime>
<generatorID>F386518C-39E7-4155-3D1C-827CEB9D7A55</generatorID>
<ownerDesignName>EXP2_S5_Matias_Zuñiga</ownerDesignName>
<useDomainConstraints>false</useDomainConstraints>
<use>1</use>
<logicalDatatype>LOGDT019</logicalDatatype>
<ownDataTypeParameters>,,</ownDataTypeParameters>
<previousColumn>false</previousColumn>
<autoIncrementCycle>false</autoIncrementCycle>
<associations>
<colAssociation fkAssociation="D8C2E0D4-53B7-E2E9-C5BE-13B052D5EFB6" referredColumn="D49A8B6C-2FFC-937D-C717-1B83303E56B7"/>
</associations>
</Column>
<Column name="id_prevision" id="1BD69831-61FC-F6F9-6E4F-9692D472E552">
<createdBy>mzunigac</createdBy>
<createdTime>2025-09-15 01:20:51 UTC</createdTime>
<generatorID>5C0DF9CC-3B70-B2F6-1A54-9A76A4D6003B</generatorID>
<ownerDesignName>EXP2_S5_Matias_Zuñiga</ownerDesignName>
<useDomainConstraints>false</useDomainConstraints>
<use>1</use>
<logicalDatatype>LOGDT019</logicalDatatype>
<ownDataTypeParameters>,,</ownDataTypeParameters>
<previousColumn>false</previousColumn>
<autoIncrementCycle>false</autoIncrementCycle>
<associations>
<colAssociation fkAssociation="344018C5-EE92-04EF-0682-A1C4ACED774D" referredColumn="7A25FA53-7513-E783-CB8C-CCBEAD6DB7DE"/>
</associations>
</Column>
<Column name="id_unidad" id="CB9970D0-A561-E28B-56FA-AA59F166C588">
<createdBy>mzunigac</createdBy>
<createdTime>2025-09-15 01:20:51 UTC</createdTime>
<generatorID>19D06879-A4E4-B226-67EF-87EE0E860EB0</generatorID>
<ownerDesignName>EXP2_S5_Matias_Zuñiga</ownerDesignName>
<useDomainConstraints>false</useDomainConstraints>
<use>1</use>
<logicalDatatype>LOGDT019</logicalDatatype>
<ownDataTypeParameters>,,</ownDataTypeParameters>
<previousColumn>false</previousColumn>
<autoIncrementCycle>false</autoIncrementCycle>
<associations>
<colAssociation fkAssociation="9B7190A6-AED7-1449-DE9E-44B9E21F8D87" referredColumn="D3FF3F93-F7C6-E50A-DB26-F61F4EF101DA"/>
</associations>
</Column>
<Column name="rut_medico" id="3F91562E-5F47-5D67-2272-11ECA27DC604">
<createdBy>mzunigac</createdBy>
<createdTime>2025-09-15 01:20:51 UTC</createdTime>
<generatorID>9EC90B20-C380-6F57-7D1B-75E67C670156</generatorID>
<ownerDesignName>EXP2_S5_Matias_Zuñiga</ownerDesignName>
<useDomainConstraints>false</useDomainConstraints>
<use>1</use>
<logicalDatatype>LOGDT024</logicalDatatype>
<dataTypeSize>12</dataTypeSize>
<ownDataTypeParameters>12,,</ownDataTypeParameters>
<autoIncrementCycle>false</autoIncrementCycle>
</Column>
<Column name="nombre" id="F8145BF9-0C23-6C55-9B6F-4D696DEDE496">
<createdBy>mzunigac</createdBy>
<createdTime>2025-09-15 01:20:51 UTC</createdTime>
<generatorID>2269D5EB-FAE8-4FC8-FCA6-114F98B07C90</generatorID>
<ownerDesignName>EXP2_S5_Matias_Zuñiga</ownerDesignName>
<useDomainConstraints>false</useDomainConstraints>
<use>1</use>
<logicalDatatype>LOGDT024</logicalDatatype>
<dataTypeSize>100</dataTypeSize>
<ownDataTypeParameters>100,,</ownDataTypeParameters>
<autoIncrementCycle>false</autoIncrementCycle>
</Column>
<Column name="fecha_ingreso" id="CC034959-01AF-0227-ACC7-38C236C89D44">
<createdBy>mzunigac</createdBy>
<createdTime>2025-09-15 01:20:51 UTC</createdTime>
<generatorID>72C8D61E-8F89-0261-D1B6-B8322F21C3AB</generatorID>
<ownerDesignName>EXP2_S5_Matias_Zuñiga</ownerDesignName>
<useDomainConstraints>false</useDomainConstraints>
<use>1</use>
<logicalDatatype>LOGDT007</logicalDatatype>
<ownDataTypeParameters>,,</ownDataTypeParameters>
<autoIncrementCycle>false</autoIncrementCycle>
</Column>
</columns>
<indexes itemClass="oracle.dbtools.crest.model.design.relational.Index">
<ind_PK_UK id="5F060F99-CF13-7884-1020-67EEC32734BB" name="MEDICO_PK">
<createdBy>mzunigac</createdBy>
<createdTime>2025-09-15 01:20:51 UTC</createdTime>
<generatorID>7BA686ED-65D7-F542-20A8-1BB7241436A5</generatorID>
<ownerDesignName>EXP2_S5_Matias_Zuñiga</ownerDesignName>
<pk>true</pk>
<indexState>Primary Constraint</indexState>
<isSurrogateKey>false</isSurrogateKey>
<indexColumnUsage>
<colUsage columnID="3F91562E-5F47-5D67-2272-11ECA27DC604"/>
</indexColumnUsage>
</ind_PK_UK>
<ind_PK_UK id="560665D5-B084-B43E-5BC8-1D491D440D8F" name="MEDICO_AFP_FK">
<createdBy>mzunigac</createdBy>
<createdTime>2025-09-15 01:20:52 UTC</createdTime>
<generatorID>320383D7-DD17-4D7F-AA08-3BD5CEB767B2</generatorID>
<ownerDesignName>EXP2_S5_Matias_Zuñiga</ownerDesignName>
<indexState>Foreign Key</indexState>
<isSurrogateKey>false</isSurrogateKey>
<indexColumnUsage>
<colUsage columnID="E3F51AB1-3E98-1B84-3AF5-7D2B6E1AB7D4"/>
</indexColumnUsage>
</ind_PK_UK>
<ind_PK_UK id="EF1F8D88-EBA9-BEB7-FFD5-3AD3F1663FBE" name="MEDICO_PREVISION_FK">
<createdBy>mzunigac</createdBy>
<createdTime>2025-09-15 01:20:52 UTC</createdTime>
<generatorID>C398CE9F-A12F-1767-CAF6-739574D72F1E</generatorID>
<ownerDesignName>EXP2_S5_Matias_Zuñiga</ownerDesignName>
<indexState>Foreign Key</indexState>
<isSurrogateKey>false</isSurrogateKey>
<indexColumnUsage>
<colUsage columnID="1BD69831-61FC-F6F9-6E4F-9692D472E552"/>
</indexColumnUsage>
</ind_PK_UK>
<ind_PK_UK id="C6A1FBF0-7C6D-04BF-8133-6D6D144FE483" name="MEDICO_UNIDAD_FK">
<createdBy>mzunigac</createdBy>
<createdTime>2025-09-15 01:20:52 UTC</createdTime>
<generatorID>4C9E113F-3821-FB30-3298-3B3E74D5B282</generatorID>
<ownerDesignName>EXP2_S5_Matias_Zuñiga</ownerDesignName>
<indexState>Foreign Key</indexState>
<isSurrogateKey>false</isSurrogateKey>
<indexColumnUsage>
<colUsage columnID="CB9970D0-A561-E28B-56FA-AA59F166C588"/>
</indexColumnUsage>
</ind_PK_UK>
</indexes>
</Table>