<?xml version = '1.0' encoding = 'UTF-8'?>
<Table class="oracle.dbtools.crest.model.design.relational.Table" directorySegmentName="seg_0" id="F4D9A5F1-6C1F-4D81-F549-05AA48F18BDC" name="SUPERVISION_MEDICA">
<createdBy>mzunigac</createdBy>
<createdTime>2025-09-15 01:20:51 UTC</createdTime>
<generatorID>933051F5-AFD9-C494-BE07-0308725191FE</generatorID>
<ownerDesignName>EXP2_S5_Matias_Zuñiga</ownerDesignName>
<allowColumnReorder>false</allowColumnReorder>
<existDependencyGenerateInDDl>true</existDependencyGenerateInDDl>
<parsed>true</parsed>
<columns itemClass="oracle.dbtools.crest.model.design.relational.Column">
<Column name="rut_supervisor" id="C0828851-FC03-99F6-2A35-79C882C8D129">
<createdBy>mzunigac</createdBy>
<createdTime>2025-09-15 01:20:51 UTC</createdTime>
<generatorID>F3E5B86B-1F4B-DC02-804B-D6BAD433945B</generatorID>
<ownerDesignName>EXP2_S5_Matias_Zuñiga</ownerDesignName>
<useDomainConstraints>false</useDomainConstraints>
<use>1</use>
<logicalDatatype>LOGDT024</logicalDatatype>
<dataTypeSize>12</dataTypeSize>
<ownDataTypeParameters>12,,</ownDataTypeParameters>
<autoIncrementCycle>false</autoIncrementCycle>
</Column>
<Column name="rut_supervisado" id="87E6B293-9D4B-2D1A-AB74-0B0C4F6D9C62">
<createdBy>mzunigac</createdBy>
<createdTime>2025-09-15 01:20:51 UTC</createdTime>
<generatorID>B9118576-FE99-9E13-DA85-2A5C0728DE5B</generatorID>
<ownerDesignName>EXP2_S5_Matias_Zuñiga</ownerDesignName>
<useDomainConstraints>false</useDomainConstraints>
<use>1</use>
<logicalDatatype>LOGDT024</logicalDatatype>
<dataTypeSize>12</dataTypeSize>
<ownDataTypeParameters>12,,</ownDataTypeParameters>
<autoIncrementCycle>false</autoIncrementCycle>
</Column>
<Column name="rut_medico" id="F07EDB0A-3092-5619-FEB5-CF438272E57E">
<createdBy>mzunigac</createdBy>
<createdTime>2025-09-15 01:20:51 UTC</createdTime>
<generatorID>31088361-CF4C-10A6-DF46-C8357AD82E3E</generatorID>
<ownerDesignName>EXP2_S5_Matias_Zuñiga</ownerDesignName>
<useDomainConstraints>false</useDomainConstraints>
<use>1</use>
<logicalDatatype>LOGDT024</logicalDatatype>
<dataTypeSize>12</dataTypeSize>
<ownDataTypeParameters>12,,</ownDataTypeParameters>
<previousColumn>false</previousColumn>
<autoIncrementCycle>false</autoIncrementCycle>
<associations>
<colAssociation fkAssociation="A4E2B7BC-366E-263F-D11A-AC6C7AAA65B9" referredColumn="3F91562E-5F47-5D67-2272-11ECA27DC604"/>
</associations>
</Column>
</columns>
<indexes itemClass="oracle.dbtools.crest.model.design.relational.Index">
<ind_PK_UK id="891B2D8F-C725-1B1B-5C4E-B73F4ED8511A" name="SUPERVISION_MEDICA_PK">
<createdBy>mzunigac</createdBy>
<createdTime>2025-09-15 01:20:51 UTC</createdTime>
<generatorID>02E85D4C-D589-A84E-FA5B-3756CE0B6125</generatorID>
<ownerDesignName>EXP2_S5_Matias_Zuñiga</ownerDesignName>
<pk>true</pk>
<indexState>Primary Constraint</indexState>
<isSurrogateKey>false</isSurrogateKey>
<indexColumnUsage>
<colUsage columnID="C0828851-FC03-99F6-2A35-79C882C8D129"/>
<colUsage columnID="87E6B293-9D4B-2D1A-AB74-0B0C4F6D9C62"/>
</indexColumnUsage>
</ind_PK_UK>
<ind_PK_UK id="9A88F61E-CC2E-AB29-8EB1-C6E5E533DFED" name="SUPERVISION_MEDICA_MEDICO_FK">
<createdBy>mzunigac</createdBy>
<createdTime>2025-09-15 01:20:52 UTC</createdTime>
<generatorID>831DFB48-9E67-4A52-321B-917C499073A0</generatorID>
<ownerDesignName>EXP2_S5_Matias_Zuñiga</ownerDesignName>
<indexState>Foreign Key</indexState>
<isSurrogateKey>false</isSurrogateKey>
<indexColumnUsage>
<colUsage columnID="F07EDB0A-3092-5619-FEB5-CF438272E57E"/>
</indexColumnUsage>
</ind_PK_UK>
</indexes>
</Table>