<?xml version = '1.0' encoding = 'UTF-8'?>
<Diagram class="oracle.dbtools.crest.swingui.logical.DPVLogical" name="Logical" id="A6E727DC-2C99-66AF-8C6B-F3250EBFBBC0">
<createdBy>matiaszuniga</createdBy>
<modifiedBy>matiaszuniga</modifiedBy>
<createdTime>2025-08-25 23:47:18 UTC</createdTime>
<autoRoute>false</autoRoute>
<boxInbox>true</boxInbox>
<showLegend>false</showLegend>
<showLabels>false</showLabels>
<showRelAttributes>false</showRelAttributes>
<gridEnabled>false</gridEnabled>
<showGrid>false</showGrid>
<diagramColor>-1</diagramColor>
<display>false</display>
<notation>2</notation>
<objectViews>
<OView class="oracle.dbtools.crest.swingui.logical.TVEntity" oid="143BE016-3B93-6BBB-13BA-5769C222836B" otype="Entity" vid="204CE21D-DCCF-3CBC-F8D6-B4D2B534D8E3">
<hideElementsInCurrentOnly>false</hideElementsInCurrentOnly>
<bounds x="194" y="165" width="199" height="106"/>
</OView>
<OView class="oracle.dbtools.crest.swingui.logical.TVEntity" oid="579A8247-48B5-529C-89FA-BF35524B835A" otype="Entity" vid="F30E68B9-19DE-477F-6CBF-90641E2A2106">
<hideElementsInCurrentOnly>false</hideElementsInCurrentOnly>
<bounds x="331" y="319" width="170" height="110"/>
</OView>
<OView class="oracle.dbtools.crest.swingui.logical.TVEntity" oid="A1E10383-0857-B7CB-80ED-59AD1CCF9035" otype="Entity" vid="E2227EF9-228D-66E3-0DFA-5311FB1B80E7">
<hideElementsInCurrentOnly>false</hideElementsInCurrentOnly>
<bounds x="417" y="77" width="209" height="117"/>
</OView>
<OView class="oracle.dbtools.crest.swingui.logical.TVEntity" oid="AA0995FB-88F4-6528-EC5D-D050F41DE380" otype="Entity" vid="2C306A14-2E84-97C2-5A2F-641818E82252">
<hideElementsInCurrentOnly>false</hideElementsInCurrentOnly>
<bounds x="333" y="457" width="205" height="127"/>
</OView>
<OView class="oracle.dbtools.crest.swingui.logical.TVEntity" oid="B1646D7F-FA01-17DA-5A74-B75505E0869E" otype="Entity" vid="09629A7F-9E7E-20E0-D3C9-CE635C2449E3">
<hideElementsInCurrentOnly>false</hideElementsInCurrentOnly>
<bounds x="3" y="36" width="410" height="245"/>
</OView>
<OView class="oracle.dbtools.crest.swingui.logical.TVEntity" oid="E08937FB-52C4-D3B6-8669-1B3D33CA0142" otype="Entity" vid="077BEC75-99C4-1CA6-05F3-93F6D00D55D6">
<hideElementsInCurrentOnly>false</hideElementsInCurrentOnly>
<bounds x="539" y="330" width="220" height="117"/>
</OView>
<OView class="oracle.dbtools.crest.swingui.logical.TVEntity" oid="E7068386-C990-0580-A203-19138C41F25B" otype="Entity" vid="265E8EA1-A477-D4E8-29BD-D21BC1BBC66E">
<hideElementsInCurrentOnly>false</hideElementsInCurrentOnly>
<bounds x="45" y="338" width="224" height="147"/>
</OView>
<OView class="oracle.dbtools.crest.swingui.logical.TVEntity" oid="F7260C07-8337-C6C2-042A-BDD653BBB836" otype="Entity" vid="9A4C9C64-BD1B-632A-C116-6C9DF663FFA2">
<hideElementsInCurrentOnly>false</hideElementsInCurrentOnly>
<bounds x="217" y="56" width="185" height="109"/>
</OView>
</objectViews>
<connectors>
<Connector class="oracle.dbtools.crest.swingui.logical.TVRelation" oid="102D8466-D44C-65C7-6761-E0C923F7854C" otype="Relation" vid_source="265E8EA1-A477-D4E8-29BD-D21BC1BBC66E" vid_target="204CE21D-DCCF-3CBC-F8D6-B4D2B534D8E3">
<hideElementsInCurrentOnly>false</hideElementsInCurrentOnly>
<backgroundColor>-16777216</backgroundColor>
<lineWidth>1</lineWidth>
<points>
<point x="231" y="338"/>
<point x="231" y="271"/>
</points>
</Connector>
<Connector class="oracle.dbtools.crest.swingui.logical.TVRelation" oid="5C5DF9B5-B571-D222-94A9-1751D9D31E5A" otype="Relation" vid_source="265E8EA1-A477-D4E8-29BD-D21BC1BBC66E" vid_target="9A4C9C64-BD1B-632A-C116-6C9DF663FFA2">
<hideElementsInCurrentOnly>false</hideElementsInCurrentOnly>
<backgroundColor>-16777216</backgroundColor>
<lineWidth>1</lineWidth>
<points>
<point x="243" y="338"/>
<point x="243" y="165"/>
</points>
</Connector>
<Connector class="oracle.dbtools.crest.swingui.logical.TVRelation" oid="692675CA-0930-5520-B5A8-0C7902CCBB4D" otype="Relation" vid_source="F30E68B9-19DE-477F-6CBF-90641E2A2106" vid_target="265E8EA1-A477-D4E8-29BD-D21BC1BBC66E">
<hideElementsInCurrentOnly>false</hideElementsInCurrentOnly>
<backgroundColor>-16777216</backgroundColor>
<lineWidth>1</lineWidth>
<points>
<point x="331" y="383"/>
<point x="269" y="383"/>
</points>
</Connector>
<Connector class="oracle.dbtools.crest.swingui.logical.TVInheritanceRelation" oid="8EFD6564-D387-4DC6-27F8-03F755A135D7" otype="Hierarchy relation" vid_source="09629A7F-9E7E-20E0-D3C9-CE635C2449E3" vid_target="204CE21D-DCCF-3CBC-F8D6-B4D2B534D8E3">
<hideElementsInCurrentOnly>false</hideElementsInCurrentOnly>
<backgroundColor>-65536</backgroundColor>
<lineWidth>1</lineWidth>
</Connector>
<Connector class="oracle.dbtools.crest.swingui.logical.TVInheritanceRelation" oid="9AA56074-2DD0-322C-8873-5B3FE85E2C03" otype="Hierarchy relation" vid_source="09629A7F-9E7E-20E0-D3C9-CE635C2449E3" vid_target="9A4C9C64-BD1B-632A-C116-6C9DF663FFA2">
<hideElementsInCurrentOnly>false</hideElementsInCurrentOnly>
<backgroundColor>-65536</backgroundColor>
<lineWidth>1</lineWidth>
</Connector>
<Connector class="oracle.dbtools.crest.swingui.logical.TVRelation" oid="B28B6DC6-0438-C432-97A7-A4CED61E6DF7" otype="Relation" vid_source="077BEC75-99C4-1CA6-05F3-93F6D00D55D6" vid_target="E2227EF9-228D-66E3-0DFA-5311FB1B80E7">
<hideElementsInCurrentOnly>false</hideElementsInCurrentOnly>
<backgroundColor>-16777216</backgroundColor>
<lineWidth>1</lineWidth>
<points>
<point x="597" y="330"/>
<point x="597" y="194"/>
</points>
</Connector>
<Connector class="oracle.dbtools.crest.swingui.logical.TVRelation" oid="D6831FEF-E1BB-A907-1C18-A1806412FB50" otype="Relation" vid_source="2C306A14-2E84-97C2-5A2F-641818E82252" vid_target="265E8EA1-A477-D4E8-29BD-D21BC1BBC66E">
<hideElementsInCurrentOnly>false</hideElementsInCurrentOnly>
<backgroundColor>-16777216</backgroundColor>
<lineWidth>1</lineWidth>
<points>
<point x="333" y="471"/>
<point x="269" y="471"/>
</points>
</Connector>
<Connector class="oracle.dbtools.crest.swingui.logical.TVRelation" oid="EF3809A2-A7F8-D4DD-8355-ACFC8FB3DC3E" otype="Relation" vid_source="077BEC75-99C4-1CA6-05F3-93F6D00D55D6" vid_target="2C306A14-2E84-97C2-5A2F-641818E82252">
<hideElementsInCurrentOnly>false</hideElementsInCurrentOnly>
<backgroundColor>-16777216</backgroundColor>
<lineWidth>1</lineWidth>
<points>
<point x="554" y="447"/>
<point x="538" y="457"/>
</points>
</Connector>
</connectors>
</Diagram>