<?xml version = '1.0' encoding = 'UTF-8'?>
<relationalModel class="oracle.dbtools.crest.model.design.relational.RelationalDesign" name="Relational_1" id="001664F7-80EF-0D0C-7EAA-F2EA6ABC56EB" mainViewID="D309ACC3-0BC3-586E-E4D1-6F2F218FBF8C">
<createdBy>mzunigac</createdBy>
<createdTime>2025-09-14 23:27:20 UTC</createdTime>
<ownerDesignName>S5_Matias_Zuñiga_BBDD</ownerDesignName>
<shouldBeOpen>true</shouldBeOpen>
<selectedRDBMSSite>32076570-2523-435C-2E92-BF29817DFF70</selectedRDBMSSite>
</relationalModel>