<?xml version = '1.0' encoding = 'UTF-8'?>
<Diagram class="oracle.dbtools.crest.swingui.relational.DPVRelational" name="Relational_1" id="D309ACC3-0BC3-586E-E4D1-6F2F218FBF8C">
<createdBy>mzunigac</createdBy>
<modifiedBy>mzunigac</modifiedBy>
<createdTime>2025-09-15 00:11:26 UTC</createdTime>
<autoRoute>false</autoRoute>
<boxInbox>true</boxInbox>
<showLegend>false</showLegend>
<showLabels>false</showLabels>
<showRelAttributes>false</showRelAttributes>
<gridEnabled>false</gridEnabled>
<showGrid>false</showGrid>
<diagramColor>-1</diagramColor>
<display>false</display>
<notation>1</notation>
<objectViews>
<OView class="oracle.dbtools.crest.swingui.relational.TVTable" oid="0D4EB524-9EFF-0047-4F49-6A32B9AA73C1" otype="Table" vid="D3F8AEA8-394F-234E-6436-B9451F3AE2BB">
<hideElementsInCurrentOnly>false</hideElementsInCurrentOnly>
<bounds x="1163" y="382" width="222" height="110"/>
</OView>
<OView class="oracle.dbtools.crest.swingui.relational.TVTable" oid="3A8B1563-B7FC-E2E3-9E27-2FA1C2F5D021" otype="Table" vid="52B6EBE0-C3BC-1397-408F-DDFCB683AD81">
<hideElementsInCurrentOnly>false</hideElementsInCurrentOnly>
<bounds x="1957" y="340" width="220" height="81"/>
</OView>
<OView class="oracle.dbtools.crest.swingui.relational.TVTable" oid="6287F541-ABC3-E781-F5D9-608B8D201B1C" otype="Table" vid="FC0DCAD7-26BE-CBE4-3867-052E39A4FD2C">
<hideElementsInCurrentOnly>false</hideElementsInCurrentOnly>
<bounds x="801" y="291" width="305" height="224"/>
</OView>
<OView class="oracle.dbtools.crest.swingui.relational.TVTable" oid="65451C5F-1B53-0077-E39A-0962B2CF0222" otype="Table" vid="3DA79F18-9A00-5C65-017F-8C86D8C20B88">
<hideElementsInCurrentOnly>false</hideElementsInCurrentOnly>
<bounds x="834" y="670" width="236" height="129"/>
</OView>
<OView class="oracle.dbtools.crest.swingui.relational.TVTable" oid="6A0B3B47-6174-2908-20D6-1F198E84C6C3" otype="Table" vid="DB4F76FD-4403-384F-5B9C-A06866CC6F90">
<hideElementsInCurrentOnly>false</hideElementsInCurrentOnly>
<bounds x="1627" y="251" width="287" height="149"/>
</OView>
<OView class="oracle.dbtools.crest.swingui.relational.TVTable" oid="7D3DED03-CEA4-F660-BAF4-6C266D4B547B" otype="Table" vid="32CFEC46-4D05-233F-AD17-BCBC4F4A96BA">
<hideElementsInCurrentOnly>false</hideElementsInCurrentOnly>
<bounds x="1953" y="440" width="210" height="110"/>
</OView>
<OView class="oracle.dbtools.crest.swingui.relational.TVTable" oid="99320097-A04E-C636-740C-D7EFC5AB4AB3" otype="Table" vid="09CD42F0-F895-D400-149F-BB5AAA8F4B90">
<hideElementsInCurrentOnly>false</hideElementsInCurrentOnly>
<bounds x="1351" y="723" width="315" height="157"/>
</OView>
<OView class="oracle.dbtools.crest.swingui.relational.TVTable" oid="AD2F80EC-2461-D9D9-5988-86E203C007DA" otype="Table" vid="96E944A8-5553-B58B-9A08-6B81D01F78C4">
<hideElementsInCurrentOnly>false</hideElementsInCurrentOnly>
<bounds x="718" y="150" width="259" height="110"/>
</OView>
<OView class="oracle.dbtools.crest.swingui.relational.TVTable" oid="B04DB75C-DFD4-99E2-061C-166A8E8DD0BC" otype="Table" vid="3F6EC0F4-F86A-8651-5151-5B7F4F87989E">
<hideElementsInCurrentOnly>false</hideElementsInCurrentOnly>
<bounds x="1074" y="723" width="253" height="134"/>
</OView>
<OView class="oracle.dbtools.crest.swingui.relational.TVTable" oid="B4131A07-5D4F-B554-66C1-A66A0FCE94F4" otype="Table" vid="C0879361-988A-89BF-98C5-2B30D972210F">
<hideElementsInCurrentOnly>false</hideElementsInCurrentOnly>
<bounds x="1722" y="865" width="249" height="110"/>
</OView>
<OView class="oracle.dbtools.crest.swingui.relational.TVTable" oid="B45C37E5-74D8-01AE-A9C5-1FBCD2B671CB" otype="Table" vid="F8E99CDA-C15C-E6AC-F57B-4EA2EED938D4">
<hideElementsInCurrentOnly>false</hideElementsInCurrentOnly>
<bounds x="1031" y="530" width="293" height="110"/>
</OView>
<OView class="oracle.dbtools.crest.swingui.relational.TVTable" oid="BC9FD7E5-52D3-BEC8-A443-ECBA0DC66B0E" otype="Table" vid="F39C978C-82E5-DE1C-4C12-078BA6484D4D">
<hideElementsInCurrentOnly>false</hideElementsInCurrentOnly>
<bounds x="557" y="677" width="224" height="78"/>
</OView>
<OView class="oracle.dbtools.crest.swingui.relational.TVTable" oid="BE2495AD-0A8B-2A03-4D9C-B595D620CB27" otype="Table" vid="9F3CE5F6-78CC-CC8A-E829-D5B32ECC1279">
<hideElementsInCurrentOnly>false</hideElementsInCurrentOnly>
<bounds x="758" y="529" width="216" height="116"/>
</OView>
<OView class="oracle.dbtools.crest.swingui.relational.TVTable" oid="C4C61BD2-7FF8-D8F0-5638-0AE32D887250" otype="Table" vid="EC9D26B6-0442-AF6F-F961-F10CA285E33B">
<hideElementsInCurrentOnly>false</hideElementsInCurrentOnly>
<bounds x="1162" y="251" width="273" height="110"/>
</OView>
<OView class="oracle.dbtools.crest.swingui.relational.TVTable" oid="C4E3A68E-5FD8-2014-FFBA-F9D9B486224D" otype="Table" vid="DFD5D386-C26C-BE32-574D-9939D018D2CD">
<hideElementsInCurrentOnly>false</hideElementsInCurrentOnly>
<bounds x="1420" y="415" width="257" height="301"/>
</OView>
<OView class="oracle.dbtools.crest.swingui.relational.TVTable" oid="D42DCC57-2286-58CF-EB61-B0AFF7C775FF" otype="Table" vid="45AECEC2-1220-1F01-C847-5F0028FCE4B1">
<hideElementsInCurrentOnly>false</hideElementsInCurrentOnly>
<bounds x="1078" y="869" width="229" height="110"/>
</OView>
<OView class="oracle.dbtools.crest.swingui.relational.TVTable" oid="E984992F-20BF-D3DA-48A3-2F1932A15505" otype="Table" vid="C8186370-A60A-8CE7-9754-57EE8C059E27">
<hideElementsInCurrentOnly>false</hideElementsInCurrentOnly>
<bounds x="564" y="349" width="206" height="144"/>
</OView>
<OView class="oracle.dbtools.crest.swingui.relational.TVTable" oid="E9DEBAC2-EA92-8AA7-3D3F-84C4F4D9EB34" otype="Table" vid="A51AD923-2EAE-408B-565B-B190EB5545A5">
<hideElementsInCurrentOnly>false</hideElementsInCurrentOnly>
<bounds x="1958" y="174" width="189" height="110"/>
</OView>
<OView class="oracle.dbtools.crest.swingui.relational.TVTable" oid="EBE5833A-A510-71BD-1E65-7A7CD122095F" otype="Table" vid="BA5C3159-2741-1147-5282-8F8A16524481">
<hideElementsInCurrentOnly>false</hideElementsInCurrentOnly>
<bounds x="1768" y="645" width="255" height="180"/>
</OView>
<OView class="oracle.dbtools.crest.swingui.relational.TVTable" oid="F08CCCDC-8327-38A0-7D8D-0C017303E4A6" otype="Table" vid="2AEE06B7-0CED-87D4-E28F-3C113B81FFC4">
<hideElementsInCurrentOnly>false</hideElementsInCurrentOnly>
<bounds x="1405" y="153" width="229" height="85"/>
</OView>
<OView class="oracle.dbtools.crest.swingui.relational.TVTable" oid="F4D9A5F1-6C1F-4D81-F549-05AA48F18BDC" otype="Table" vid="5B972729-FC08-9253-F115-FAD52905DA4B">
<hideElementsInCurrentOnly>false</hideElementsInCurrentOnly>
<bounds x="2058" y="561" width="234" height="110"/>
</OView>
</objectViews>
<connectors>
<Connector class="oracle.dbtools.crest.swingui.relational.TVFKRelation" oid="006C3107-0448-E4CD-D9BA-49D4D2E561E9" otype="FKIndexAssociation" vid_source="2AEE06B7-0CED-87D4-E28F-3C113B81FFC4" vid_target="DFD5D386-C26C-BE32-574D-9939D018D2CD">
<hideElementsInCurrentOnly>false</hideElementsInCurrentOnly>
<backgroundColor>-16777216</backgroundColor>
<lineWidth>1</lineWidth>
<points>
<point x="1527" y="238"/>
<point x="1527" y="415"/>
</points>
</Connector>
<Connector class="oracle.dbtools.crest.swingui.relational.TVFKRelation" oid="028460B7-539E-DCDC-1E15-A7BBE58A00F7" otype="FKIndexAssociation" vid_source="9F3CE5F6-78CC-CC8A-E829-D5B32ECC1279" vid_target="F8E99CDA-C15C-E6AC-F57B-4EA2EED938D4">
<hideElementsInCurrentOnly>false</hideElementsInCurrentOnly>
<backgroundColor>-16777216</backgroundColor>
<lineWidth>1</lineWidth>
<points>
<point x="974" y="605"/>
<point x="995" y="605"/>
<point x="1031" y="605"/>
</points>
</Connector>
<Connector class="oracle.dbtools.crest.swingui.relational.TVFKRelation" oid="06A6B60A-A3AF-BA7B-E969-85B519D0CAA9" otype="FKIndexAssociation" vid_source="BA5C3159-2741-1147-5282-8F8A16524481" vid_target="C0879361-988A-89BF-98C5-2B30D972210F">
<hideElementsInCurrentOnly>false</hideElementsInCurrentOnly>
<backgroundColor>-16777216</backgroundColor>
<lineWidth>1</lineWidth>
<points>
<point x="1869" y="825"/>
<point x="1869" y="865"/>
</points>
</Connector>
<Connector class="oracle.dbtools.crest.swingui.relational.TVFKRelation" oid="09CF47F6-1D9C-EF84-AA72-7322BFB3846C" otype="FKIndexAssociation" vid_source="F8E99CDA-C15C-E6AC-F57B-4EA2EED938D4" vid_target="FC0DCAD7-26BE-CBE4-3867-052E39A4FD2C">
<hideElementsInCurrentOnly>false</hideElementsInCurrentOnly>
<backgroundColor>-16777216</backgroundColor>
<lineWidth>1</lineWidth>
<points>
<point x="1031" y="562"/>
<point x="1016" y="562"/>
<point x="1016" y="515"/>
</points>
</Connector>
<Connector class="oracle.dbtools.crest.swingui.relational.TVFKRelation" oid="0EED0E76-CA6C-506E-B976-F9AD5E18DD7B" otype="FKIndexAssociation" vid_source="FC0DCAD7-26BE-CBE4-3867-052E39A4FD2C" vid_target="DFD5D386-C26C-BE32-574D-9939D018D2CD">
<hideElementsInCurrentOnly>false</hideElementsInCurrentOnly>
<backgroundColor>-16777216</backgroundColor>
<lineWidth>1</lineWidth>
<points>
<point x="1063" y="515"/>
<point x="1063" y="519"/>
<point x="1420" y="519"/>
</points>
</Connector>
<Connector class="oracle.dbtools.crest.swingui.relational.TVFKRelation" oid="1BF5E497-5A03-BAB7-B98C-9A881780D857" otype="FKIndexAssociation" vid_source="C8186370-A60A-8CE7-9754-57EE8C059E27" vid_target="FC0DCAD7-26BE-CBE4-3867-052E39A4FD2C">
<hideElementsInCurrentOnly>false</hideElementsInCurrentOnly>
<backgroundColor>-16777216</backgroundColor>
<lineWidth>1</lineWidth>
<points>
<point x="770" y="421"/>
<point x="801" y="421"/>
</points>
</Connector>
<Connector class="oracle.dbtools.crest.swingui.relational.TVFKRelation" oid="344018C5-EE92-04EF-0682-A1C4ACED774D" otype="FKIndexAssociation" vid_source="52B6EBE0-C3BC-1397-408F-DDFCB683AD81" vid_target="BA5C3159-2741-1147-5282-8F8A16524481">
<hideElementsInCurrentOnly>false</hideElementsInCurrentOnly>
<backgroundColor>-16777216</backgroundColor>
<lineWidth>1</lineWidth>
<points>
<point x="1957" y="385"/>
<point x="1901" y="385"/>
<point x="1901" y="645"/>
</points>
</Connector>
<Connector class="oracle.dbtools.crest.swingui.relational.TVFKRelation" oid="44065D39-93F5-0112-DD95-338BADEA30B6" otype="FKIndexAssociation" vid_source="BA5C3159-2741-1147-5282-8F8A16524481" vid_target="DFD5D386-C26C-BE32-574D-9939D018D2CD">
<hideElementsInCurrentOnly>false</hideElementsInCurrentOnly>
<backgroundColor>-16777216</backgroundColor>
<lineWidth>1</lineWidth>
<points>
<point x="1799" y="645"/>
<point x="1799" y="514"/>
<point x="1677" y="514"/>
</points>
</Connector>
<Connector class="oracle.dbtools.crest.swingui.relational.TVFKRelation" oid="469DB491-4A91-3971-759B-65B05105AB65" otype="FKIndexAssociation" vid_source="F39C978C-82E5-DE1C-4C12-078BA6484D4D" vid_target="3DA79F18-9A00-5C65-017F-8C86D8C20B88">
<hideElementsInCurrentOnly>false</hideElementsInCurrentOnly>
<backgroundColor>-16777216</backgroundColor>
<lineWidth>1</lineWidth>
<points>
<point x="781" y="716"/>
<point x="834" y="716"/>
</points>
</Connector>
<Connector class="oracle.dbtools.crest.swingui.relational.TVFKRelation" oid="4BBC2874-789B-B4C4-9F0D-F35F863A83B6" otype="FKIndexAssociation" vid_source="D3F8AEA8-394F-234E-6436-B9451F3AE2BB" vid_target="DFD5D386-C26C-BE32-574D-9939D018D2CD">
<hideElementsInCurrentOnly>false</hideElementsInCurrentOnly>
<backgroundColor>-16777216</backgroundColor>
<lineWidth>1</lineWidth>
<points>
<point x="1385" y="453"/>
<point x="1420" y="453"/>
</points>
</Connector>
<Connector class="oracle.dbtools.crest.swingui.relational.TVFKRelation" oid="5C62713A-68EA-BF7D-F337-2FF4A584C9EF" otype="FKIndexAssociation" vid_source="96E944A8-5553-B58B-9A08-6B81D01F78C4" vid_target="EC9D26B6-0442-AF6F-F961-F10CA285E33B">
<hideElementsInCurrentOnly>false</hideElementsInCurrentOnly>
<backgroundColor>-16777216</backgroundColor>
<lineWidth>1</lineWidth>
<points>
<point x="977" y="255"/>
<point x="1162" y="255"/>
</points>
</Connector>
<Connector class="oracle.dbtools.crest.swingui.relational.TVFKRelation" oid="77CD2A3D-2B47-DF38-E425-8F21D8B1D9BF" otype="FKIndexAssociation" vid_source="DFD5D386-C26C-BE32-574D-9939D018D2CD" vid_target="C0879361-988A-89BF-98C5-2B30D972210F">
<hideElementsInCurrentOnly>false</hideElementsInCurrentOnly>
<backgroundColor>-16777216</backgroundColor>
<lineWidth>1</lineWidth>
<points>
<point x="1677" y="558"/>
<point x="1756" y="558"/>
<point x="1756" y="865"/>
</points>
</Connector>
<Connector class="oracle.dbtools.crest.swingui.relational.TVFKRelation" oid="802606C3-50B4-DE16-EC42-DBE9E0AA483C" otype="FKIndexAssociation" vid_source="2AEE06B7-0CED-87D4-E28F-3C113B81FFC4" vid_target="FC0DCAD7-26BE-CBE4-3867-052E39A4FD2C">
<hideElementsInCurrentOnly>false</hideElementsInCurrentOnly>
<backgroundColor>-16777216</backgroundColor>
<lineWidth>1</lineWidth>
<points>
<point x="1405" y="232"/>
<point x="1019" y="232"/>
<point x="1019" y="291"/>
</points>
</Connector>
<Connector class="oracle.dbtools.crest.swingui.relational.TVFKRelation" oid="9B7190A6-AED7-1449-DE9E-44B9E21F8D87" otype="FKIndexAssociation" vid_source="32CFEC46-4D05-233F-AD17-BCBC4F4A96BA" vid_target="BA5C3159-2741-1147-5282-8F8A16524481">
<hideElementsInCurrentOnly>false</hideElementsInCurrentOnly>
<backgroundColor>-16777216</backgroundColor>
<lineWidth>1</lineWidth>
<points>
<point x="1988" y="550"/>
<point x="1988" y="645"/>
</points>
</Connector>
<Connector class="oracle.dbtools.crest.swingui.relational.TVFKRelation" oid="A4E2B7BC-366E-263F-D11A-AC6C7AAA65B9" otype="FKIndexAssociation" vid_source="BA5C3159-2741-1147-5282-8F8A16524481" vid_target="5B972729-FC08-9253-F115-FAD52905DA4B">
<hideElementsInCurrentOnly>false</hideElementsInCurrentOnly>
<backgroundColor>-16777216</backgroundColor>
<lineWidth>1</lineWidth>
<points>
<point x="1861" y="645"/>
<point x="1861" y="595"/>
<point x="2058" y="595"/>
</points>
</Connector>
<Connector class="oracle.dbtools.crest.swingui.relational.TVFKRelation" oid="A60128A5-C334-214C-D6E7-A6F5C0346350" otype="FKIndexAssociation" vid_source="BA5C3159-2741-1147-5282-8F8A16524481" vid_target="DB4F76FD-4403-384F-5B9C-A06866CC6F90">
<hideElementsInCurrentOnly>false</hideElementsInCurrentOnly>
<backgroundColor>-16777216</backgroundColor>
<lineWidth>1</lineWidth>
<points>
<point x="1850" y="645"/>
<point x="1850" y="410"/>
<point x="1850" y="375"/>
<point x="1850" y="400"/>
</points>
</Connector>
<Connector class="oracle.dbtools.crest.swingui.relational.TVFKRelation" oid="B3E9437C-5FC4-8DFD-6F97-923796D3255F" otype="FKIndexAssociation" vid_source="EC9D26B6-0442-AF6F-F961-F10CA285E33B" vid_target="DFD5D386-C26C-BE32-574D-9939D018D2CD">
<hideElementsInCurrentOnly>false</hideElementsInCurrentOnly>
<backgroundColor>-16777216</backgroundColor>
<lineWidth>1</lineWidth>
<points>
<point x="1417" y="345"/>
<point x="1417" y="340"/>
<point x="1420" y="415"/>
</points>
</Connector>
<Connector class="oracle.dbtools.crest.swingui.relational.TVFKRelation" oid="B6B9B3B0-A000-7316-15CB-AEC9102F7453" otype="FKIndexAssociation" vid_source="F8E99CDA-C15C-E6AC-F57B-4EA2EED938D4" vid_target="DFD5D386-C26C-BE32-574D-9939D018D2CD">
<hideElementsInCurrentOnly>false</hideElementsInCurrentOnly>
<backgroundColor>-16777216</backgroundColor>
<lineWidth>1</lineWidth>
<points>
<point x="1324" y="585"/>
<point x="1420" y="585"/>
</points>
</Connector>
<Connector class="oracle.dbtools.crest.swingui.relational.TVFKRelation" oid="BB202F21-AF75-963D-D81A-099DBD30D940" otype="FKIndexAssociation" vid_source="09CD42F0-F895-D400-149F-BB5AAA8F4B90" vid_target="3F6EC0F4-F86A-8651-5151-5B7F4F87989E">
<hideElementsInCurrentOnly>false</hideElementsInCurrentOnly>
<backgroundColor>-16777216</backgroundColor>
<lineWidth>1</lineWidth>
<points>
<point x="1355" y="805"/>
<point x="1355" y="805"/>
<point x="1292" y="805"/>
<point x="1292" y="810"/>
</points>
</Connector>
<Connector class="oracle.dbtools.crest.swingui.relational.TVFKRelation" oid="C657C678-064C-D379-5E91-BDE73D13F83B" otype="FKIndexAssociation" vid_source="DFD5D386-C26C-BE32-574D-9939D018D2CD" vid_target="DB4F76FD-4403-384F-5B9C-A06866CC6F90">
<hideElementsInCurrentOnly>false</hideElementsInCurrentOnly>
<backgroundColor>-16777216</backgroundColor>
<lineWidth>1</lineWidth>
<points>
<point x="1546" y="415"/>
<point x="1546" y="399"/>
<point x="1627" y="399"/>
</points>
</Connector>
<Connector class="oracle.dbtools.crest.swingui.relational.TVFKRelation" oid="C6A6A152-2413-F772-5032-FE09D736D0FA" otype="FKIndexAssociation" vid_source="C0879361-988A-89BF-98C5-2B30D972210F" vid_target="09CD42F0-F895-D400-149F-BB5AAA8F4B90">
<hideElementsInCurrentOnly>false</hideElementsInCurrentOnly>
<backgroundColor>-16777216</backgroundColor>
<lineWidth>1</lineWidth>
<points>
<point x="1725" y="865"/>
<point x="1725" y="833"/>
<point x="1666" y="833"/>
</points>
</Connector>
<Connector class="oracle.dbtools.crest.swingui.relational.TVFKRelation" oid="D8C2E0D4-53B7-E2E9-C5BE-13B052D5EFB6" otype="FKIndexAssociation" vid_source="A51AD923-2EAE-408B-565B-B190EB5545A5" vid_target="BA5C3159-2741-1147-5282-8F8A16524481">
<hideElementsInCurrentOnly>false</hideElementsInCurrentOnly>
<backgroundColor>-16777216</backgroundColor>
<lineWidth>1</lineWidth>
<points>
<point x="1958" y="230"/>
<point x="1818" y="230"/>
<point x="1818" y="645"/>
</points>
</Connector>
<Connector class="oracle.dbtools.crest.swingui.relational.TVFKRelation" oid="DC285329-BE16-3491-41F4-3E58D5C6E33D" otype="FKIndexAssociation" vid_source="D3F8AEA8-394F-234E-6436-B9451F3AE2BB" vid_target="FC0DCAD7-26BE-CBE4-3867-052E39A4FD2C">
<hideElementsInCurrentOnly>false</hideElementsInCurrentOnly>
<backgroundColor>-16777216</backgroundColor>
<lineWidth>1</lineWidth>
<points>
<point x="1163" y="437"/>
<point x="1106" y="437"/>
</points>
</Connector>
<Connector class="oracle.dbtools.crest.swingui.relational.TVFKRelation" oid="E4F6D28A-9E1E-6EC2-B6F4-1E8CE8E34574" otype="FKIndexAssociation" vid_source="3DA79F18-9A00-5C65-017F-8C86D8C20B88" vid_target="F8E99CDA-C15C-E6AC-F57B-4EA2EED938D4">
<hideElementsInCurrentOnly>false</hideElementsInCurrentOnly>
<backgroundColor>-16777216</backgroundColor>
<lineWidth>1</lineWidth>
<points>
<point x="1050" y="670"/>
<point x="1050" y="640"/>
</points>
</Connector>
<Connector class="oracle.dbtools.crest.swingui.relational.TVFKRelation" oid="E9B2D04D-1A49-7C68-44C6-F3FD2602AAA3" otype="FKIndexAssociation" vid_source="2AEE06B7-0CED-87D4-E28F-3C113B81FFC4" vid_target="DB4F76FD-4403-384F-5B9C-A06866CC6F90">
<hideElementsInCurrentOnly>false</hideElementsInCurrentOnly>
<backgroundColor>-16777216</backgroundColor>
<lineWidth>1</lineWidth>
<points>
<point x="1634" y="236"/>
<point x="1726" y="236"/>
<point x="1726" y="251"/>
</points>
</Connector>
<Connector class="oracle.dbtools.crest.swingui.relational.TVFKRelation" oid="F8D1543A-AB9D-1A9A-3803-9471F8CF69D7" otype="FKIndexAssociation" vid_source="45AECEC2-1220-1F01-C847-5F0028FCE4B1" vid_target="09CD42F0-F895-D400-149F-BB5AAA8F4B90">
<hideElementsInCurrentOnly>false</hideElementsInCurrentOnly>
<backgroundColor>-16777216</backgroundColor>
<lineWidth>1</lineWidth>
<points>
<point x="1307" y="874"/>
<point x="1351" y="874"/>
</points>
</Connector>
</connectors>
</Diagram>