<?xml version = '1.0' encoding = 'UTF-8'?>
<FKIndexAssociation class="oracle.dbtools.crest.model.design.relational.FKIndexAssociation" directorySegmentName="seg_0" id="0F529294-8EBD-ABC7-C609-760BF1761CA2" containerWithKeyObject="64817EB6-4D57-E86B-9D15-DFBCA2ABAEDE" localFKIndex="CC396649-59D8-5DB1-FA59-73332FC3DFD9" name="VUELO_RESERVA_FK">
<createdBy>matiaszuniga</createdBy>
<createdTime>2025-08-26 02:59:42 UTC</createdTime>
<generatorID>D6831FEF-E1BB-A907-1C18-A1806412FB50</generatorID>
<ownerDesignName>exp1_s2_FMF_MZ</ownerDesignName>
<referredTableLongName>RESERVA</referredTableLongName>
<deleteRule>NO ACTION</deleteRule>
<referredTableID>A3EC6788-EC6B-5FBF-E6FB-37322AD71A79</referredTableID>
<keyObject>885B4205-695E-1043-D8DA-EA31FBBDB274</keyObject>
<referredKeyID>885B4205-695E-1043-D8DA-EA31FBBDB274</referredKeyID>
<mandatory>true</mandatory>
<refColNames>NumeroReserva,PASAJERO_NroPasaporte</refColNames>
<transferable>true</transferable>
<rely>false</rely>
<columnDependencyConstraintGenerateInDDL>true</columnDependencyConstraintGenerateInDDL>
</FKIndexAssociation>