<?xml version = '1.0' encoding = 'UTF-8'?>
<FKIndexAssociation class="oracle.dbtools.crest.model.design.relational.FKIndexAssociation" directorySegmentName="seg_0" id="0F72DC34-50DF-467A-B242-D896A171A731" containerWithKeyObject="E556FE5F-5FAF-58DE-A0B8-2FAF135632AC" localFKIndex="3F3B4B39-9DA0-4508-D04E-A7616C441BF1" name="EQUIPAJE_PASAJERO_FK">
<createdBy>matiaszuniga</createdBy>
<createdTime>2025-08-26 02:59:42 UTC</createdTime>
<generatorID>B28B6DC6-0438-C432-97A7-A4CED61E6DF7</generatorID>
<ownerDesignName>exp1_s2_FMF_MZ</ownerDesignName>
<referredTableLongName>PASAJERO</referredTableLongName>
<deleteRule>NO ACTION</deleteRule>
<referredTableID>F14724AF-85EA-8C8F-DB3C-840C32705D46</referredTableID>
<keyObject>589B10AD-A5A8-CE66-4453-00B89F231B9B</keyObject>
<referredKeyID>589B10AD-A5A8-CE66-4453-00B89F231B9B</referredKeyID>
<mandatory>true</mandatory>
<refColNames>NroPasaporte</refColNames>
<transferable>true</transferable>
<rely>false</rely>
<columnDependencyConstraintGenerateInDDL>true</columnDependencyConstraintGenerateInDDL>
</FKIndexAssociation>