<?xml version = '1.0' encoding = 'UTF-8'?>
<FKIndexAssociation class="oracle.dbtools.crest.model.design.relational.FKIndexAssociation" directorySegmentName="seg_0" id="1DD3B327-DE56-4E97-799B-0148274D4D24" containerWithKeyObject="87B56F1D-18DD-AD88-7CD8-D4BA5FCF3051" localFKIndex="0BEB2C14-593D-917E-1744-C587CD52D21E" name="PILOTO_EMPLEADO_FK">
<createdBy>matiaszuniga</createdBy>
<createdTime>2025-08-26 02:59:42 UTC</createdTime>
<generatorID>9AA56074-2DD0-322C-8873-5B3FE85E2C03</generatorID>
<ownerDesignName>exp1_s2_FMF_MZ</ownerDesignName>
<referredTableLongName>EMPLEADO</referredTableLongName>
<arc>01B23845-C17E-E07A-6EFF-65111CAE4217</arc>
<deleteRule>NO ACTION</deleteRule>
<referredTableID>7B10DC4D-CE0A-559A-84F3-8E912D5854D3</referredTableID>
<keyObject>ADDAE924-3727-03E9-B814-5F9675F4D98D</keyObject>
<referredKeyID>ADDAE924-3727-03E9-B814-5F9675F4D98D</referredKeyID>
<mandatory>true</mandatory>
<refColNames>RUT</refColNames>
<transferable>true</transferable>
<rely>false</rely>
<columnDependencyConstraintGenerateInDDL>true</columnDependencyConstraintGenerateInDDL>
</FKIndexAssociation>