<?xml version = '1.0' encoding = 'UTF-8'?>
<FKIndexAssociation class="oracle.dbtools.crest.model.design.relational.FKIndexAssociation" directorySegmentName="seg_0" id="532B2333-D0B9-5281-1B67-94DBA0896DD5" containerWithKeyObject="3381321A-E0E7-6F80-42A7-89B3F3A18C64" localFKIndex="F408B464-F15D-B567-5554-BC9A8FC98F67" name="ADMINISTRATIVO_EMPLEADO_FK">
<createdBy>matiaszuniga</createdBy>
<createdTime>2025-08-26 02:59:42 UTC</createdTime>
<generatorID>8EFD6564-D387-4DC6-27F8-03F755A135D7</generatorID>
<ownerDesignName>exp1_s2_FMF_MZ</ownerDesignName>
<referredTableLongName>EMPLEADO</referredTableLongName>
<arc>01B23845-C17E-E07A-6EFF-65111CAE4217</arc>
<deleteRule>NO ACTION</deleteRule>
<referredTableID>7B10DC4D-CE0A-559A-84F3-8E912D5854D3</referredTableID>
<keyObject>ADDAE924-3727-03E9-B814-5F9675F4D98D</keyObject>
<referredKeyID>ADDAE924-3727-03E9-B814-5F9675F4D98D</referredKeyID>
<mandatory>true</mandatory>
<refColNames>RUT</refColNames>
<transferable>true</transferable>
<rely>false</rely>
<columnDependencyConstraintGenerateInDDL>true</columnDependencyConstraintGenerateInDDL>
</FKIndexAssociation>