<?xml version = '1.0' encoding = 'UTF-8'?>
<FKIndexAssociation class="oracle.dbtools.crest.model.design.relational.FKIndexAssociation" directorySegmentName="seg_0" id="96752953-B136-EAAA-33C4-A9B7CAB5DF58" containerWithKeyObject="87B56F1D-18DD-AD88-7CD8-D4BA5FCF3051" localFKIndex="29A229F9-A71B-DCC6-5698-AC810E78506E" name="PILOTO_VUELO_FK">
<createdBy>matiaszuniga</createdBy>
<createdTime>2025-08-26 02:59:42 UTC</createdTime>
<generatorID>5C5DF9B5-B571-D222-94A9-1751D9D31E5A</generatorID>
<ownerDesignName>exp1_s2_FMF_MZ</ownerDesignName>
<referredTableLongName>VUELO</referredTableLongName>
<deleteRule>NO ACTION</deleteRule>
<referredTableID>64817EB6-4D57-E86B-9D15-DFBCA2ABAEDE</referredTableID>
<keyObject>D7B95D39-771E-FCEB-FF26-869F9EEF116F</keyObject>
<referredKeyID>D7B95D39-771E-FCEB-FF26-869F9EEF116F</referredKeyID>
<mandatory>true</mandatory>
<refColNames>NumeroVuelo,AVION_Matricula</refColNames>
<transferable>true</transferable>
<rely>false</rely>
<columnDependencyConstraintGenerateInDDL>true</columnDependencyConstraintGenerateInDDL>
</FKIndexAssociation>