<?xml version = '1.0' encoding = 'UTF-8'?>
<FKIndexAssociation class="oracle.dbtools.crest.model.design.relational.FKIndexAssociation" directorySegmentName="seg_0" id="A521D8EE-0899-B3BC-749D-C3C91CF05D56" containerWithKeyObject="3381321A-E0E7-6F80-42A7-89B3F3A18C64" localFKIndex="AB0949A9-54A3-29E1-D43A-3047F51A53F5" name="ADMINISTRATIVO_VUELO_FK">
<createdBy>matiaszuniga</createdBy>
<createdTime>2025-08-26 02:59:42 UTC</createdTime>
<generatorID>102D8466-D44C-65C7-6761-E0C923F7854C</generatorID>
<ownerDesignName>exp1_s2_FMF_MZ</ownerDesignName>
<referredTableLongName>VUELO</referredTableLongName>
<deleteRule>NO ACTION</deleteRule>
<referredTableID>64817EB6-4D57-E86B-9D15-DFBCA2ABAEDE</referredTableID>
<keyObject>D7B95D39-771E-FCEB-FF26-869F9EEF116F</keyObject>
<referredKeyID>D7B95D39-771E-FCEB-FF26-869F9EEF116F</referredKeyID>
<mandatory>true</mandatory>
<refColNames>NumeroVuelo,AVION_Matricula</refColNames>
<transferable>true</transferable>
<rely>false</rely>
<columnDependencyConstraintGenerateInDDL>true</columnDependencyConstraintGenerateInDDL>
</FKIndexAssociation>