<?xml version = '1.0' encoding = 'UTF-8'?>
<FKIndexAssociation class="oracle.dbtools.crest.model.design.relational.FKIndexAssociation" directorySegmentName="seg_0" id="BF6F1CCF-7D7A-2CBB-9B3C-078F28C101A9" containerWithKeyObject="A3EC6788-EC6B-5FBF-E6FB-37322AD71A79" localFKIndex="38D56872-7EBE-F4F5-F05C-FE85685134BC" name="RESERVA_PASAJERO_FK">
<createdBy>matiaszuniga</createdBy>
<createdTime>2025-08-26 02:59:42 UTC</createdTime>
<generatorID>EF3809A2-A7F8-D4DD-8355-ACFC8FB3DC3E</generatorID>
<ownerDesignName>exp1_s2_FMF_MZ</ownerDesignName>
<referredTableLongName>PASAJERO</referredTableLongName>
<deleteRule>NO ACTION</deleteRule>
<referredTableID>F14724AF-85EA-8C8F-DB3C-840C32705D46</referredTableID>
<keyObject>589B10AD-A5A8-CE66-4453-00B89F231B9B</keyObject>
<referredKeyID>589B10AD-A5A8-CE66-4453-00B89F231B9B</referredKeyID>
<mandatory>true</mandatory>
<refColNames>NroPasaporte</refColNames>
<transferable>true</transferable>
<rely>false</rely>
<columnDependencyConstraintGenerateInDDL>true</columnDependencyConstraintGenerateInDDL>
</FKIndexAssociation>