<?xml version = '1.0' encoding = 'UTF-8'?>
<FKIndexAssociation class="oracle.dbtools.crest.model.design.relational.FKIndexAssociation" directorySegmentName="seg_0" id="E009A70A-ADE8-D003-32D1-69E8829D8A39" containerWithKeyObject="64817EB6-4D57-E86B-9D15-DFBCA2ABAEDE" localFKIndex="D1FF1AA2-91C7-F9D2-6DA3-D67784BD2131" name="VUELO_AVION_FK">
<createdBy>matiaszuniga</createdBy>
<createdTime>2025-08-26 02:59:42 UTC</createdTime>
<generatorID>692675CA-0930-5520-B5A8-0C7902CCBB4D</generatorID>
<ownerDesignName>exp1_s2_FMF_MZ</ownerDesignName>
<referredTableLongName>AVION</referredTableLongName>
<deleteRule>NO ACTION</deleteRule>
<referredTableID>0013341F-C768-3A53-E57C-85390B1EC916</referredTableID>
<keyObject>FD96F8A6-C970-9279-8A9E-F241F573DD4E</keyObject>
<referredKeyID>FD96F8A6-C970-9279-8A9E-F241F573DD4E</referredKeyID>
<mandatory>true</mandatory>
<refColNames>Matricula</refColNames>
<transferable>true</transferable>
<rely>false</rely>
<columnDependencyConstraintGenerateInDDL>true</columnDependencyConstraintGenerateInDDL>
</FKIndexAssociation>