<?xml version = '1.0' encoding = 'UTF-8'?>
<relationalModel class="oracle.dbtools.crest.model.design.relational.RelationalDesign" name="Relational_1" id="1E56802A-4A15-1DAC-18A0-FDC748E32124" mainViewID="671AE86A-D10B-0700-A27F-E06AF7C936A1">
<createdBy>mzunigac</createdBy>
<createdTime>2025-09-01 19:02:45 UTC</createdTime>
<ownerDesignName>EXP1_S3_BBDD_MZ</ownerDesignName>
<shouldBeOpen>false</shouldBeOpen>
<selectedRDBMSSite>32076570-2523-435C-2E92-BF29817DFF70</selectedRDBMSSite>
</relationalModel>