<?xml version = '1.0' encoding = 'UTF-8'?>
<Entity class="oracle.dbtools.crest.model.design.logical.Entity" directorySegmentName="seg_0" id="086B1994-6F69-2EB7-883D-30829A1F8BAF" name="ANEXO">
<createdBy>mzunigac</createdBy>
<createdTime>2025-09-01 21:18:10 UTC</createdTime>
<ownerDesignName>EXP1_S3_BBDD_MZ</ownerDesignName>
<engineerTo>
<item key="1E56802A-4A15-1DAC-18A0-FDC748E32124" value="true"/>
</engineerTo>
<adequatelyNormalized>NO</adequatelyNormalized>
<expectedVolumes>0</expectedVolumes>
<fwdEngineeringStrategyName>Single Table</fwdEngineeringStrategyName>
<growthPercent>0</growthPercent>
<growthType>Year</growthType>
<maxVolumes>9999999</maxVolumes>
<minVolumes>0</minVolumes>
<normalForm>Third</normalForm>
<attributes itemClass="oracle.dbtools.crest.model.design.logical.Attribute">
<Attribute name="IdAnexo" id="0EF039FC-6D0B-0B7F-5B2E-320AB7286F3B">
<createdBy>mzunigac</createdBy>
<createdTime>2025-09-01 21:18:16 UTC</createdTime>
<ownerDesignName>EXP1_S3_BBDD_MZ</ownerDesignName>
<engineerTo>
<item key="1E56802A-4A15-1DAC-18A0-FDC748E32124" value="true"/>
</engineerTo>
<useDomainConstraints>false</useDomainConstraints>
<use>1</use>
<logicalDatatype>LOGDT019</logicalDatatype>
<dataTypePrecision>8</dataTypePrecision>
<ownDataTypeParameters>,8,</ownDataTypeParameters>
</Attribute>
<Attribute name="FechaInicio" id="5622363D-849B-BE5D-C40F-CDD636C463F3">
<createdBy>mzunigac</createdBy>
<createdTime>2025-09-01 21:18:49 UTC</createdTime>
<ownerDesignName>EXP1_S3_BBDD_MZ</ownerDesignName>
<engineerTo>
<item key="1E56802A-4A15-1DAC-18A0-FDC748E32124" value="true"/>
</engineerTo>
<useDomainConstraints>false</useDomainConstraints>
<use>1</use>
<logicalDatatype>LOGDT007</logicalDatatype>
<ownDataTypeParameters>,,</ownDataTypeParameters>
</Attribute>
<Attribute name="FechaTermino" id="7D3ACC8C-E5F1-9751-EBF7-7582DCAA9E48">
<createdBy>mzunigac</createdBy>
<createdTime>2025-09-01 21:18:58 UTC</createdTime>
<ownerDesignName>EXP1_S3_BBDD_MZ</ownerDesignName>
<engineerTo>
<item key="1E56802A-4A15-1DAC-18A0-FDC748E32124" value="true"/>
</engineerTo>
<nullsAllowed>true</nullsAllowed>
<useDomainConstraints>false</useDomainConstraints>
<use>1</use>
<logicalDatatype>LOGDT007</logicalDatatype>
<ownDataTypeParameters>,,</ownDataTypeParameters>
</Attribute>
<Attribute name="Observaciones" id="F1BE5D2D-3299-5293-28AA-BC0DCF42D400">
<createdBy>mzunigac</createdBy>
<createdTime>2025-09-01 21:19:05 UTC</createdTime>
<ownerDesignName>EXP1_S3_BBDD_MZ</ownerDesignName>
<engineerTo>
<item key="1E56802A-4A15-1DAC-18A0-FDC748E32124" value="true"/>
</engineerTo>
<nullsAllowed>true</nullsAllowed>
<useDomainConstraints>false</useDomainConstraints>
<use>1</use>
<logicalDatatype>LOGDT024</logicalDatatype>
<dataTypeSize>300</dataTypeSize>
<ownDataTypeParameters>300,,</ownDataTypeParameters>
</Attribute>
<Attribute name="IdContrato" id="EF088271-CAB5-9B56-BC7B-F75704C09424">
<createdBy>mzunigac</createdBy>
<createdTime>2025-09-01 21:32:03 UTC</createdTime>
<generatorID>42F254F4-70B3-9E18-0441-6E394280CCC2</generatorID>
<ownerDesignName>EXP1_S3_BBDD_MZ</ownerDesignName>
<engineerTo>
<item key="1E56802A-4A15-1DAC-18A0-FDC748E32124" value="true"/>
</engineerTo>
<referedAttribute>5A2AACF4-8243-D326-EBDC-5EFD56900398</referedAttribute>
<useDomainConstraints>false</useDomainConstraints>
<use>1</use>
<logicalDatatype>LOGDT024</logicalDatatype>
<dataTypeSize>10</dataTypeSize>
<ownDataTypeParameters>,,</ownDataTypeParameters>
</Attribute>
<Attribute name="IdResidente" id="5A5DAE14-572A-E501-A7E1-982EC13E6905">
<createdBy>mzunigac</createdBy>
<createdTime>2025-09-01 21:32:21 UTC</createdTime>
<generatorID>53018B43-12F2-3A10-FD9F-1F67302C86F8</generatorID>
<ownerDesignName>EXP1_S3_BBDD_MZ</ownerDesignName>
<engineerTo>
<item key="1E56802A-4A15-1DAC-18A0-FDC748E32124" value="true"/>
</engineerTo>
<referedAttribute>740F16D4-A54B-085A-B6ED-2ABB4DC16C14</referedAttribute>
<useDomainConstraints>false</useDomainConstraints>
<use>1</use>
<logicalDatatype>LOGDT024</logicalDatatype>
<dataTypeSize>6</dataTypeSize>
<ownDataTypeParameters>,,</ownDataTypeParameters>
</Attribute>
</attributes>
<identifiers itemClass="oracle.dbtools.crest.model.design.logical.CandidateKey">
<identifier id="7CD178EE-2AF4-C501-211A-848272491416" name="ANEXO PK">
<createdBy>mzunigac</createdBy>
<createdTime>2025-09-01 21:18:27 UTC</createdTime>
<ownerDesignName>EXP1_S3_BBDD_MZ</ownerDesignName>
<engineerTo>
<item key="1E56802A-4A15-1DAC-18A0-FDC748E32124" value="true"/>
</engineerTo>
<pk>true</pk>
<usedAttributes>
<attributeRef>0EF039FC-6D0B-0B7F-5B2E-320AB7286F3B</attributeRef>
</usedAttributes>
</identifier>
</identifiers>
</Entity>