<?xml version = '1.0' encoding = 'UTF-8'?>
<Entity class="oracle.dbtools.crest.model.design.logical.Entity" directorySegmentName="seg_0" id="27EBAC1A-D60C-3A71-AC0C-D5116AD7BE5C" name="MEDICO">
<createdBy>mzunigac</createdBy>
<createdTime>2025-09-01 21:09:49 UTC</createdTime>
<ownerDesignName>EXP1_S3_BBDD_MZ</ownerDesignName>
<engineerTo>
<item key="1E56802A-4A15-1DAC-18A0-FDC748E32124" value="true"/>
</engineerTo>
<adequatelyNormalized>NO</adequatelyNormalized>
<expectedVolumes>0</expectedVolumes>
<fwdEngineeringStrategyName>Single Table</fwdEngineeringStrategyName>
<growthPercent>0</growthPercent>
<growthType>Year</growthType>
<hierarchicalParent>E3369660-EAB8-8257-B325-C6942AD990B0</hierarchicalParent>
<maxVolumes>9999999</maxVolumes>
<minVolumes>0</minVolumes>
<normalForm>Third</normalForm>
<attributes itemClass="oracle.dbtools.crest.model.design.logical.Attribute">
<Attribute name="IdPersonal" id="B3133A8D-E89C-17C6-7084-2F967FF1F20C">
<createdBy>mzunigac</createdBy>
<createdTime>2025-09-01 21:09:55 UTC</createdTime>
<ownerDesignName>EXP1_S3_BBDD_MZ</ownerDesignName>
<engineerTo>
<item key="1E56802A-4A15-1DAC-18A0-FDC748E32124" value="true"/>
</engineerTo>
<useDomainConstraints>false</useDomainConstraints>
<use>1</use>
<logicalDatatype>LOGDT019</logicalDatatype>
<dataTypePrecision>6</dataTypePrecision>
<ownDataTypeParameters>,6,</ownDataTypeParameters>
</Attribute>
<Attribute name="Especialidad" id="7AA132C3-7B72-8807-B625-916EA023EDCB">
<createdBy>mzunigac</createdBy>
<createdTime>2025-09-01 21:10:11 UTC</createdTime>
<ownerDesignName>EXP1_S3_BBDD_MZ</ownerDesignName>
<engineerTo>
<item key="1E56802A-4A15-1DAC-18A0-FDC748E32124" value="true"/>
</engineerTo>
<useDomainConstraints>false</useDomainConstraints>
<use>1</use>
<logicalDatatype>LOGDT024</logicalDatatype>
<dataTypeSize>50</dataTypeSize>
<ownDataTypeParameters>50,,</ownDataTypeParameters>
</Attribute>
<Attribute name="IdPersonal1" id="BC52F5DC-3504-A997-2B86-5AB3492B9FC0">
<createdBy>mzunigac</createdBy>
<createdTime>2025-09-01 21:30:42 UTC</createdTime>
<generatorID>3F9D31FA-35B1-0AF7-A514-8AB7A79C6AB9</generatorID>
<ownerDesignName>EXP1_S3_BBDD_MZ</ownerDesignName>
<engineerTo>
<item key="1E56802A-4A15-1DAC-18A0-FDC748E32124" value="true"/>
</engineerTo>
<nullsAllowed>true</nullsAllowed>
<referedAttribute>B3133A8D-E89C-17C6-7084-2F967FF1F20C</referedAttribute>
<useDomainConstraints>false</useDomainConstraints>
<use>1</use>
<logicalDatatype>LOGDT019</logicalDatatype>
<dataTypePrecision>6</dataTypePrecision>
<ownDataTypeParameters>,,</ownDataTypeParameters>
</Attribute>
</attributes>
<identifiers itemClass="oracle.dbtools.crest.model.design.logical.CandidateKey">
<identifier id="951D492C-0AFA-D87C-E688-9BAC36394B14" name="MEDICO PK">
<createdBy>mzunigac</createdBy>
<createdTime>2025-09-01 21:10:03 UTC</createdTime>
<ownerDesignName>EXP1_S3_BBDD_MZ</ownerDesignName>
<engineerTo>
<item key="1E56802A-4A15-1DAC-18A0-FDC748E32124" value="true"/>
</engineerTo>
<pk>true</pk>
<usedAttributes>
<attributeRef>B3133A8D-E89C-17C6-7084-2F967FF1F20C</attributeRef>
</usedAttributes>
</identifier>
</identifiers>
</Entity>