<?xml version = '1.0' encoding = 'UTF-8'?>
<Entity class="oracle.dbtools.crest.model.design.logical.Entity" directorySegmentName="seg_0" id="44488A91-999F-4CE5-5E43-5FB5D8E8805F" name="CUIDADOR">
<createdBy>mzunigac</createdBy>
<createdTime>2025-09-01 21:11:35 UTC</createdTime>
<ownerDesignName>EXP1_S3_BBDD_MZ</ownerDesignName>
<engineerTo>
<item key="1E56802A-4A15-1DAC-18A0-FDC748E32124" value="true"/>
</engineerTo>
<adequatelyNormalized>NO</adequatelyNormalized>
<expectedVolumes>0</expectedVolumes>
<fwdEngineeringStrategyName>Single Table</fwdEngineeringStrategyName>
<growthPercent>0</growthPercent>
<growthType>Year</growthType>
<hierarchicalParent>E3369660-EAB8-8257-B325-C6942AD990B0</hierarchicalParent>
<maxVolumes>9999999</maxVolumes>
<minVolumes>0</minVolumes>
<normalForm>Third</normalForm>
<attributes itemClass="oracle.dbtools.crest.model.design.logical.Attribute">
<Attribute name="IdPersonal" id="D2B9A484-BA69-518B-8424-F175AE8C9020">
<createdBy>mzunigac</createdBy>
<createdTime>2025-09-01 21:11:40 UTC</createdTime>
<ownerDesignName>EXP1_S3_BBDD_MZ</ownerDesignName>
<engineerTo>
<item key="1E56802A-4A15-1DAC-18A0-FDC748E32124" value="true"/>
</engineerTo>
<useDomainConstraints>false</useDomainConstraints>
<use>1</use>
<logicalDatatype>LOGDT019</logicalDatatype>
<dataTypePrecision>6</dataTypePrecision>
<ownDataTypeParameters>,6,</ownDataTypeParameters>
</Attribute>
</attributes>
<identifiers itemClass="oracle.dbtools.crest.model.design.logical.CandidateKey">
<identifier id="D8ECEDF5-FC71-378D-3A15-0CCACBA2692A" name="CUIDADOR PK">
<createdBy>mzunigac</createdBy>
<createdTime>2025-09-01 21:11:50 UTC</createdTime>
<ownerDesignName>EXP1_S3_BBDD_MZ</ownerDesignName>
<engineerTo>
<item key="1E56802A-4A15-1DAC-18A0-FDC748E32124" value="true"/>
</engineerTo>
<pk>true</pk>
<usedAttributes>
<attributeRef>D2B9A484-BA69-518B-8424-F175AE8C9020</attributeRef>
</usedAttributes>
</identifier>
</identifiers>
</Entity>