<?xml version = '1.0' encoding = 'UTF-8'?>
<Entity class="oracle.dbtools.crest.model.design.logical.Entity" directorySegmentName="seg_0" id="E3369660-EAB8-8257-B325-C6942AD990B0" name="PERSONAL">
<createdBy>mzunigac</createdBy>
<createdTime>2025-09-01 19:08:09 UTC</createdTime>
<ownerDesignName>EXP1_S3_BBDD_MZ</ownerDesignName>
<engineerTo>
<item key="1E56802A-4A15-1DAC-18A0-FDC748E32124" value="true"/>
</engineerTo>
<adequatelyNormalized>NO</adequatelyNormalized>
<expectedVolumes>0</expectedVolumes>
<fwdEngineeringStrategyName>Single Table</fwdEngineeringStrategyName>
<growthPercent>0</growthPercent>
<growthType>Year</growthType>
<maxVolumes>9999999</maxVolumes>
<minVolumes>0</minVolumes>
<normalForm>Third</normalForm>
<discriminatorAttributeID>DF0918C3-18B9-260D-FCBB-842B167ADF06</discriminatorAttributeID>
<discriminatorColumnName>Rol</discriminatorColumnName>
<discriminatorValue>MEDICO</discriminatorValue>
<attributes itemClass="oracle.dbtools.crest.model.design.logical.Attribute">
<Attribute name="IdPersonal" id="3D31AE23-1643-C3A1-78AF-92F91E5A1649">
<createdBy>mzunigac</createdBy>
<createdTime>2025-09-01 19:08:16 UTC</createdTime>
<ownerDesignName>EXP1_S3_BBDD_MZ</ownerDesignName>
<engineerTo>
<item key="1E56802A-4A15-1DAC-18A0-FDC748E32124" value="true"/>
</engineerTo>
<useDomainConstraints>false</useDomainConstraints>
<use>1</use>
<logicalDatatype>LOGDT019</logicalDatatype>
<dataTypePrecision>6</dataTypePrecision>
<ownDataTypeParameters>,6,</ownDataTypeParameters>
</Attribute>
<Attribute name="NombreCompleto" id="1597EA28-101F-2D16-F07B-170DF5DB10BE">
<createdBy>mzunigac</createdBy>
<createdTime>2025-09-01 19:08:33 UTC</createdTime>
<ownerDesignName>EXP1_S3_BBDD_MZ</ownerDesignName>
<engineerTo>
<item key="1E56802A-4A15-1DAC-18A0-FDC748E32124" value="true"/>
</engineerTo>
<useDomainConstraints>false</useDomainConstraints>
<use>1</use>
<logicalDatatype>LOGDT024</logicalDatatype>
<dataTypeSize>100</dataTypeSize>
<ownDataTypeParameters>100,,</ownDataTypeParameters>
</Attribute>
<Attribute name="RUT" id="B3601DC4-F2CC-735C-7CF1-77A67FEA42ED">
<createdBy>mzunigac</createdBy>
<createdTime>2025-09-01 19:08:48 UTC</createdTime>
<ownerDesignName>EXP1_S3_BBDD_MZ</ownerDesignName>
<engineerTo>
<item key="1E56802A-4A15-1DAC-18A0-FDC748E32124" value="true"/>
</engineerTo>
<useDomainConstraints>false</useDomainConstraints>
<use>1</use>
<logicalDatatype>LOGDT024</logicalDatatype>
<dataTypeSize>12</dataTypeSize>
<ownDataTypeParameters>12,,</ownDataTypeParameters>
</Attribute>
<Attribute name="Rol" id="DF0918C3-18B9-260D-FCBB-842B167ADF06">
<createdBy>mzunigac</createdBy>
<createdTime>2025-09-01 19:08:59 UTC</createdTime>
<ownerDesignName>EXP1_S3_BBDD_MZ</ownerDesignName>
<engineerTo>
<item key="1E56802A-4A15-1DAC-18A0-FDC748E32124" value="true"/>
</engineerTo>
<useDomainConstraints>false</useDomainConstraints>
<use>1</use>
<logicalDatatype>LOGDT024</logicalDatatype>
<dataTypeSize>20</dataTypeSize>
<ownDataTypeParameters>20,,</ownDataTypeParameters>
</Attribute>
<Attribute name="FechaIngreso" id="03873FF3-5830-8363-2390-C1C637422EBB">
<createdBy>mzunigac</createdBy>
<createdTime>2025-09-01 19:09:09 UTC</createdTime>
<ownerDesignName>EXP1_S3_BBDD_MZ</ownerDesignName>
<engineerTo>
<item key="1E56802A-4A15-1DAC-18A0-FDC748E32124" value="true"/>
</engineerTo>
<useDomainConstraints>false</useDomainConstraints>
<use>1</use>
<logicalDatatype>LOGDT007</logicalDatatype>
<ownDataTypeParameters>,,</ownDataTypeParameters>
</Attribute>
<Attribute name="IdResidencia" id="CDED9DF6-4EEC-B8B5-BF6A-2F69053DDC88">
<createdBy>mzunigac</createdBy>
<createdTime>2025-09-01 21:29:56 UTC</createdTime>
<generatorID>9163861A-8CB5-8DF8-3C46-F9A1D3D5BF23</generatorID>
<ownerDesignName>EXP1_S3_BBDD_MZ</ownerDesignName>
<engineerTo>
<item key="1E56802A-4A15-1DAC-18A0-FDC748E32124" value="true"/>
</engineerTo>
<referedAttribute>F3CA9CC5-C48C-EC6B-D6B9-2D47DB2B854E</referedAttribute>
<useDomainConstraints>false</useDomainConstraints>
<use>1</use>
<logicalDatatype>LOGDT019</logicalDatatype>
<dataTypePrecision>6</dataTypePrecision>
<ownDataTypeParameters>,,</ownDataTypeParameters>
</Attribute>
</attributes>
<identifiers itemClass="oracle.dbtools.crest.model.design.logical.CandidateKey">
<identifier id="8C623F4E-3721-684F-372F-44EB5EC71B1D" name="PERSONAL PK">
<createdBy>mzunigac</createdBy>
<createdTime>2025-09-01 19:08:31 UTC</createdTime>
<ownerDesignName>EXP1_S3_BBDD_MZ</ownerDesignName>
<engineerTo>
<item key="1E56802A-4A15-1DAC-18A0-FDC748E32124" value="true"/>
</engineerTo>
<pk>true</pk>
<usedAttributes>
<attributeRef>3D31AE23-1643-C3A1-78AF-92F91E5A1649</attributeRef>
</usedAttributes>
</identifier>
</identifiers>
</Entity>