<?xml version = '1.0' encoding = 'UTF-8'?>
<Entity class="oracle.dbtools.crest.model.design.logical.Entity" directorySegmentName="seg_0" id="F23BB363-D14D-9CCF-CFCC-B21CED68CF51" name="APODERADO">
<createdBy>mzunigac</createdBy>
<createdTime>2025-09-01 21:12:24 UTC</createdTime>
<ownerDesignName>EXP1_S3_BBDD_MZ</ownerDesignName>
<engineerTo>
<item key="1E56802A-4A15-1DAC-18A0-FDC748E32124" value="true"/>
</engineerTo>
<adequatelyNormalized>NO</adequatelyNormalized>
<expectedVolumes>0</expectedVolumes>
<fwdEngineeringStrategyName>Single Table</fwdEngineeringStrategyName>
<growthPercent>0</growthPercent>
<growthType>Year</growthType>
<maxVolumes>9999999</maxVolumes>
<minVolumes>0</minVolumes>
<normalForm>Third</normalForm>
<attributes itemClass="oracle.dbtools.crest.model.design.logical.Attribute">
<Attribute name="IdApoderado" id="4FB55108-3F45-D1AB-E2EE-13E1669AD935">
<createdBy>mzunigac</createdBy>
<createdTime>2025-09-01 21:12:29 UTC</createdTime>
<ownerDesignName>EXP1_S3_BBDD_MZ</ownerDesignName>
<engineerTo>
<item key="1E56802A-4A15-1DAC-18A0-FDC748E32124" value="true"/>
</engineerTo>
<useDomainConstraints>false</useDomainConstraints>
<use>1</use>
<logicalDatatype>LOGDT019</logicalDatatype>
<dataTypePrecision>6</dataTypePrecision>
<ownDataTypeParameters>,6,</ownDataTypeParameters>
</Attribute>
<Attribute name="NombreCompleto" id="9FB8AB75-19EB-025E-3A3B-33BA98DC7677">
<createdBy>mzunigac</createdBy>
<createdTime>2025-09-01 21:12:46 UTC</createdTime>
<ownerDesignName>EXP1_S3_BBDD_MZ</ownerDesignName>
<engineerTo>
<item key="1E56802A-4A15-1DAC-18A0-FDC748E32124" value="true"/>
</engineerTo>
<useDomainConstraints>false</useDomainConstraints>
<use>1</use>
<logicalDatatype>LOGDT024</logicalDatatype>
<dataTypeSize>100</dataTypeSize>
<ownDataTypeParameters>100,,</ownDataTypeParameters>
</Attribute>
<Attribute name="RUT" id="7524B559-0527-F43C-63E0-F8392F026312">
<createdBy>mzunigac</createdBy>
<createdTime>2025-09-01 21:12:57 UTC</createdTime>
<ownerDesignName>EXP1_S3_BBDD_MZ</ownerDesignName>
<engineerTo>
<item key="1E56802A-4A15-1DAC-18A0-FDC748E32124" value="true"/>
</engineerTo>
<useDomainConstraints>false</useDomainConstraints>
<use>1</use>
<logicalDatatype>LOGDT024</logicalDatatype>
<dataTypeSize>12</dataTypeSize>
<ownDataTypeParameters>12,,</ownDataTypeParameters>
</Attribute>
<Attribute name="TelefonoContacto" id="ED1CF700-BBB7-40D1-F7AE-A8251DD4F11C">
<createdBy>mzunigac</createdBy>
<createdTime>2025-09-01 21:13:21 UTC</createdTime>
<ownerDesignName>EXP1_S3_BBDD_MZ</ownerDesignName>
<engineerTo>
<item key="1E56802A-4A15-1DAC-18A0-FDC748E32124" value="true"/>
</engineerTo>
<useDomainConstraints>false</useDomainConstraints>
<use>1</use>
<logicalDatatype>LOGDT024</logicalDatatype>
<dataTypeSize>15</dataTypeSize>
<ownDataTypeParameters>15,,</ownDataTypeParameters>
</Attribute>
</attributes>
<identifiers itemClass="oracle.dbtools.crest.model.design.logical.CandidateKey">
<identifier id="92021531-D291-3B93-5686-B2F5D8E0833B" name="APODERADO PK">
<createdBy>mzunigac</createdBy>
<createdTime>2025-09-01 21:12:43 UTC</createdTime>
<ownerDesignName>EXP1_S3_BBDD_MZ</ownerDesignName>
<engineerTo>
<item key="1E56802A-4A15-1DAC-18A0-FDC748E32124" value="true"/>
</engineerTo>
<pk>true</pk>
<usedAttributes>
<attributeRef>4FB55108-3F45-D1AB-E2EE-13E1669AD935</attributeRef>
</usedAttributes>
</identifier>
</identifiers>
</Entity>