<?xml version = '1.0' encoding = 'UTF-8'?>
<Relation class="oracle.dbtools.crest.model.design.logical.InheritanceRelation" name="Hierarchy_2" directorySegmentName="seg_0" id="8EFD6564-D387-4DC6-27F8-03F755A135D7">
<createdBy>matiaszuniga</createdBy>
<createdTime>2025-08-26 00:12:06 UTC</createdTime>
<ownerDesignName>exp1_s2_FMF_MZ</ownerDesignName>
<engineerTo>
<item key="4674779E-ABF4-A7F8-B5DC-B5E9F0EBAE63" value="true"/>
</engineerTo>
<identifying>false</identifying>
<nameOnSource>Super Type</nameOnSource>
<nameOnTarget>Sub Type</nameOnTarget>
<optionalSource>true</optionalSource>
<optionalTarget>true</optionalTarget>
<sourceEntity>B1646D7F-FA01-17DA-5A74-B75505E0869E</sourceEntity>
<targetEntity>143BE016-3B93-6BBB-13BA-5769C222836B</targetEntity>
<transferable>true</transferable>
<deleteRule>NO ACTION</deleteRule>
</Relation>