<?xml version = '1.0' encoding = 'UTF-8'?>
<UserOraclev10g class="oracle.dbtools.crest.model.design.storage.oracle.v10g.UserOraclev10g" name="PRY2204_S9" directorySegmentName="seg_0" id="C97A820B-5921-81E9-E5CC-C92C0248CE47">
<sourceConnName>S9</sourceConnName>
<sourceObjName>PRY2204_S9</sourceObjName>
<createdBy>matiaszuniga</createdBy>
<createdTime>2025-10-12 22:51:32 UTC</createdTime>
<ownerDesignName>EFT_S9_Matias_Zuñiga</ownerDesignName>
<schemaObject>E72B568F-E40F-1988-CA52-96E5ED0AA2F3</schemaObject>
</UserOraclev10g>