<?xml version = '1.0' encoding = 'UTF-8'?>
<Entity class="oracle.dbtools.crest.model.design.logical.Entity" directorySegmentName="seg_0" id="30ECD8C9-0DBD-1667-89FE-281C2FF34F31" name="Pasajero">
<createdBy>mzunigac</createdBy>
<createdTime>2025-08-18 14:58:40 UTC</createdTime>
<ownerDesignName>Formativa_1_Fernandez_Zuñiga_18_08_2025</ownerDesignName>
<engineerTo>
<item key="BA8E526F-D096-8C0F-D0BD-63E48C5E3AFD" value="true"/>
</engineerTo>
<adequatelyNormalized>NO</adequatelyNormalized>
<expectedVolumes>0</expectedVolumes>
<fwdEngineeringStrategyName>Single Table</fwdEngineeringStrategyName>
<growthPercent>0</growthPercent>
<growthType>Year</growthType>
<maxVolumes>9999999</maxVolumes>
<minVolumes>0</minVolumes>
<normalForm>Third</normalForm>
<attributes itemClass="oracle.dbtools.crest.model.design.logical.Attribute">
<Attribute name="NumeroPasaporte" id="7F45EF0D-90C6-F574-0CC5-F60A8EC4CB69">
<createdBy>mzunigac</createdBy>
<createdTime>2025-08-18 14:58:46 UTC</createdTime>
<ownerDesignName>Formativa_1_Fernandez_Zuñiga_18_08_2025</ownerDesignName>
<engineerTo>
<item key="BA8E526F-D096-8C0F-D0BD-63E48C5E3AFD" value="true"/>
</engineerTo>
<use>0</use>
<ownDataTypeParameters>,,</ownDataTypeParameters>
</Attribute>
<Attribute name="NombreCompleto" id="BBECF7AE-8CB6-625C-3175-056D24EE9AC8">
<createdBy>mzunigac</createdBy>
<createdTime>2025-08-18 14:58:58 UTC</createdTime>
<ownerDesignName>Formativa_1_Fernandez_Zuñiga_18_08_2025</ownerDesignName>
<engineerTo>
<item key="BA8E526F-D096-8C0F-D0BD-63E48C5E3AFD" value="true"/>
</engineerTo>
<use>0</use>
<ownDataTypeParameters>,,</ownDataTypeParameters>
</Attribute>
<Attribute name="FechaNacimiento" id="B8576EF0-3645-8C61-1C48-E9A0EBAA3DD4">
<createdBy>mzunigac</createdBy>
<createdTime>2025-08-18 14:59:04 UTC</createdTime>
<ownerDesignName>Formativa_1_Fernandez_Zuñiga_18_08_2025</ownerDesignName>
<engineerTo>
<item key="BA8E526F-D096-8C0F-D0BD-63E48C5E3AFD" value="true"/>
</engineerTo>
<use>0</use>
<ownDataTypeParameters>,,</ownDataTypeParameters>
</Attribute>
<Attribute name="Nacionalidad" id="44CD84D9-4674-30C9-ED98-BA9AB04ADE7F">
<createdBy>mzunigac</createdBy>
<createdTime>2025-08-18 14:59:07 UTC</createdTime>
<ownerDesignName>Formativa_1_Fernandez_Zuñiga_18_08_2025</ownerDesignName>
<engineerTo>
<item key="BA8E526F-D096-8C0F-D0BD-63E48C5E3AFD" value="true"/>
</engineerTo>
<use>0</use>
<ownDataTypeParameters>,,</ownDataTypeParameters>
</Attribute>
<Attribute name="TelefonoContacto" id="5805BB35-A95F-1574-DA29-3BB8816C67A9">
<createdBy>mzunigac</createdBy>
<createdTime>2025-08-18 14:59:10 UTC</createdTime>
<ownerDesignName>Formativa_1_Fernandez_Zuñiga_18_08_2025</ownerDesignName>
<engineerTo>
<item key="BA8E526F-D096-8C0F-D0BD-63E48C5E3AFD" value="true"/>
</engineerTo>
<use>0</use>
<ownDataTypeParameters>,,</ownDataTypeParameters>
</Attribute>
<Attribute name="ID_Pasajero" id="CDDFBC03-9FD4-C679-67B6-A222CB054BCE">
<createdBy>mzunigac</createdBy>
<createdTime>2025-08-18 16:23:53 UTC</createdTime>
<ownerDesignName>Formativa_1_Fernandez_Zuñiga_18_08_2025</ownerDesignName>
<engineerTo>
<item key="BA8E526F-D096-8C0F-D0BD-63E48C5E3AFD" value="true"/>
</engineerTo>
<use>0</use>
<ownDataTypeParameters>,,</ownDataTypeParameters>
</Attribute>
</attributes>
<identifiers itemClass="oracle.dbtools.crest.model.design.logical.CandidateKey">
<identifier id="641BD296-D8FB-6DBB-5C53-6E2EB5C12763" name="Pasajero PK">
<createdBy>mzunigac</createdBy>
<createdTime>2025-08-18 16:19:54 UTC</createdTime>
<ownerDesignName>Formativa_1_Fernandez_Zuñiga_18_08_2025</ownerDesignName>
<engineerTo>
<item key="BA8E526F-D096-8C0F-D0BD-63E48C5E3AFD" value="true"/>
</engineerTo>
<pk>true</pk>
<usedAttributes>
<attributeRef>7F45EF0D-90C6-F574-0CC5-F60A8EC4CB69</attributeRef>
</usedAttributes>
</identifier>
</identifiers>
</Entity>