<?xml version = '1.0' encoding = 'UTF-8'?>
<Entity class="oracle.dbtools.crest.model.design.logical.Entity" directorySegmentName="seg_0" id="57AC2612-A893-2923-E9C3-3B8E45CCFA28" name="Vuelo">
<createdBy>mzunigac</createdBy>
<createdTime>2025-08-18 14:58:05 UTC</createdTime>
<ownerDesignName>Formativa_1_Fernandez_Zuñiga_18_08_2025</ownerDesignName>
<engineerTo>
<item key="BA8E526F-D096-8C0F-D0BD-63E48C5E3AFD" value="true"/>
</engineerTo>
<adequatelyNormalized>NO</adequatelyNormalized>
<expectedVolumes>0</expectedVolumes>
<fwdEngineeringStrategyName>Single Table</fwdEngineeringStrategyName>
<growthPercent>0</growthPercent>
<growthType>Year</growthType>
<maxVolumes>9999999</maxVolumes>
<minVolumes>0</minVolumes>
<normalForm>Third</normalForm>
<attributes itemClass="oracle.dbtools.crest.model.design.logical.Attribute">
<Attribute name="FechaDespegue" id="AFBA5EDB-6E14-92EF-0C72-D43D1C677A56">
<createdBy>mzunigac</createdBy>
<createdTime>2025-08-18 14:58:11 UTC</createdTime>
<ownerDesignName>Formativa_1_Fernandez_Zuñiga_18_08_2025</ownerDesignName>
<engineerTo>
<item key="BA8E526F-D096-8C0F-D0BD-63E48C5E3AFD" value="true"/>
</engineerTo>
<use>0</use>
<ownDataTypeParameters>,,</ownDataTypeParameters>
</Attribute>
<Attribute name="FechaLlegada" id="922CA587-2588-69AD-16CA-86BD0388BD85">
<createdBy>mzunigac</createdBy>
<createdTime>2025-08-18 14:58:17 UTC</createdTime>
<ownerDesignName>Formativa_1_Fernandez_Zuñiga_18_08_2025</ownerDesignName>
<engineerTo>
<item key="BA8E526F-D096-8C0F-D0BD-63E48C5E3AFD" value="true"/>
</engineerTo>
<use>0</use>
<ownDataTypeParameters>,,</ownDataTypeParameters>
</Attribute>
<Attribute name="NumeroVuelo" id="7EF811A2-1171-ADC1-D235-CC1D5026E848">
<createdBy>mzunigac</createdBy>
<createdTime>2025-08-18 14:58:22 UTC</createdTime>
<ownerDesignName>Formativa_1_Fernandez_Zuñiga_18_08_2025</ownerDesignName>
<engineerTo>
<item key="BA8E526F-D096-8C0F-D0BD-63E48C5E3AFD" value="true"/>
</engineerTo>
<use>0</use>
<ownDataTypeParameters>,,</ownDataTypeParameters>
</Attribute>
<Attribute name="HoraSalida" id="21A466F7-C2CB-44F4-8C02-7345CD9D6FB2">
<createdBy>mzunigac</createdBy>
<createdTime>2025-08-18 14:58:26 UTC</createdTime>
<ownerDesignName>Formativa_1_Fernandez_Zuñiga_18_08_2025</ownerDesignName>
<engineerTo>
<item key="BA8E526F-D096-8C0F-D0BD-63E48C5E3AFD" value="true"/>
</engineerTo>
<use>0</use>
<ownDataTypeParameters>,,</ownDataTypeParameters>
</Attribute>
</attributes>
<identifiers itemClass="oracle.dbtools.crest.model.design.logical.CandidateKey">
<identifier id="1A8C3D9A-77B0-88F6-0055-9289BD67CB3E" name="Vuelo PK">
<createdBy>mzunigac</createdBy>
<createdTime>2025-08-18 14:58:31 UTC</createdTime>
<ownerDesignName>Formativa_1_Fernandez_Zuñiga_18_08_2025</ownerDesignName>
<engineerTo>
<item key="BA8E526F-D096-8C0F-D0BD-63E48C5E3AFD" value="true"/>
</engineerTo>
<pk>true</pk>
<usedAttributes>
<attributeRef>7EF811A2-1171-ADC1-D235-CC1D5026E848</attributeRef>
</usedAttributes>
</identifier>
</identifiers>
</Entity>