<?xml version = '1.0' encoding = 'UTF-8'?>
<Entity class="oracle.dbtools.crest.model.design.logical.Entity" directorySegmentName="seg_0" id="9048BE94-CD18-FF4E-0107-6720643F93E7" name="Empleados">
<createdBy>mzunigac</createdBy>
<createdTime>2025-08-18 14:56:47 UTC</createdTime>
<ownerDesignName>Formativa_1_Fernandez_Zuñiga_18_08_2025</ownerDesignName>
<engineerTo>
<item key="BA8E526F-D096-8C0F-D0BD-63E48C5E3AFD" value="true"/>
</engineerTo>
<adequatelyNormalized>NO</adequatelyNormalized>
<expectedVolumes>0</expectedVolumes>
<fwdEngineeringStrategyName>Single Table</fwdEngineeringStrategyName>
<growthPercent>0</growthPercent>
<growthType>Year</growthType>
<maxVolumes>9999999</maxVolumes>
<minVolumes>0</minVolumes>
<normalForm>Third</normalForm>
<attributes itemClass="oracle.dbtools.crest.model.design.logical.Attribute">
<Attribute name="RUT" id="E9B50F1B-1E4F-1F57-CF2D-E1AACA02C255">
<createdBy>mzunigac</createdBy>
<createdTime>2025-08-18 14:56:54 UTC</createdTime>
<ownerDesignName>Formativa_1_Fernandez_Zuñiga_18_08_2025</ownerDesignName>
<engineerTo>
<item key="BA8E526F-D096-8C0F-D0BD-63E48C5E3AFD" value="true"/>
</engineerTo>
<use>0</use>
<ownDataTypeParameters>,,</ownDataTypeParameters>
</Attribute>
<Attribute name="NombreCompleto" id="14BB5949-D58A-D4E5-7F53-7AF0DA9C5152">
<createdBy>mzunigac</createdBy>
<createdTime>2025-08-18 14:57:07 UTC</createdTime>
<ownerDesignName>Formativa_1_Fernandez_Zuñiga_18_08_2025</ownerDesignName>
<engineerTo>
<item key="BA8E526F-D096-8C0F-D0BD-63E48C5E3AFD" value="true"/>
</engineerTo>
<use>0</use>
<ownDataTypeParameters>,,</ownDataTypeParameters>
</Attribute>
<Attribute name="Direccion" id="94CD5542-341F-6EFB-7D10-A5AAF62E2867">
<createdBy>mzunigac</createdBy>
<createdTime>2025-08-18 14:57:15 UTC</createdTime>
<ownerDesignName>Formativa_1_Fernandez_Zuñiga_18_08_2025</ownerDesignName>
<engineerTo>
<item key="BA8E526F-D096-8C0F-D0BD-63E48C5E3AFD" value="true"/>
</engineerTo>
<use>0</use>
<ownDataTypeParameters>,,</ownDataTypeParameters>
</Attribute>
<Attribute name="SueldoBase" id="6E5FFBC7-DD64-AEF2-9531-4BC82EDD11D6">
<createdBy>mzunigac</createdBy>
<createdTime>2025-08-18 14:57:19 UTC</createdTime>
<ownerDesignName>Formativa_1_Fernandez_Zuñiga_18_08_2025</ownerDesignName>
<engineerTo>
<item key="BA8E526F-D096-8C0F-D0BD-63E48C5E3AFD" value="true"/>
</engineerTo>
<use>0</use>
<ownDataTypeParameters>,,</ownDataTypeParameters>
</Attribute>
<Attribute name="FechaIngreso" id="DAFEF44E-9BD6-473A-1AB8-5ABD564742A5">
<createdBy>mzunigac</createdBy>
<createdTime>2025-08-18 14:57:33 UTC</createdTime>
<ownerDesignName>Formativa_1_Fernandez_Zuñiga_18_08_2025</ownerDesignName>
<engineerTo>
<item key="BA8E526F-D096-8C0F-D0BD-63E48C5E3AFD" value="true"/>
</engineerTo>
<use>0</use>
<ownDataTypeParameters>,,</ownDataTypeParameters>
</Attribute>
<Attribute name="Genero" id="E2851264-3350-9F55-8D9E-AAB1A5C5A57A">
<createdBy>mzunigac</createdBy>
<createdTime>2025-08-18 14:57:38 UTC</createdTime>
<ownerDesignName>Formativa_1_Fernandez_Zuñiga_18_08_2025</ownerDesignName>
<engineerTo>
<item key="BA8E526F-D096-8C0F-D0BD-63E48C5E3AFD" value="true"/>
</engineerTo>
<use>0</use>
<ownDataTypeParameters>,,</ownDataTypeParameters>
</Attribute>
<Attribute name="TelefonoContacto" id="31FD6257-AF3A-F496-9094-861C829FCE29">
<createdBy>mzunigac</createdBy>
<createdTime>2025-08-18 14:57:40 UTC</createdTime>
<ownerDesignName>Formativa_1_Fernandez_Zuñiga_18_08_2025</ownerDesignName>
<engineerTo>
<item key="BA8E526F-D096-8C0F-D0BD-63E48C5E3AFD" value="true"/>
</engineerTo>
<nullsAllowed>true</nullsAllowed>
<use>0</use>
<ownDataTypeParameters>,,</ownDataTypeParameters>
</Attribute>
</attributes>
<identifiers itemClass="oracle.dbtools.crest.model.design.logical.CandidateKey">
<identifier id="CB7A43A1-D5E6-4C09-4A91-456864A97C5D" name="Pasajero PK">
<createdBy>mzunigac</createdBy>
<createdTime>2025-08-18 14:57:04 UTC</createdTime>
<ownerDesignName>Formativa_1_Fernandez_Zuñiga_18_08_2025</ownerDesignName>
<engineerTo>
<item key="BA8E526F-D096-8C0F-D0BD-63E48C5E3AFD" value="true"/>
</engineerTo>
<pk>true</pk>
<usedAttributes>
<attributeRef>E9B50F1B-1E4F-1F57-CF2D-E1AACA02C255</attributeRef>
</usedAttributes>
</identifier>
</identifiers>
</Entity>