<?xml version = '1.0' encoding = 'UTF-8'?>
<Entity class="oracle.dbtools.crest.model.design.logical.Entity" directorySegmentName="seg_0" id="EA7A5C86-8AB0-A22B-EFF5-B84FD11F1F82" name="Reservas">
<createdBy>mzunigac</createdBy>
<createdTime>2025-08-18 16:20:25 UTC</createdTime>
<ownerDesignName>Formativa_1_Fernandez_Zuñiga_18_08_2025</ownerDesignName>
<engineerTo>
<item key="BA8E526F-D096-8C0F-D0BD-63E48C5E3AFD" value="true"/>
</engineerTo>
<adequatelyNormalized>NO</adequatelyNormalized>
<expectedVolumes>0</expectedVolumes>
<fwdEngineeringStrategyName>Single Table</fwdEngineeringStrategyName>
<growthPercent>0</growthPercent>
<growthType>Year</growthType>
<maxVolumes>9999999</maxVolumes>
<minVolumes>0</minVolumes>
<normalForm>Third</normalForm>
<attributes itemClass="oracle.dbtools.crest.model.design.logical.Attribute">
<Attribute name="NumeroVuelo" id="DB1301ED-09AB-DF4A-496E-667F754EA22D">
<createdBy>mzunigac</createdBy>
<createdTime>2025-08-18 16:20:44 UTC</createdTime>
<ownerDesignName>Formativa_1_Fernandez_Zuñiga_18_08_2025</ownerDesignName>
<engineerTo>
<item key="BA8E526F-D096-8C0F-D0BD-63E48C5E3AFD" value="true"/>
</engineerTo>
<useDomainConstraints>false</useDomainConstraints>
<use>1</use>
<logicalDatatype>LOGDT019</logicalDatatype>
<ownDataTypeParameters>,,</ownDataTypeParameters>
</Attribute>
<Attribute name="NumeroReserva" id="F628EDED-1C42-A1AB-3F04-EF005D5D422B">
<createdBy>mzunigac</createdBy>
<createdTime>2025-08-18 16:21:00 UTC</createdTime>
<ownerDesignName>Formativa_1_Fernandez_Zuñiga_18_08_2025</ownerDesignName>
<engineerTo>
<item key="BA8E526F-D096-8C0F-D0BD-63E48C5E3AFD" value="true"/>
</engineerTo>
<useDomainConstraints>false</useDomainConstraints>
<use>1</use>
<logicalDatatype>LOGDT019</logicalDatatype>
<ownDataTypeParameters>,,</ownDataTypeParameters>
</Attribute>
<Attribute name="FechaReserva" id="3CA5EC9A-90C5-6F84-4A4C-B60E462FACC4">
<createdBy>mzunigac</createdBy>
<createdTime>2025-08-18 16:21:08 UTC</createdTime>
<ownerDesignName>Formativa_1_Fernandez_Zuñiga_18_08_2025</ownerDesignName>
<engineerTo>
<item key="BA8E526F-D096-8C0F-D0BD-63E48C5E3AFD" value="true"/>
</engineerTo>
<useDomainConstraints>false</useDomainConstraints>
<use>1</use>
<logicalDatatype>LOGDT007</logicalDatatype>
<ownDataTypeParameters>,,</ownDataTypeParameters>
</Attribute>
<Attribute name="FechaViaje" id="728084EE-EE3E-D0F3-5096-E8B414AD24F5">
<createdBy>mzunigac</createdBy>
<createdTime>2025-08-18 16:21:16 UTC</createdTime>
<ownerDesignName>Formativa_1_Fernandez_Zuñiga_18_08_2025</ownerDesignName>
<engineerTo>
<item key="BA8E526F-D096-8C0F-D0BD-63E48C5E3AFD" value="true"/>
</engineerTo>
<useDomainConstraints>false</useDomainConstraints>
<use>1</use>
<logicalDatatype>LOGDT007</logicalDatatype>
<ownDataTypeParameters>,,</ownDataTypeParameters>
</Attribute>
<Attribute name="EstadoReserva" id="95057EAE-1A90-B0A2-C3A8-3536E6FE7FFB">
<createdBy>mzunigac</createdBy>
<createdTime>2025-08-18 16:21:24 UTC</createdTime>
<ownerDesignName>Formativa_1_Fernandez_Zuñiga_18_08_2025</ownerDesignName>
<engineerTo>
<item key="BA8E526F-D096-8C0F-D0BD-63E48C5E3AFD" value="true"/>
</engineerTo>
<useDomainConstraints>false</useDomainConstraints>
<use>1</use>
<logicalDatatype>LOGDT033</logicalDatatype>
<ownDataTypeParameters>,,</ownDataTypeParameters>
</Attribute>
<Attribute name="ID_Pasajero" id="FF81473A-EA67-A70F-CD43-6E88781D54F7">
<createdBy>mzunigac</createdBy>
<createdTime>2025-08-18 16:21:29 UTC</createdTime>
<ownerDesignName>Formativa_1_Fernandez_Zuñiga_18_08_2025</ownerDesignName>
<engineerTo>
<item key="BA8E526F-D096-8C0F-D0BD-63E48C5E3AFD" value="true"/>
</engineerTo>
<useDomainConstraints>false</useDomainConstraints>
<use>1</use>
<logicalDatatype>LOGDT019</logicalDatatype>
<ownDataTypeParameters>,,</ownDataTypeParameters>
</Attribute>
<Attribute name="ID_Empleado" id="10257F4C-F73C-9ABA-1393-57A9E31DADC0">
<createdBy>mzunigac</createdBy>
<createdTime>2025-08-18 16:21:41 UTC</createdTime>
<ownerDesignName>Formativa_1_Fernandez_Zuñiga_18_08_2025</ownerDesignName>
<engineerTo>
<item key="BA8E526F-D096-8C0F-D0BD-63E48C5E3AFD" value="true"/>
</engineerTo>
<useDomainConstraints>false</useDomainConstraints>
<use>1</use>
<logicalDatatype>LOGDT019</logicalDatatype>
<ownDataTypeParameters>,,</ownDataTypeParameters>
</Attribute>
</attributes>
<identifiers itemClass="oracle.dbtools.crest.model.design.logical.CandidateKey">
<identifier id="D27909F2-F504-3DF8-EC8B-D1E775013CBE" name="Reservas PK">
<createdBy>mzunigac</createdBy>
<createdTime>2025-08-18 16:20:58 UTC</createdTime>
<ownerDesignName>Formativa_1_Fernandez_Zuñiga_18_08_2025</ownerDesignName>
<engineerTo>
<item key="BA8E526F-D096-8C0F-D0BD-63E48C5E3AFD" value="true"/>
</engineerTo>
<pk>true</pk>
<usedAttributes>
<attributeRef>DB1301ED-09AB-DF4A-496E-667F754EA22D</attributeRef>
</usedAttributes>
</identifier>
</identifiers>
</Entity>