<?xml version = '1.0' encoding = 'UTF-8'?>
<Relation class="oracle.dbtools.crest.model.design.logical.Relation" name="Relation_6" directorySegmentName="seg_0" id="102D8466-D44C-65C7-6761-E0C923F7854C">
<createdBy>matiaszuniga</createdBy>
<createdTime>2025-08-26 00:25:36 UTC</createdTime>
<ownerDesignName>exp1_s2_FMF_MZ</ownerDesignName>
<engineerTo>
<item key="4674779E-ABF4-A7F8-B5DC-B5E9F0EBAE63" value="true"/>
</engineerTo>
<sourcePk>955D302B-A024-7B6F-EF27-C2CE802C4BEA</sourcePk>
<targetPk>92FC5256-F1C7-3641-32A2-9015188E787F</targetPk>
<identifying>true</identifying>
<optionalSource>true</optionalSource>
<optionalTarget>false</optionalTarget>
<sourceCardinality>1</sourceCardinality>
<sourceEntity>E7068386-C990-0580-A203-19138C41F25B</sourceEntity>
<targetCardinalityString>*</targetCardinalityString>
<targetEntity>143BE016-3B93-6BBB-13BA-5769C222836B</targetEntity>
<transferable>true</transferable>
<deleteRule>NO ACTION</deleteRule>
</Relation>