<?xml version = '1.0' encoding = 'UTF-8'?>
<Relation class="oracle.dbtools.crest.model.design.logical.Relation" name="Relation_10" directorySegmentName="seg_0" id="5C5DF9B5-B571-D222-94A9-1751D9D31E5A">
<createdBy>matiaszuniga</createdBy>
<createdTime>2025-08-26 02:11:19 UTC</createdTime>
<ownerDesignName>exp1_s2_FMF_MZ</ownerDesignName>
<engineerTo>
<item key="4674779E-ABF4-A7F8-B5DC-B5E9F0EBAE63" value="true"/>
</engineerTo>
<sourcePk>955D302B-A024-7B6F-EF27-C2CE802C4BEA</sourcePk>
<targetPk>DD50DE85-D7A7-DEC2-F197-F642F51422F9</targetPk>
<identifying>false</identifying>
<optionalSource>true</optionalSource>
<optionalTarget>false</optionalTarget>
<sourceCardinality>1</sourceCardinality>
<sourceEntity>E7068386-C990-0580-A203-19138C41F25B</sourceEntity>
<targetCardinalityString>*</targetCardinalityString>
<targetEntity>F7260C07-8337-C6C2-042A-BDD653BBB836</targetEntity>
<transferable>true</transferable>
<deleteRule>NO ACTION</deleteRule>
</Relation>