<?xml version = '1.0' encoding = 'UTF-8'?>
<Relation class="oracle.dbtools.crest.model.design.logical.Relation" name="Relation_9" directorySegmentName="seg_0" id="692675CA-0930-5520-B5A8-0C7902CCBB4D">
<createdBy>matiaszuniga</createdBy>
<createdTime>2025-08-26 00:27:47 UTC</createdTime>
<ownerDesignName>exp1_s2_FMF_MZ</ownerDesignName>
<engineerTo>
<item key="4674779E-ABF4-A7F8-B5DC-B5E9F0EBAE63" value="true"/>
</engineerTo>
<sourcePk>42174A9C-498E-2C6A-039B-F68920B2C71F</sourcePk>
<targetPk>955D302B-A024-7B6F-EF27-C2CE802C4BEA</targetPk>
<identifying>true</identifying>
<optionalSource>true</optionalSource>
<optionalTarget>false</optionalTarget>
<sourceCardinality>1</sourceCardinality>
<sourceEntity>579A8247-48B5-529C-89FA-BF35524B835A</sourceEntity>
<targetCardinalityString>*</targetCardinalityString>
<targetEntity>E7068386-C990-0580-A203-19138C41F25B</targetEntity>
<transferable>true</transferable>
<deleteRule>NO ACTION</deleteRule>
</Relation>