<?xml version = '1.0' encoding = 'UTF-8'?>
<Relation class="oracle.dbtools.crest.model.design.logical.Relation" name="Relation_2" directorySegmentName="seg_0" id="B28B6DC6-0438-C432-97A7-A4CED61E6DF7">
<createdBy>matiaszuniga</createdBy>
<createdTime>2025-08-25 23:59:50 UTC</createdTime>
<ownerDesignName>exp1_s2_FMF_MZ</ownerDesignName>
<engineerTo>
<item key="4674779E-ABF4-A7F8-B5DC-B5E9F0EBAE63" value="true"/>
</engineerTo>
<sourcePk>5FD99FDB-BA8D-596B-5009-B394899A0BA7</sourcePk>
<targetPk>5FD99FDB-BA8D-596B-5009-B394899A0BA7</targetPk>
<identifying>false</identifying>
<optionalSource>true</optionalSource>
<optionalTarget>false</optionalTarget>
<sourceCardinality>1</sourceCardinality>
<sourceEntity>E08937FB-52C4-D3B6-8669-1B3D33CA0142</sourceEntity>
<targetCardinalityString>*</targetCardinalityString>
<targetEntity>A1E10383-0857-B7CB-80ED-59AD1CCF9035</targetEntity>
<transferable>true</transferable>
<deleteRule>NO ACTION</deleteRule>
</Relation>