<?xml version = '1.0' encoding = 'UTF-8'?>
<Relation class="oracle.dbtools.crest.model.design.logical.Relation" name="Relation_5" directorySegmentName="seg_0" id="D6831FEF-E1BB-A907-1C18-A1806412FB50">
<createdBy>matiaszuniga</createdBy>
<createdTime>2025-08-26 00:23:32 UTC</createdTime>
<ownerDesignName>exp1_s2_FMF_MZ</ownerDesignName>
<engineerTo>
<item key="4674779E-ABF4-A7F8-B5DC-B5E9F0EBAE63" value="true"/>
</engineerTo>
<sourcePk>CEC966E0-D56E-A544-4F92-4004F22D1620</sourcePk>
<targetPk>955D302B-A024-7B6F-EF27-C2CE802C4BEA</targetPk>
<identifying>false</identifying>
<optionalSource>true</optionalSource>
<optionalTarget>false</optionalTarget>
<sourceCardinality>1</sourceCardinality>
<sourceEntity>AA0995FB-88F4-6528-EC5D-D050F41DE380</sourceEntity>
<targetCardinalityString>1</targetCardinalityString>
<targetEntity>E7068386-C990-0580-A203-19138C41F25B</targetEntity>
<transferable>true</transferable>
<deleteRule>NO ACTION</deleteRule>
</Relation>