<?xml version = '1.0' encoding = 'UTF-8'?>
<Relation class="oracle.dbtools.crest.model.design.logical.Relation" name="Relation_3" directorySegmentName="seg_0" id="EF3809A2-A7F8-D4DD-8355-ACFC8FB3DC3E">
<createdBy>matiaszuniga</createdBy>
<createdTime>2025-08-26 00:22:39 UTC</createdTime>
<ownerDesignName>exp1_s2_FMF_MZ</ownerDesignName>
<engineerTo>
<item key="4674779E-ABF4-A7F8-B5DC-B5E9F0EBAE63" value="true"/>
</engineerTo>
<sourcePk>81C01FE7-5D20-D10D-CE3D-D68FA1EF3A0D</sourcePk>
<targetPk>CEC966E0-D56E-A544-4F92-4004F22D1620</targetPk>
<identifying>true</identifying>
<optionalSource>true</optionalSource>
<optionalTarget>false</optionalTarget>
<sourceCardinality>1</sourceCardinality>
<sourceEntity>E08937FB-52C4-D3B6-8669-1B3D33CA0142</sourceEntity>
<targetCardinalityString>*</targetCardinalityString>
<targetEntity>AA0995FB-88F4-6528-EC5D-D050F41DE380</targetEntity>
<transferable>true</transferable>
<deleteRule>NO ACTION</deleteRule>
</Relation>