<?xml version = '1.0' encoding = 'UTF-8'?>
<Relation class="oracle.dbtools.crest.model.design.logical.Relation" name="Relation_29" directorySegmentName="seg_0" id="050E2E1A-EC0F-C6E9-5D08-ECD8593566EA">
<createdBy>mzunigac</createdBy>
<createdTime>2025-09-15 00:21:24 UTC</createdTime>
<ownerDesignName>EXP2_S5_Matias_Zuñiga</ownerDesignName>
<engineerTo>
<item key="001664F7-80EF-0D0C-7EAA-F2EA6ABC56EB" value="true"/>
</engineerTo>
<sourcePk>1AD5EA4C-799F-BDFF-D95C-45070A39E1C4</sourcePk>
<identifying>false</identifying>
<optionalSource>true</optionalSource>
<optionalTarget>false</optionalTarget>
<sourceCardinality>1</sourceCardinality>
<sourceEntity>A62C6043-55BD-B3C0-0BF6-167306C6ED3B</sourceEntity>
<targetCardinalityString>*</targetCardinalityString>
<targetEntity>53B7B8E4-CC69-42C4-2B0B-605881C1E8A6</targetEntity>
<transferable>true</transferable>
<deleteRule>NO ACTION</deleteRule>
</Relation>