<?xml version = '1.0' encoding = 'UTF-8'?>
<Relation class="oracle.dbtools.crest.model.design.logical.Relation" name="Relation_4" directorySegmentName="seg_0" id="10692C82-7243-F2FA-9DE9-17E0C4359250">
<createdBy>mzunigac</createdBy>
<createdTime>2025-09-15 00:00:51 UTC</createdTime>
<ownerDesignName>EXP2_S5_Matias_Zuñiga</ownerDesignName>
<engineerTo>
<item key="001664F7-80EF-0D0C-7EAA-F2EA6ABC56EB" value="true"/>
</engineerTo>
<sourcePk>7BA686ED-65D7-F542-20A8-1BB7241436A5</sourcePk>
<identifying>false</identifying>
<optionalSource>true</optionalSource>
<optionalTarget>false</optionalTarget>
<sourceCardinality>1</sourceCardinality>
<sourceEntity>0F087133-C967-7402-76BB-C2BEE3B754C7</sourceEntity>
<targetCardinalityString>*</targetCardinalityString>
<targetEntity>26BCF263-476D-2300-74C4-FA989C0083C2</targetEntity>
<transferable>true</transferable>
<deleteRule>NO ACTION</deleteRule>
</Relation>