<?xml version = '1.0' encoding = 'UTF-8'?>
<Relation class="oracle.dbtools.crest.model.design.logical.Relation" name="Relation_16" directorySegmentName="seg_0" id="18DE87D5-72DB-356C-A1E1-F1BF8F0533FC">
<createdBy>mzunigac</createdBy>
<createdTime>2025-09-15 00:09:10 UTC</createdTime>
<ownerDesignName>EXP2_S5_Matias_Zuñiga</ownerDesignName>
<engineerTo>
<item key="001664F7-80EF-0D0C-7EAA-F2EA6ABC56EB" value="true"/>
</engineerTo>
<sourcePk>7BA686ED-65D7-F542-20A8-1BB7241436A5</sourcePk>
<identifying>false</identifying>
<optionalSource>true</optionalSource>
<optionalTarget>false</optionalTarget>
<sourceCardinality>1</sourceCardinality>
<sourceEntity>0F087133-C967-7402-76BB-C2BEE3B754C7</sourceEntity>
<targetCardinalityString>*</targetCardinalityString>
<targetEntity>195E2CE0-6784-6A76-2F75-6F42B921DFA0</targetEntity>
<transferable>true</transferable>
<deleteRule>NO ACTION</deleteRule>
</Relation>