<?xml version = '1.0' encoding = 'UTF-8'?>
<Relation class="oracle.dbtools.crest.model.design.logical.Relation" name="Relation_23" directorySegmentName="seg_0" id="1F23DC21-DAD7-4830-9CEB-E1497A979B05">
<createdBy>mzunigac</createdBy>
<createdTime>2025-09-15 00:16:32 UTC</createdTime>
<ownerDesignName>EXP2_S5_Matias_Zuñiga</ownerDesignName>
<engineerTo>
<item key="001664F7-80EF-0D0C-7EAA-F2EA6ABC56EB" value="true"/>
</engineerTo>
<identifying>false</identifying>
<optionalSource>true</optionalSource>
<optionalTarget>false</optionalTarget>
<sourceCardinality>1</sourceCardinality>
<sourceEntity>0A619117-FFBD-7E7B-0D64-D47BA673C5B9</sourceEntity>
<targetCardinalityString>*</targetCardinalityString>
<targetEntity>0284821C-B73E-64DC-609B-78CE2498372F</targetEntity>
<transferable>true</transferable>
<deleteRule>NO ACTION</deleteRule>
</Relation>