<?xml version = '1.0' encoding = 'UTF-8'?>
<Relation class="oracle.dbtools.crest.model.design.logical.Relation" name="Relation_27" directorySegmentName="seg_0" id="269029EE-85B4-9C07-C078-D7D87046DD93">
<createdBy>mzunigac</createdBy>
<createdTime>2025-09-15 00:20:15 UTC</createdTime>
<ownerDesignName>EXP2_S5_Matias_Zuñiga</ownerDesignName>
<engineerTo>
<item key="001664F7-80EF-0D0C-7EAA-F2EA6ABC56EB" value="true"/>
</engineerTo>
<sourcePk>8C78D065-75A5-5F34-E878-5A4A383552CD</sourcePk>
<identifying>false</identifying>
<optionalSource>true</optionalSource>
<optionalTarget>false</optionalTarget>
<sourceCardinality>1</sourceCardinality>
<sourceEntity>0284821C-B73E-64DC-609B-78CE2498372F</sourceEntity>
<targetCardinalityString>*</targetCardinalityString>
<targetEntity>53B7B8E4-CC69-42C4-2B0B-605881C1E8A6</targetEntity>
<transferable>true</transferable>
<deleteRule>NO ACTION</deleteRule>
</Relation>