<?xml version = '1.0' encoding = 'UTF-8'?>
<Relation class="oracle.dbtools.crest.model.design.logical.Relation" name="Relation_25" directorySegmentName="seg_0" id="273A0BF3-041E-EEE2-9C59-0E57D23DC430">
<createdBy>mzunigac</createdBy>
<createdTime>2025-09-15 00:16:59 UTC</createdTime>
<ownerDesignName>EXP2_S5_Matias_Zuñiga</ownerDesignName>
<engineerTo>
<item key="001664F7-80EF-0D0C-7EAA-F2EA6ABC56EB" value="true"/>
</engineerTo>
<sourcePk>0DD7CEEB-DE2E-2F87-C7DC-53B7BDD4FE5F</sourcePk>
<identifying>false</identifying>
<optionalSource>true</optionalSource>
<optionalTarget>false</optionalTarget>
<sourceCardinality>1</sourceCardinality>
<sourceEntity>4BB3438F-7620-E2E4-F93C-B388E7E19E9D</sourceEntity>
<targetCardinalityString>*</targetCardinalityString>
<targetEntity>53B7B8E4-CC69-42C4-2B0B-605881C1E8A6</targetEntity>
<transferable>true</transferable>
<deleteRule>NO ACTION</deleteRule>
</Relation>