<?xml version = '1.0' encoding = 'UTF-8'?>
<Relation class="oracle.dbtools.crest.model.design.logical.Relation" name="Relation_19" directorySegmentName="seg_0" id="2D6F9665-70BB-5DDB-0B34-77B57EFA529E">
<createdBy>mzunigac</createdBy>
<createdTime>2025-09-15 00:14:52 UTC</createdTime>
<ownerDesignName>EXP2_S5_Matias_Zuñiga</ownerDesignName>
<engineerTo>
<item key="001664F7-80EF-0D0C-7EAA-F2EA6ABC56EB" value="true"/>
</engineerTo>
<sourcePk>0DD7CEEB-DE2E-2F87-C7DC-53B7BDD4FE5F</sourcePk>
<identifying>false</identifying>
<optionalSource>true</optionalSource>
<optionalTarget>false</optionalTarget>
<sourceCardinality>1</sourceCardinality>
<sourceEntity>4BB3438F-7620-E2E4-F93C-B388E7E19E9D</sourceEntity>
<targetCardinalityString>*</targetCardinalityString>
<targetEntity>26BCF263-476D-2300-74C4-FA989C0083C2</targetEntity>
<transferable>true</transferable>
<deleteRule>NO ACTION</deleteRule>
</Relation>