<?xml version = '1.0' encoding = 'UTF-8'?>
<Relation class="oracle.dbtools.crest.model.design.logical.Relation" name="Relation_24" directorySegmentName="seg_0" id="2F7F4A74-5BBD-C981-C82C-69EB88C8BFE2">
<createdBy>mzunigac</createdBy>
<createdTime>2025-09-15 00:16:39 UTC</createdTime>
<ownerDesignName>EXP2_S5_Matias_Zuñiga</ownerDesignName>
<engineerTo>
<item key="001664F7-80EF-0D0C-7EAA-F2EA6ABC56EB" value="true"/>
</engineerTo>
<sourcePk>38AA1D6D-4809-07F2-4F88-A3253AC02EF0</sourcePk>
<identifying>false</identifying>
<optionalSource>true</optionalSource>
<optionalTarget>false</optionalTarget>
<sourceCardinality>1</sourceCardinality>
<sourceEntity>DA7E9AA3-E5B4-754A-A280-C665F2244D76</sourceEntity>
<targetCardinalityString>*</targetCardinalityString>
<targetEntity>0A619117-FFBD-7E7B-0D64-D47BA673C5B9</targetEntity>
<transferable>true</transferable>
<deleteRule>NO ACTION</deleteRule>
</Relation>