<?xml version = '1.0' encoding = 'UTF-8'?>
<Relation class="oracle.dbtools.crest.model.design.logical.Relation" name="Relation_5" directorySegmentName="seg_0" id="320383D7-DD17-4D7F-AA08-3BD5CEB767B2">
<createdBy>mzunigac</createdBy>
<createdTime>2025-09-15 00:01:23 UTC</createdTime>
<ownerDesignName>EXP2_S5_Matias_Zuñiga</ownerDesignName>
<engineerTo>
<item key="001664F7-80EF-0D0C-7EAA-F2EA6ABC56EB" value="true"/>
</engineerTo>
<sourcePk>7097F477-6731-7078-5542-9077ECCEE840</sourcePk>
<identifying>false</identifying>
<optionalSource>true</optionalSource>
<optionalTarget>false</optionalTarget>
<sourceCardinality>1</sourceCardinality>
<sourceEntity>E13F3DD7-09DF-D297-AFA4-D997270AEC63</sourceEntity>
<targetCardinalityString>*</targetCardinalityString>
<targetEntity>0F087133-C967-7402-76BB-C2BEE3B754C7</targetEntity>
<transferable>true</transferable>
<deleteRule>NO ACTION</deleteRule>
</Relation>