<?xml version = '1.0' encoding = 'UTF-8'?>
<Relation class="oracle.dbtools.crest.model.design.logical.Relation" name="Relation_9" directorySegmentName="seg_0" id="4C9E113F-3821-FB30-3298-3B3E74D5B282">
<createdBy>mzunigac</createdBy>
<createdTime>2025-09-15 00:04:13 UTC</createdTime>
<ownerDesignName>EXP2_S5_Matias_Zuñiga</ownerDesignName>
<engineerTo>
<item key="001664F7-80EF-0D0C-7EAA-F2EA6ABC56EB" value="true"/>
</engineerTo>
<sourcePk>C1A01EDC-3C00-6F69-F13B-14B8633C7B48</sourcePk>
<identifying>false</identifying>
<optionalSource>true</optionalSource>
<optionalTarget>false</optionalTarget>
<sourceCardinality>1</sourceCardinality>
<sourceEntity>F8A8AF7F-A444-7244-0585-510309BC795D</sourceEntity>
<targetCardinalityString>*</targetCardinalityString>
<targetEntity>0F087133-C967-7402-76BB-C2BEE3B754C7</targetEntity>
<transferable>true</transferable>
<deleteRule>NO ACTION</deleteRule>
</Relation>