<?xml version = '1.0' encoding = 'UTF-8'?>
<Relation class="oracle.dbtools.crest.model.design.logical.Relation" name="Relation_11" directorySegmentName="seg_0" id="56167AD5-599D-8853-13D5-DFABAD49B5C6">
<createdBy>mzunigac</createdBy>
<createdTime>2025-09-15 00:05:55 UTC</createdTime>
<ownerDesignName>EXP2_S5_Matias_Zuñiga</ownerDesignName>
<engineerTo>
<item key="001664F7-80EF-0D0C-7EAA-F2EA6ABC56EB" value="true"/>
</engineerTo>
<sourcePk>21B30E85-12F6-45C3-9E91-18115BA8D5EB</sourcePk>
<identifying>false</identifying>
<optionalSource>true</optionalSource>
<optionalTarget>false</optionalTarget>
<sourceCardinality>1</sourceCardinality>
<sourceEntity>45AB87F6-4567-386F-9D9E-AB9C5F9FE71C</sourceEntity>
<targetCardinalityString>*</targetCardinalityString>
<targetEntity>D0C553D4-04A9-8B95-EE15-4196BD59A7B6</targetEntity>
<transferable>true</transferable>
<deleteRule>NO ACTION</deleteRule>
</Relation>