<?xml version = '1.0' encoding = 'UTF-8'?>
<Relation class="oracle.dbtools.crest.model.design.logical.Relation" name="Relation_13" directorySegmentName="seg_0" id="7AF7DEC3-A81B-000A-7F96-BF3AC40DB935">
<createdBy>mzunigac</createdBy>
<createdTime>2025-09-15 00:07:01 UTC</createdTime>
<ownerDesignName>EXP2_S5_Matias_Zuñiga</ownerDesignName>
<engineerTo>
<item key="001664F7-80EF-0D0C-7EAA-F2EA6ABC56EB" value="true"/>
</engineerTo>
<sourcePk>45268264-C238-C637-27C5-C1F5EC1D3B07</sourcePk>
<identifying>false</identifying>
<optionalSource>true</optionalSource>
<optionalTarget>false</optionalTarget>
<sourceCardinality>1</sourceCardinality>
<sourceEntity>AA311C48-292A-23CB-A8BA-EBD85E36E48D</sourceEntity>
<targetCardinalityString>*</targetCardinalityString>
<targetEntity>D0C553D4-04A9-8B95-EE15-4196BD59A7B6</targetEntity>
<transferable>true</transferable>
<deleteRule>NO ACTION</deleteRule>
</Relation>