<?xml version = '1.0' encoding = 'UTF-8'?>
<Relation class="oracle.dbtools.crest.model.design.logical.Relation" name="Relation_28" directorySegmentName="seg_0" id="B522D356-67B2-65EC-370A-F4D3A2C300C2">
<createdBy>mzunigac</createdBy>
<createdTime>2025-09-15 00:20:54 UTC</createdTime>
<ownerDesignName>EXP2_S5_Matias_Zuñiga</ownerDesignName>
<engineerTo>
<item key="001664F7-80EF-0D0C-7EAA-F2EA6ABC56EB" value="true"/>
</engineerTo>
<sourcePk>A4E741AE-2B70-8B63-0354-2F4D2DA48BBB</sourcePk>
<identifying>false</identifying>
<optionalSource>true</optionalSource>
<optionalTarget>false</optionalTarget>
<sourceCardinality>1</sourceCardinality>
<sourceEntity>53B7B8E4-CC69-42C4-2B0B-605881C1E8A6</sourceEntity>
<targetCardinalityString>*</targetCardinalityString>
<targetEntity>26BCF263-476D-2300-74C4-FA989C0083C2</targetEntity>
<transferable>true</transferable>
<deleteRule>NO ACTION</deleteRule>
</Relation>