<?xml version = '1.0' encoding = 'UTF-8'?>
<Relation class="oracle.dbtools.crest.model.design.logical.Relation" name="Relation_22" directorySegmentName="seg_0" id="C2CBBA6E-3518-3661-1471-97E3554C1576">
<createdBy>mzunigac</createdBy>
<createdTime>2025-09-15 00:16:13 UTC</createdTime>
<ownerDesignName>EXP2_S5_Matias_Zuñiga</ownerDesignName>
<engineerTo>
<item key="001664F7-80EF-0D0C-7EAA-F2EA6ABC56EB" value="true"/>
</engineerTo>
<sourcePk>5F5BDCB3-B557-9538-F064-53D636A2AE78</sourcePk>
<identifying>false</identifying>
<optionalSource>true</optionalSource>
<optionalTarget>false</optionalTarget>
<sourceCardinality>1</sourceCardinality>
<sourceEntity>86B566F7-EB4D-E53E-363D-98E8AEEE43C1</sourceEntity>
<targetCardinalityString>*</targetCardinalityString>
<targetEntity>0284821C-B73E-64DC-609B-78CE2498372F</targetEntity>
<transferable>true</transferable>
<deleteRule>NO ACTION</deleteRule>
</Relation>