<?xml version = '1.0' encoding = 'UTF-8'?>
<Relation class="oracle.dbtools.crest.model.design.logical.Relation" name="Relation_6" directorySegmentName="seg_0" id="C398CE9F-A12F-1767-CAF6-739574D72F1E">
<createdBy>mzunigac</createdBy>
<createdTime>2025-09-15 00:01:29 UTC</createdTime>
<ownerDesignName>EXP2_S5_Matias_Zuñiga</ownerDesignName>
<engineerTo>
<item key="001664F7-80EF-0D0C-7EAA-F2EA6ABC56EB" value="true"/>
</engineerTo>
<sourcePk>D312ECF4-CDA2-BAAF-B7DF-42D5006D7D41</sourcePk>
<identifying>false</identifying>
<optionalSource>true</optionalSource>
<optionalTarget>false</optionalTarget>
<sourceCardinality>1</sourceCardinality>
<sourceEntity>07C0A002-0C7C-F066-C25E-C0BE15C44F43</sourceEntity>
<targetCardinalityString>*</targetCardinalityString>
<targetEntity>0F087133-C967-7402-76BB-C2BEE3B754C7</targetEntity>
<transferable>true</transferable>
<deleteRule>NO ACTION</deleteRule>
</Relation>