<?xml version = '1.0' encoding = 'UTF-8'?>
<Relation class="oracle.dbtools.crest.model.design.logical.Relation" name="Relation_18" directorySegmentName="seg_0" id="C39E816F-D939-036E-06D0-43E8FB891C42">
<createdBy>mzunigac</createdBy>
<createdTime>2025-09-15 00:13:35 UTC</createdTime>
<ownerDesignName>EXP2_S5_Matias_Zuñiga</ownerDesignName>
<engineerTo>
<item key="001664F7-80EF-0D0C-7EAA-F2EA6ABC56EB" value="true"/>
</engineerTo>
<sourcePk>1AD5EA4C-799F-BDFF-D95C-45070A39E1C4</sourcePk>
<identifying>false</identifying>
<optionalSource>true</optionalSource>
<optionalTarget>false</optionalTarget>
<sourceCardinality>1</sourceCardinality>
<sourceEntity>A62C6043-55BD-B3C0-0BF6-167306C6ED3B</sourceEntity>
<targetCardinalityString>*</targetCardinalityString>
<targetEntity>195E2CE0-6784-6A76-2F75-6F42B921DFA0</targetEntity>
<transferable>true</transferable>
<deleteRule>NO ACTION</deleteRule>
</Relation>