<?xml version = '1.0' encoding = 'UTF-8'?>
<Relation class="oracle.dbtools.crest.model.design.logical.Relation" name="Relation_3" directorySegmentName="seg_0" id="CA4DC3A6-79BA-5AFF-17F2-49ACE291789F">
<createdBy>mzunigac</createdBy>
<createdTime>2025-09-15 00:00:33 UTC</createdTime>
<ownerDesignName>EXP2_S5_Matias_Zuñiga</ownerDesignName>
<engineerTo>
<item key="001664F7-80EF-0D0C-7EAA-F2EA6ABC56EB" value="true"/>
</engineerTo>
<sourcePk>7B76C559-7429-8E97-54B1-A70BF152F42E</sourcePk>
<identifying>false</identifying>
<optionalSource>true</optionalSource>
<optionalTarget>false</optionalTarget>
<sourceCardinality>1</sourceCardinality>
<sourceEntity>97B5ED06-5EF9-1296-4215-9BB1544AE249</sourceEntity>
<targetCardinalityString>1</targetCardinalityString>
<targetEntity>26BCF263-476D-2300-74C4-FA989C0083C2</targetEntity>
<transferable>true</transferable>
<deleteRule>NO ACTION</deleteRule>
</Relation>