<?xml version = '1.0' encoding = 'UTF-8'?>
<Relation class="oracle.dbtools.crest.model.design.logical.Relation" name="Relation_26" directorySegmentName="seg_0" id="E170A9A6-B527-1A1D-63D3-F7A0FA7BC645">
<createdBy>mzunigac</createdBy>
<createdTime>2025-09-15 00:20:00 UTC</createdTime>
<ownerDesignName>EXP2_S5_Matias_Zuñiga</ownerDesignName>
<engineerTo>
<item key="001664F7-80EF-0D0C-7EAA-F2EA6ABC56EB" value="true"/>
</engineerTo>
<sourcePk>5F033C65-EE96-6B8A-A6D4-FA90FDDF373D</sourcePk>
<identifying>false</identifying>
<optionalSource>true</optionalSource>
<optionalTarget>false</optionalTarget>
<sourceCardinality>1</sourceCardinality>
<sourceEntity>2DF7BE81-55EB-4213-1CBC-0E8F5E137F66</sourceEntity>
<targetCardinalityString>*</targetCardinalityString>
<targetEntity>53B7B8E4-CC69-42C4-2B0B-605881C1E8A6</targetEntity>
<transferable>true</transferable>
<deleteRule>NO ACTION</deleteRule>
</Relation>