<?xml version = '1.0' encoding = 'UTF-8'?>
<Relation class="oracle.dbtools.crest.model.design.logical.Relation" name="Relation_15" directorySegmentName="seg_0" id="E2B727E7-1D51-32B7-993E-9636B65573AF">
<createdBy>mzunigac</createdBy>
<createdTime>2025-09-15 00:08:55 UTC</createdTime>
<ownerDesignName>EXP2_S5_Matias_Zuñiga</ownerDesignName>
<engineerTo>
<item key="001664F7-80EF-0D0C-7EAA-F2EA6ABC56EB" value="true"/>
</engineerTo>
<sourcePk>104A561D-372D-146B-6143-B893ECB03743</sourcePk>
<identifying>false</identifying>
<optionalSource>true</optionalSource>
<optionalTarget>false</optionalTarget>
<sourceCardinality>1</sourceCardinality>
<sourceEntity>26BCF263-476D-2300-74C4-FA989C0083C2</sourceEntity>
<targetCardinalityString>*</targetCardinalityString>
<targetEntity>195E2CE0-6784-6A76-2F75-6F42B921DFA0</targetEntity>
<transferable>true</transferable>
<deleteRule>NO ACTION</deleteRule>
</Relation>