<?xml version = '1.0' encoding = 'UTF-8'?>
<Relation class="oracle.dbtools.crest.model.design.logical.Relation" name="Relation_20" directorySegmentName="seg_0" id="F7A7AC16-258F-690D-18B3-418FAB61A1C9">
<createdBy>mzunigac</createdBy>
<createdTime>2025-09-15 00:15:25 UTC</createdTime>
<ownerDesignName>EXP2_S5_Matias_Zuñiga</ownerDesignName>
<engineerTo>
<item key="001664F7-80EF-0D0C-7EAA-F2EA6ABC56EB" value="true"/>
</engineerTo>
<sourcePk>8C78D065-75A5-5F34-E878-5A4A383552CD</sourcePk>
<identifying>false</identifying>
<optionalSource>true</optionalSource>
<optionalTarget>false</optionalTarget>
<sourceCardinality>1</sourceCardinality>
<sourceEntity>0284821C-B73E-64DC-609B-78CE2498372F</sourceEntity>
<targetCardinalityString>*</targetCardinalityString>
<targetEntity>26BCF263-476D-2300-74C4-FA989C0083C2</targetEntity>
<transferable>true</transferable>
<deleteRule>NO ACTION</deleteRule>
</Relation>