<?xml version = '1.0' encoding = 'UTF-8'?>
<Relation class="oracle.dbtools.crest.model.design.logical.Relation" name="Relation_12" directorySegmentName="seg_0" id="FB44F6D9-C0AD-8751-5BA5-61FEB21EBB43">
<createdBy>mzunigac</createdBy>
<createdTime>2025-09-15 00:06:14 UTC</createdTime>
<ownerDesignName>EXP2_S5_Matias_Zuñiga</ownerDesignName>
<engineerTo>
<item key="001664F7-80EF-0D0C-7EAA-F2EA6ABC56EB" value="true"/>
</engineerTo>
<sourcePk>095A269F-9447-367B-1AAA-3871D66A7892</sourcePk>
<identifying>false</identifying>
<optionalSource>true</optionalSource>
<optionalTarget>false</optionalTarget>
<sourceCardinality>1</sourceCardinality>
<sourceEntity>D0C553D4-04A9-8B95-EE15-4196BD59A7B6</sourceEntity>
<targetCardinalityString>1</targetCardinalityString>
<targetEntity>7DE23C39-52F7-D032-6066-E5107277C0EA</targetEntity>
<transferable>true</transferable>
<deleteRule>NO ACTION</deleteRule>
</Relation>