<?xml version = '1.0' encoding = 'UTF-8'?>
<Relation class="oracle.dbtools.crest.model.design.logical.Relation" name="Relation_1" directorySegmentName="seg_0" id="FE51DAE8-A492-E6AE-8EF1-D1C493364AA4">
<createdBy>mzunigac</createdBy>
<createdTime>2025-09-14 23:51:27 UTC</createdTime>
<ownerDesignName>EXP2_S5_Matias_Zuñiga</ownerDesignName>
<engineerTo>
<item key="001664F7-80EF-0D0C-7EAA-F2EA6ABC56EB" value="true"/>
</engineerTo>
<sourcePk>0699D931-C16E-ED9F-7FE4-313281CF071A</sourcePk>
<identifying>true</identifying>
<optionalSource>true</optionalSource>
<optionalTarget>false</optionalTarget>
<sourceCardinality>1</sourceCardinality>
<sourceEntity>5B6F6BF5-CD98-455D-4F8C-F817A72D57E2</sourceEntity>
<targetCardinalityString>*</targetCardinalityString>
<targetEntity>97B5ED06-5EF9-1296-4215-9BB1544AE249</targetEntity>
<transferable>true</transferable>
<deleteRule>NO ACTION</deleteRule>
</Relation>