<?xml version = '1.0' encoding = 'UTF-8'?>
<Table class="oracle.dbtools.crest.model.design.relational.Table" directorySegmentName="seg_0" id="3381321A-E0E7-6F80-42A7-89B3F3A18C64" name="ADMINISTRATIVO">
<createdBy>matiaszuniga</createdBy>
<createdTime>2025-08-26 02:59:42 UTC</createdTime>
<generatorID>143BE016-3B93-6BBB-13BA-5769C222836B</generatorID>
<ownerDesignName>exp1_s2_FMF_MZ</ownerDesignName>
<allowColumnReorder>false</allowColumnReorder>
<existDependencyGenerateInDDl>true</existDependencyGenerateInDDl>
<parsed>true</parsed>
<columns itemClass="oracle.dbtools.crest.model.design.relational.Column">
<Column name="RUT" id="E589B002-A64E-CD77-57E5-D4378FF57FC1">
<createdBy>matiaszuniga</createdBy>
<createdTime>2025-08-26 02:59:42 UTC</createdTime>
<generatorID>66CF8920-E76E-250A-5559-B82B6535C255</generatorID>
<ownerDesignName>exp1_s2_FMF_MZ</ownerDesignName>
<useDomainConstraints>false</useDomainConstraints>
<use>1</use>
<logicalDatatype>LOGDT024</logicalDatatype>
<dataTypeSize>14</dataTypeSize>
<ownDataTypeParameters>,,</ownDataTypeParameters>
<autoIncrementCycle>false</autoIncrementCycle>
<associations>
<colAssociation fkAssociation="532B2333-D0B9-5281-1B67-94DBA0896DD5" referredColumn="DFDD0142-3CEA-3692-ED93-D18622FD9125"/>
</associations>
</Column>
<Column name="Rut1" id="6D89DE21-57EE-2E15-9D07-CC95397CA6B1">
<createdBy>matiaszuniga</createdBy>
<createdTime>2025-08-26 02:59:42 UTC</createdTime>
<generatorID>9B98D66B-8B26-541F-DAE7-B538C85D88BE</generatorID>
<ownerDesignName>exp1_s2_FMF_MZ</ownerDesignName>
<useDomainConstraints>false</useDomainConstraints>
<use>1</use>
<logicalDatatype>LOGDT024</logicalDatatype>
<dataTypeSize>15</dataTypeSize>
<ownDataTypeParameters>15,,</ownDataTypeParameters>
<autoIncrementCycle>false</autoIncrementCycle>
</Column>
<Column name="HorasExtra" id="89BA69D5-B7EF-AA6E-69A6-488B0BE85DA7">
<createdBy>matiaszuniga</createdBy>
<createdTime>2025-08-26 02:59:42 UTC</createdTime>
<generatorID>F16FF67F-8C7E-B333-DFD6-8A66DE3DA0DE</generatorID>
<ownerDesignName>exp1_s2_FMF_MZ</ownerDesignName>
<useDomainConstraints>false</useDomainConstraints>
<use>1</use>
<logicalDatatype>LOGDT019</logicalDatatype>
<dataTypePrecision>6</dataTypePrecision>
<ownDataTypeParameters>,6,</ownDataTypeParameters>
<autoIncrementCycle>false</autoIncrementCycle>
</Column>
<Column name="AFP" id="CFD15EFD-E5B9-CB3F-9B09-8857F67E90A6">
<createdBy>matiaszuniga</createdBy>
<createdTime>2025-08-26 02:59:42 UTC</createdTime>
<generatorID>C5E15465-7F5C-0E3F-F7B4-C3FE467CA89D</generatorID>
<ownerDesignName>exp1_s2_FMF_MZ</ownerDesignName>
<useDomainConstraints>false</useDomainConstraints>
<use>1</use>
<logicalDatatype>LOGDT024</logicalDatatype>
<dataTypeSize>30</dataTypeSize>
<ownDataTypeParameters>30,,</ownDataTypeParameters>
<autoIncrementCycle>false</autoIncrementCycle>
</Column>
<Column name="VUELO_NumeroVuelo" id="C82C0A3C-4E5F-9784-F340-A4209C53A2EA">
<createdBy>matiaszuniga</createdBy>
<createdTime>2025-08-26 02:59:42 UTC</createdTime>
<generatorID>C69FD80D-A431-47BC-D61C-D62F361A0ADA</generatorID>
<ownerDesignName>exp1_s2_FMF_MZ</ownerDesignName>
<useDomainConstraints>false</useDomainConstraints>
<use>1</use>
<logicalDatatype>LOGDT019</logicalDatatype>
<dataTypePrecision>10</dataTypePrecision>
<ownDataTypeParameters>,,</ownDataTypeParameters>
<previousColumn>false</previousColumn>
<autoIncrementCycle>false</autoIncrementCycle>
<associations>
<colAssociation fkAssociation="A521D8EE-0899-B3BC-749D-C3C91CF05D56" referredColumn="BCAB13A5-ABE3-D0AE-51A9-708F89A3C082"/>
</associations>
</Column>
<Column name="VUELO_Matricula1" id="3686BA77-5A63-26D8-E115-288C6DC2A999">
<createdBy>matiaszuniga</createdBy>
<createdTime>2025-08-26 02:59:42 UTC</createdTime>
<generatorID>84FE944A-C005-CFB6-06B4-269C2E9745AB</generatorID>
<ownerDesignName>exp1_s2_FMF_MZ</ownerDesignName>
<useDomainConstraints>false</useDomainConstraints>
<use>1</use>
<logicalDatatype>LOGDT024</logicalDatatype>
<dataTypeSize>10</dataTypeSize>
<ownDataTypeParameters>,,</ownDataTypeParameters>
<previousColumn>false</previousColumn>
<autoIncrementCycle>false</autoIncrementCycle>
<associations>
<colAssociation fkAssociation="A521D8EE-0899-B3BC-749D-C3C91CF05D56" referredColumn="CBD1EA89-0AF3-F49B-8011-9B1DD48CE741"/>
</associations>
</Column>
</columns>
<indexes itemClass="oracle.dbtools.crest.model.design.relational.Index">
<ind_PK_UK id="FE143BEA-875D-65B7-5954-6F19C1DB650E" name="ADMINISTRATIVO_RUT_UN">
<createdBy>matiaszuniga</createdBy>
<createdTime>2025-08-26 02:59:42 UTC</createdTime>
<generatorID>1FA4E656-FF60-67E5-E7BE-0F7753401EB5</generatorID>
<ownerDesignName>exp1_s2_FMF_MZ</ownerDesignName>
<indexState>Unique Constraint</indexState>
<isSurrogateKey>false</isSurrogateKey>
<indexColumnUsage>
<colUsage columnID="E589B002-A64E-CD77-57E5-D4378FF57FC1"/>
</indexColumnUsage>
</ind_PK_UK>
<ind_PK_UK id="B5431530-A108-3B0E-8596-2E9F8DCA4B41" name="ADMINISTRATIVO_Rut1_NumeroVuelo_Matricula1_UN">
<createdBy>matiaszuniga</createdBy>
<createdTime>2025-08-26 02:59:42 UTC</createdTime>
<generatorID>92FC5256-F1C7-3641-32A2-9015188E787F</generatorID>
<ownerDesignName>exp1_s2_FMF_MZ</ownerDesignName>
<indexState>Unique Constraint</indexState>
<isSurrogateKey>false</isSurrogateKey>
<indexColumnUsage>
<colUsage columnID="6D89DE21-57EE-2E15-9D07-CC95397CA6B1"/>
<colUsage columnID="C82C0A3C-4E5F-9784-F340-A4209C53A2EA"/>
<colUsage columnID="3686BA77-5A63-26D8-E115-288C6DC2A999"/>
</indexColumnUsage>
</ind_PK_UK>
<ind_PK_UK id="F408B464-F15D-B567-5554-BC9A8FC98F67" name="ADMINISTRATIVO_EMPLEADO_FK">
<createdBy>matiaszuniga</createdBy>
<createdTime>2025-08-26 02:59:42 UTC</createdTime>
<generatorID>8EFD6564-D387-4DC6-27F8-03F755A135D7</generatorID>
<ownerDesignName>exp1_s2_FMF_MZ</ownerDesignName>
<indexState>Foreign Key</indexState>
<isSurrogateKey>false</isSurrogateKey>
<indexColumnUsage>
<colUsage columnID="E589B002-A64E-CD77-57E5-D4378FF57FC1"/>
</indexColumnUsage>
</ind_PK_UK>
<ind_PK_UK id="AB0949A9-54A3-29E1-D43A-3047F51A53F5" name="ADMINISTRATIVO_VUELO_FK">
<createdBy>matiaszuniga</createdBy>
<createdTime>2025-08-26 02:59:42 UTC</createdTime>
<generatorID>102D8466-D44C-65C7-6761-E0C923F7854C</generatorID>
<ownerDesignName>exp1_s2_FMF_MZ</ownerDesignName>
<indexState>Foreign Key</indexState>
<isSurrogateKey>false</isSurrogateKey>
<indexColumnUsage>
<colUsage columnID="C82C0A3C-4E5F-9784-F340-A4209C53A2EA"/>
<colUsage columnID="3686BA77-5A63-26D8-E115-288C6DC2A999"/>
</indexColumnUsage>
</ind_PK_UK>
</indexes>
</Table>