<?xml version = '1.0' encoding = 'UTF-8'?>
<Table class="oracle.dbtools.crest.model.design.relational.Table" directorySegmentName="seg_0" id="64817EB6-4D57-E86B-9D15-DFBCA2ABAEDE" name="VUELO">
<createdBy>matiaszuniga</createdBy>
<createdTime>2025-08-26 02:59:42 UTC</createdTime>
<generatorID>E7068386-C990-0580-A203-19138C41F25B</generatorID>
<ownerDesignName>exp1_s2_FMF_MZ</ownerDesignName>
<allowColumnReorder>false</allowColumnReorder>
<existDependencyGenerateInDDl>true</existDependencyGenerateInDDl>
<parsed>true</parsed>
<columns itemClass="oracle.dbtools.crest.model.design.relational.Column">
<Column name="NumeroVuelo" id="BCAB13A5-ABE3-D0AE-51A9-708F89A3C082">
<createdBy>matiaszuniga</createdBy>
<createdTime>2025-08-26 02:59:42 UTC</createdTime>
<generatorID>537A0B3A-8542-997B-A9FA-4A65AAD35EEF</generatorID>
<ownerDesignName>exp1_s2_FMF_MZ</ownerDesignName>
<useDomainConstraints>false</useDomainConstraints>
<use>1</use>
<logicalDatatype>LOGDT019</logicalDatatype>
<dataTypePrecision>10</dataTypePrecision>
<ownDataTypeParameters>,10,</ownDataTypeParameters>
<autoIncrementCycle>false</autoIncrementCycle>
</Column>
<Column name="FechaDespegue" id="3C951927-E95E-135A-1921-80294BD263AA">
<createdBy>matiaszuniga</createdBy>
<createdTime>2025-08-26 02:59:42 UTC</createdTime>
<generatorID>97FAC9E8-95AA-12D2-4416-A4C3CF6E868F</generatorID>
<ownerDesignName>exp1_s2_FMF_MZ</ownerDesignName>
<useDomainConstraints>false</useDomainConstraints>
<use>1</use>
<logicalDatatype>LOGDT007</logicalDatatype>
<ownDataTypeParameters>,,</ownDataTypeParameters>
<autoIncrementCycle>false</autoIncrementCycle>
</Column>
<Column name="HoraSalida" id="FB3C43E3-E845-47F8-0BC7-6899D0D8F639">
<createdBy>matiaszuniga</createdBy>
<createdTime>2025-08-26 02:59:42 UTC</createdTime>
<generatorID>8C88CB96-D098-A661-8374-BC5CA09FBA59</generatorID>
<ownerDesignName>exp1_s2_FMF_MZ</ownerDesignName>
<useDomainConstraints>false</useDomainConstraints>
<use>1</use>
<logicalDatatype>LOGDT024</logicalDatatype>
<dataTypeSize>2</dataTypeSize>
<ownDataTypeParameters>2,,</ownDataTypeParameters>
<autoIncrementCycle>false</autoIncrementCycle>
</Column>
<Column name="FechaLlegada" id="4D284955-469C-722F-7F35-BA722A0FDA9E">
<createdBy>matiaszuniga</createdBy>
<createdTime>2025-08-26 02:59:42 UTC</createdTime>
<generatorID>A1C2DF15-336A-2A5C-1B8B-4464D97E1F4A</generatorID>
<ownerDesignName>exp1_s2_FMF_MZ</ownerDesignName>
<useDomainConstraints>false</useDomainConstraints>
<use>1</use>
<logicalDatatype>LOGDT007</logicalDatatype>
<ownDataTypeParameters>,,</ownDataTypeParameters>
<autoIncrementCycle>false</autoIncrementCycle>
</Column>
<Column name="CiudadOrigen" id="99A1238B-A441-CC24-C304-59F70913971A">
<createdBy>matiaszuniga</createdBy>
<createdTime>2025-08-26 02:59:42 UTC</createdTime>
<generatorID>84D62010-FF69-DAF4-2A91-BFDFC7E50380</generatorID>
<ownerDesignName>exp1_s2_FMF_MZ</ownerDesignName>
<useDomainConstraints>false</useDomainConstraints>
<use>1</use>
<logicalDatatype>LOGDT024</logicalDatatype>
<dataTypeSize>50</dataTypeSize>
<ownDataTypeParameters>50,,</ownDataTypeParameters>
<autoIncrementCycle>false</autoIncrementCycle>
</Column>
<Column name="CiudadDestino" id="8F852A1D-655F-3843-D5FB-302E5D92D35E">
<createdBy>matiaszuniga</createdBy>
<createdTime>2025-08-26 02:59:42 UTC</createdTime>
<generatorID>2A184D8E-DB03-AF9F-9F8A-5798A71877E3</generatorID>
<ownerDesignName>exp1_s2_FMF_MZ</ownerDesignName>
<useDomainConstraints>false</useDomainConstraints>
<use>1</use>
<logicalDatatype>LOGDT024</logicalDatatype>
<dataTypeSize>50</dataTypeSize>
<ownDataTypeParameters>50,,</ownDataTypeParameters>
<autoIncrementCycle>false</autoIncrementCycle>
</Column>
<Column name="Matricula" id="45B6164C-3500-4778-D0F9-7FE2F063B477">
<createdBy>matiaszuniga</createdBy>
<createdTime>2025-08-26 02:59:42 UTC</createdTime>
<generatorID>939A6BE0-41E9-9237-F58A-089C99126304</generatorID>
<ownerDesignName>exp1_s2_FMF_MZ</ownerDesignName>
<useDomainConstraints>false</useDomainConstraints>
<use>1</use>
<logicalDatatype>LOGDT024</logicalDatatype>
<dataTypeSize>12</dataTypeSize>
<ownDataTypeParameters>12,,</ownDataTypeParameters>
<autoIncrementCycle>false</autoIncrementCycle>
</Column>
<Column name="RutEmpleadoAdmin" id="B3E59C4F-83F4-1AC9-BD28-0158DBE65303">
<createdBy>matiaszuniga</createdBy>
<createdTime>2025-08-26 02:59:42 UTC</createdTime>
<generatorID>1290E406-6157-EFE5-BD5B-41DE932221CD</generatorID>
<ownerDesignName>exp1_s2_FMF_MZ</ownerDesignName>
<useDomainConstraints>false</useDomainConstraints>
<use>1</use>
<logicalDatatype>LOGDT024</logicalDatatype>
<dataTypeSize>13</dataTypeSize>
<ownDataTypeParameters>13,,</ownDataTypeParameters>
<autoIncrementCycle>false</autoIncrementCycle>
</Column>
<Column name="RESERVA_NumeroReserva" id="7EA87D0D-7003-38EB-3082-A82EC853AD42">
<createdBy>matiaszuniga</createdBy>
<createdTime>2025-08-26 02:59:42 UTC</createdTime>
<generatorID>084B9C02-A3D2-D131-3CFF-05B91F20B88D</generatorID>
<ownerDesignName>exp1_s2_FMF_MZ</ownerDesignName>
<useDomainConstraints>false</useDomainConstraints>
<use>1</use>
<logicalDatatype>LOGDT019</logicalDatatype>
<dataTypePrecision>20</dataTypePrecision>
<ownDataTypeParameters>,,</ownDataTypeParameters>
<previousColumn>false</previousColumn>
<autoIncrementCycle>false</autoIncrementCycle>
<associations>
<colAssociation fkAssociation="0F529294-8EBD-ABC7-C609-760BF1761CA2" referredColumn="45591228-B89D-C24C-D0DF-115ACAED5F13"/>
</associations>
</Column>
<Column name="RESERVA_PASAJERO_NroPasaporte" id="199F159C-0D61-6A7E-5C7D-37E6A8EDCA19">
<createdBy>matiaszuniga</createdBy>
<createdTime>2025-08-26 02:59:42 UTC</createdTime>
<generatorID>6DC61EBB-1EAE-37EA-6F15-D59DC895B4E7</generatorID>
<ownerDesignName>exp1_s2_FMF_MZ</ownerDesignName>
<useDomainConstraints>false</useDomainConstraints>
<use>1</use>
<logicalDatatype>LOGDT024</logicalDatatype>
<dataTypeSize>20</dataTypeSize>
<ownDataTypeParameters>,,</ownDataTypeParameters>
<previousColumn>false</previousColumn>
<autoIncrementCycle>false</autoIncrementCycle>
<associations>
<colAssociation fkAssociation="0F529294-8EBD-ABC7-C609-760BF1761CA2" referredColumn="E917D635-94CB-4472-0E7F-BC92F22FD41D"/>
</associations>
</Column>
<Column name="AVION_Matricula" id="CBD1EA89-0AF3-F49B-8011-9B1DD48CE741">
<createdBy>matiaszuniga</createdBy>
<createdTime>2025-08-26 02:59:42 UTC</createdTime>
<generatorID>02C2E8E2-D085-ECA3-23CF-ACC0B4C1D6E9</generatorID>
<ownerDesignName>exp1_s2_FMF_MZ</ownerDesignName>
<useDomainConstraints>false</useDomainConstraints>
<use>1</use>
<logicalDatatype>LOGDT024</logicalDatatype>
<dataTypeSize>10</dataTypeSize>
<ownDataTypeParameters>,,</ownDataTypeParameters>
<previousColumn>false</previousColumn>
<autoIncrementCycle>false</autoIncrementCycle>
<associations>
<colAssociation fkAssociation="E009A70A-ADE8-D003-32D1-69E8829D8A39" referredColumn="C8C91A45-4289-3C22-5E17-11ABF7F9A1A5"/>
</associations>
</Column>
<Column name="RutPiloto" id="6022A65E-3F06-DC56-9F29-913CFD3FF509">
<createdBy>matiaszuniga</createdBy>
<createdTime>2025-08-26 02:59:42 UTC</createdTime>
<generatorID>B6157926-38A5-6A38-9FC2-D1A97C535FBD</generatorID>
<ownerDesignName>exp1_s2_FMF_MZ</ownerDesignName>
<useDomainConstraints>false</useDomainConstraints>
<use>1</use>
<logicalDatatype>LOGDT024</logicalDatatype>
<dataTypeSize>15</dataTypeSize>
<ownDataTypeParameters>15,,</ownDataTypeParameters>
<autoIncrementCycle>false</autoIncrementCycle>
</Column>
</columns>
<indexes itemClass="oracle.dbtools.crest.model.design.relational.Index">
<ind_PK_UK id="D7B95D39-771E-FCEB-FF26-869F9EEF116F" name="VUELO_PK">
<createdBy>matiaszuniga</createdBy>
<createdTime>2025-08-26 02:59:42 UTC</createdTime>
<generatorID>955D302B-A024-7B6F-EF27-C2CE802C4BEA</generatorID>
<ownerDesignName>exp1_s2_FMF_MZ</ownerDesignName>
<pk>true</pk>
<indexState>Primary Constraint</indexState>
<isSurrogateKey>false</isSurrogateKey>
<indexColumnUsage>
<colUsage columnID="BCAB13A5-ABE3-D0AE-51A9-708F89A3C082"/>
<colUsage columnID="CBD1EA89-0AF3-F49B-8011-9B1DD48CE741"/>
</indexColumnUsage>
</ind_PK_UK>
<ind_PK_UK id="385C2203-6AE8-73F8-C38F-0285B2B0C903" name="VUELO__IDX">
<createdBy>matiaszuniga</createdBy>
<createdTime>2025-08-26 02:59:42 UTC</createdTime>
<ownerDesignName>exp1_s2_FMF_MZ</ownerDesignName>
<indexState>Unique Plain Index</indexState>
<isSurrogateKey>false</isSurrogateKey>
<relationGeneratorID>D6831FEF-E1BB-A907-1C18-A1806412FB50</relationGeneratorID>
<indexColumnUsage>
<colUsage columnID="7EA87D0D-7003-38EB-3082-A82EC853AD42"/>
<colUsage columnID="199F159C-0D61-6A7E-5C7D-37E6A8EDCA19"/>
</indexColumnUsage>
</ind_PK_UK>
<ind_PK_UK id="CC396649-59D8-5DB1-FA59-73332FC3DFD9" name="VUELO_RESERVA_FK">
<createdBy>matiaszuniga</createdBy>
<createdTime>2025-08-26 02:59:42 UTC</createdTime>
<generatorID>D6831FEF-E1BB-A907-1C18-A1806412FB50</generatorID>
<ownerDesignName>exp1_s2_FMF_MZ</ownerDesignName>
<indexState>Foreign Key</indexState>
<isSurrogateKey>false</isSurrogateKey>
<indexColumnUsage>
<colUsage columnID="7EA87D0D-7003-38EB-3082-A82EC853AD42"/>
<colUsage columnID="199F159C-0D61-6A7E-5C7D-37E6A8EDCA19"/>
</indexColumnUsage>
</ind_PK_UK>
<ind_PK_UK id="D1FF1AA2-91C7-F9D2-6DA3-D67784BD2131" name="VUELO_AVION_FK">
<createdBy>matiaszuniga</createdBy>
<createdTime>2025-08-26 02:59:42 UTC</createdTime>
<generatorID>692675CA-0930-5520-B5A8-0C7902CCBB4D</generatorID>
<ownerDesignName>exp1_s2_FMF_MZ</ownerDesignName>
<indexState>Foreign Key</indexState>
<isSurrogateKey>false</isSurrogateKey>
<indexColumnUsage>
<colUsage columnID="CBD1EA89-0AF3-F49B-8011-9B1DD48CE741"/>
</indexColumnUsage>
</ind_PK_UK>
</indexes>
</Table>