<?xml version = '1.0' encoding = 'UTF-8'?>
<Table class="oracle.dbtools.crest.model.design.relational.Table" directorySegmentName="seg_0" id="7B10DC4D-CE0A-559A-84F3-8E912D5854D3" name="EMPLEADO">
<createdBy>matiaszuniga</createdBy>
<createdTime>2025-08-26 02:59:42 UTC</createdTime>
<generatorID>B1646D7F-FA01-17DA-5A74-B75505E0869E</generatorID>
<ownerDesignName>exp1_s2_FMF_MZ</ownerDesignName>
<allowColumnReorder>false</allowColumnReorder>
<existDependencyGenerateInDDl>true</existDependencyGenerateInDDl>
<parsed>true</parsed>
<columns itemClass="oracle.dbtools.crest.model.design.relational.Column">
<Column name="RUT" id="DFDD0142-3CEA-3692-ED93-D18622FD9125">
<createdBy>matiaszuniga</createdBy>
<createdTime>2025-08-26 02:59:42 UTC</createdTime>
<generatorID>66CF8920-E76E-250A-5559-B82B6535C255</generatorID>
<ownerDesignName>exp1_s2_FMF_MZ</ownerDesignName>
<useDomainConstraints>false</useDomainConstraints>
<use>1</use>
<logicalDatatype>LOGDT024</logicalDatatype>
<dataTypeSize>14</dataTypeSize>
<ownDataTypeParameters>14,,</ownDataTypeParameters>
<autoIncrementCycle>false</autoIncrementCycle>
</Column>
<Column name="NombreCompleto" id="0B8AA389-C8EE-EF30-B809-26430227510C">
<createdBy>matiaszuniga</createdBy>
<createdTime>2025-08-26 02:59:42 UTC</createdTime>
<generatorID>862CC569-9FAA-78C8-7D0A-894E5F947C63</generatorID>
<ownerDesignName>exp1_s2_FMF_MZ</ownerDesignName>
<useDomainConstraints>false</useDomainConstraints>
<use>1</use>
<logicalDatatype>LOGDT024</logicalDatatype>
<dataTypeSize>100</dataTypeSize>
<ownDataTypeParameters>100,,</ownDataTypeParameters>
<autoIncrementCycle>false</autoIncrementCycle>
</Column>
<Column name="Direccion" id="DE873DC2-F8E3-FC13-51AD-3BC109ACB696">
<createdBy>matiaszuniga</createdBy>
<createdTime>2025-08-26 02:59:42 UTC</createdTime>
<generatorID>182A991F-875C-7933-7DA8-EE925505403E</generatorID>
<ownerDesignName>exp1_s2_FMF_MZ</ownerDesignName>
<useDomainConstraints>false</useDomainConstraints>
<use>1</use>
<logicalDatatype>LOGDT024</logicalDatatype>
<dataTypeSize>150</dataTypeSize>
<ownDataTypeParameters>150,,</ownDataTypeParameters>
<autoIncrementCycle>false</autoIncrementCycle>
</Column>
<Column name="SueldoBase" id="3B233FB2-8EEE-A43F-A94D-71059B563F94">
<createdBy>matiaszuniga</createdBy>
<createdTime>2025-08-26 02:59:42 UTC</createdTime>
<generatorID>FA6657AF-CCC4-0572-E6A1-F470D7804A96</generatorID>
<ownerDesignName>exp1_s2_FMF_MZ</ownerDesignName>
<useDomainConstraints>false</useDomainConstraints>
<use>1</use>
<logicalDatatype>LOGDT019</logicalDatatype>
<dataTypePrecision>10</dataTypePrecision>
<dataTypeScale>2</dataTypeScale>
<ownDataTypeParameters>,10,2</ownDataTypeParameters>
<autoIncrementCycle>false</autoIncrementCycle>
</Column>
<Column name="FechaIngreso" id="DE76271B-5F48-63BC-34DD-5FB5C1AEC968">
<createdBy>matiaszuniga</createdBy>
<createdTime>2025-08-26 02:59:42 UTC</createdTime>
<generatorID>75F6B796-74DD-6BFC-6151-AADB2C4E7792</generatorID>
<ownerDesignName>exp1_s2_FMF_MZ</ownerDesignName>
<useDomainConstraints>false</useDomainConstraints>
<use>1</use>
<logicalDatatype>LOGDT007</logicalDatatype>
<ownDataTypeParameters>,,</ownDataTypeParameters>
<autoIncrementCycle>false</autoIncrementCycle>
</Column>
<Column name="Genero" id="EB1DA0D1-ADAB-F653-DF97-C723B84274B6">
<createdBy>matiaszuniga</createdBy>
<createdTime>2025-08-26 02:59:42 UTC</createdTime>
<generatorID>F305F664-1DDB-7795-1B23-494B2ECB7DE9</generatorID>
<ownerDesignName>exp1_s2_FMF_MZ</ownerDesignName>
<useDomainConstraints>false</useDomainConstraints>
<use>1</use>
<logicalDatatype>LOGDT024</logicalDatatype>
<dataTypeSize>1</dataTypeSize>
<ownDataTypeParameters>1,,</ownDataTypeParameters>
<autoIncrementCycle>false</autoIncrementCycle>
</Column>
<Column name="TelefonoMovil" id="77701C59-12E6-8D87-B243-454420FA7962">
<createdBy>matiaszuniga</createdBy>
<createdTime>2025-08-26 02:59:42 UTC</createdTime>
<generatorID>37F02B5B-FC80-61CC-E7A1-A47DDC533FA5</generatorID>
<ownerDesignName>exp1_s2_FMF_MZ</ownerDesignName>
<useDomainConstraints>false</useDomainConstraints>
<use>1</use>
<logicalDatatype>LOGDT024</logicalDatatype>
<dataTypeSize>15</dataTypeSize>
<ownDataTypeParameters>15,,</ownDataTypeParameters>
<autoIncrementCycle>false</autoIncrementCycle>
</Column>
<Column name="TelefonoContacto" id="DD2130BA-A190-60A7-70CE-2DF1E0C758C9">
<createdBy>matiaszuniga</createdBy>
<createdTime>2025-08-26 02:59:42 UTC</createdTime>
<generatorID>4D4749AC-E485-6ACF-C903-7CC47E2D3949</generatorID>
<ownerDesignName>exp1_s2_FMF_MZ</ownerDesignName>
<nullsAllowed>true</nullsAllowed>
<useDomainConstraints>false</useDomainConstraints>
<use>1</use>
<logicalDatatype>LOGDT024</logicalDatatype>
<dataTypeSize>15</dataTypeSize>
<ownDataTypeParameters>15,,</ownDataTypeParameters>
<autoIncrementCycle>false</autoIncrementCycle>
</Column>
<Column name="TipoEmpleado" id="74C4FBC5-26E2-E9EB-0442-00B98430E487">
<createdBy>matiaszuniga</createdBy>
<createdTime>2025-08-26 02:59:42 UTC</createdTime>
<generatorID>FC60EEE1-2F39-C326-E1F9-E4F6B0E1A0D9</generatorID>
<ownerDesignName>exp1_s2_FMF_MZ</ownerDesignName>
<useDomainConstraints>false</useDomainConstraints>
<use>1</use>
<logicalDatatype>LOGDT024</logicalDatatype>
<dataTypeSize>10</dataTypeSize>
<ownDataTypeParameters>10,,</ownDataTypeParameters>
<autoIncrementCycle>false</autoIncrementCycle>
</Column>
</columns>
<indexes itemClass="oracle.dbtools.crest.model.design.relational.Index">
<ind_PK_UK id="ADDAE924-3727-03E9-B814-5F9675F4D98D" name="EMPLEADO_PK">
<createdBy>matiaszuniga</createdBy>
<createdTime>2025-08-26 02:59:42 UTC</createdTime>
<generatorID>1FA4E656-FF60-67E5-E7BE-0F7753401EB5</generatorID>
<ownerDesignName>exp1_s2_FMF_MZ</ownerDesignName>
<pk>true</pk>
<indexState>Primary Constraint</indexState>
<isSurrogateKey>false</isSurrogateKey>
<indexColumnUsage>
<colUsage columnID="DFDD0142-3CEA-3692-ED93-D18622FD9125"/>
</indexColumnUsage>
</ind_PK_UK>
</indexes>
</Table>