<?xml version = '1.0' encoding = 'UTF-8'?>
<Table class="oracle.dbtools.crest.model.design.relational.Table" directorySegmentName="seg_0" id="87B56F1D-18DD-AD88-7CD8-D4BA5FCF3051" name="PILOTO">
<createdBy>matiaszuniga</createdBy>
<createdTime>2025-08-26 02:59:42 UTC</createdTime>
<generatorID>F7260C07-8337-C6C2-042A-BDD653BBB836</generatorID>
<ownerDesignName>exp1_s2_FMF_MZ</ownerDesignName>
<allowColumnReorder>false</allowColumnReorder>
<existDependencyGenerateInDDl>true</existDependencyGenerateInDDl>
<parsed>true</parsed>
<columns itemClass="oracle.dbtools.crest.model.design.relational.Column">
<Column name="RUT" id="474FE713-6C72-77FB-C7D5-D0AA0B54BACF">
<createdBy>matiaszuniga</createdBy>
<createdTime>2025-08-26 02:59:42 UTC</createdTime>
<generatorID>66CF8920-E76E-250A-5559-B82B6535C255</generatorID>
<ownerDesignName>exp1_s2_FMF_MZ</ownerDesignName>
<useDomainConstraints>false</useDomainConstraints>
<use>1</use>
<logicalDatatype>LOGDT024</logicalDatatype>
<dataTypeSize>14</dataTypeSize>
<ownDataTypeParameters>,,</ownDataTypeParameters>
<autoIncrementCycle>false</autoIncrementCycle>
<associations>
<colAssociation fkAssociation="1DD3B327-DE56-4E97-799B-0148274D4D24" referredColumn="DFDD0142-3CEA-3692-ED93-D18622FD9125"/>
</associations>
</Column>
<Column name="Rut1" id="7BED44A1-C855-A38B-9478-15AC9673A77F">
<createdBy>matiaszuniga</createdBy>
<createdTime>2025-08-26 02:59:42 UTC</createdTime>
<generatorID>3C254FF3-6975-41F0-9944-04BD434E587B</generatorID>
<ownerDesignName>exp1_s2_FMF_MZ</ownerDesignName>
<useDomainConstraints>false</useDomainConstraints>
<use>1</use>
<logicalDatatype>LOGDT024</logicalDatatype>
<dataTypeSize>15</dataTypeSize>
<ownDataTypeParameters>15,,</ownDataTypeParameters>
<autoIncrementCycle>false</autoIncrementCycle>
</Column>
<Column name="HorasVuelo" id="8046F696-3D35-1125-C3C9-E23DA4F66C60">
<createdBy>matiaszuniga</createdBy>
<createdTime>2025-08-26 02:59:42 UTC</createdTime>
<generatorID>6AC73A6D-E205-53CD-1B8F-3B9E0206CC2F</generatorID>
<ownerDesignName>exp1_s2_FMF_MZ</ownerDesignName>
<useDomainConstraints>false</useDomainConstraints>
<use>1</use>
<logicalDatatype>LOGDT019</logicalDatatype>
<dataTypePrecision>6</dataTypePrecision>
<ownDataTypeParameters>,6,</ownDataTypeParameters>
<autoIncrementCycle>false</autoIncrementCycle>
</Column>
<Column name="AFP" id="416B3420-16BE-8017-60FC-DC5DC347F9A4">
<createdBy>matiaszuniga</createdBy>
<createdTime>2025-08-26 02:59:42 UTC</createdTime>
<generatorID>3C426AE6-3E9A-2054-04A7-C3CAEF3A2CEC</generatorID>
<ownerDesignName>exp1_s2_FMF_MZ</ownerDesignName>
<useDomainConstraints>false</useDomainConstraints>
<use>1</use>
<logicalDatatype>LOGDT024</logicalDatatype>
<dataTypeSize>30</dataTypeSize>
<ownDataTypeParameters>30,,</ownDataTypeParameters>
<autoIncrementCycle>false</autoIncrementCycle>
</Column>
<Column name="VUELO_NumeroVuelo" id="92FD98AF-BF3A-1674-E03B-E0CA247FD7F4">
<createdBy>matiaszuniga</createdBy>
<createdTime>2025-08-26 02:59:42 UTC</createdTime>
<generatorID>00BF69F3-E6CD-AAB1-4D64-6F558147839E</generatorID>
<ownerDesignName>exp1_s2_FMF_MZ</ownerDesignName>
<useDomainConstraints>false</useDomainConstraints>
<use>1</use>
<logicalDatatype>LOGDT019</logicalDatatype>
<dataTypePrecision>10</dataTypePrecision>
<ownDataTypeParameters>,,</ownDataTypeParameters>
<previousColumn>false</previousColumn>
<autoIncrementCycle>false</autoIncrementCycle>
<associations>
<colAssociation fkAssociation="96752953-B136-EAAA-33C4-A9B7CAB5DF58" referredColumn="BCAB13A5-ABE3-D0AE-51A9-708F89A3C082"/>
</associations>
</Column>
<Column name="VUELO_Matricula1" id="2D5B29AD-F045-D6DB-7DB5-C933548F2471">
<createdBy>matiaszuniga</createdBy>
<createdTime>2025-08-26 02:59:42 UTC</createdTime>
<generatorID>4DDB4AF8-93B4-44E2-14B3-BE2E32F43C51</generatorID>
<ownerDesignName>exp1_s2_FMF_MZ</ownerDesignName>
<useDomainConstraints>false</useDomainConstraints>
<use>1</use>
<logicalDatatype>LOGDT024</logicalDatatype>
<dataTypeSize>10</dataTypeSize>
<ownDataTypeParameters>,,</ownDataTypeParameters>
<previousColumn>false</previousColumn>
<autoIncrementCycle>false</autoIncrementCycle>
<associations>
<colAssociation fkAssociation="96752953-B136-EAAA-33C4-A9B7CAB5DF58" referredColumn="CBD1EA89-0AF3-F49B-8011-9B1DD48CE741"/>
</associations>
</Column>
</columns>
<indexes itemClass="oracle.dbtools.crest.model.design.relational.Index">
<ind_PK_UK id="244D9AF5-4939-4F70-9EB9-2C7B059D49E3" name="PILOTO_PK">
<createdBy>matiaszuniga</createdBy>
<createdTime>2025-08-26 02:59:42 UTC</createdTime>
<generatorID>1FA4E656-FF60-67E5-E7BE-0F7753401EB5</generatorID>
<ownerDesignName>exp1_s2_FMF_MZ</ownerDesignName>
<pk>true</pk>
<indexState>Primary Constraint</indexState>
<isSurrogateKey>false</isSurrogateKey>
<indexColumnUsage>
<colUsage columnID="474FE713-6C72-77FB-C7D5-D0AA0B54BACF"/>
</indexColumnUsage>
</ind_PK_UK>
<ind_PK_UK id="F8C03D2D-D15D-31F6-1F75-1336BA36C2D8" name="PILOTO_PKv1">
<createdBy>matiaszuniga</createdBy>
<createdTime>2025-08-26 02:59:42 UTC</createdTime>
<generatorID>DD50DE85-D7A7-DEC2-F197-F642F51422F9</generatorID>
<ownerDesignName>exp1_s2_FMF_MZ</ownerDesignName>
<indexState>Unique Constraint</indexState>
<isSurrogateKey>false</isSurrogateKey>
<indexColumnUsage>
<colUsage columnID="7BED44A1-C855-A38B-9478-15AC9673A77F"/>
</indexColumnUsage>
</ind_PK_UK>
<ind_PK_UK id="0BEB2C14-593D-917E-1744-C587CD52D21E" name="PILOTO_EMPLEADO_FK">
<createdBy>matiaszuniga</createdBy>
<createdTime>2025-08-26 02:59:42 UTC</createdTime>
<generatorID>9AA56074-2DD0-322C-8873-5B3FE85E2C03</generatorID>
<ownerDesignName>exp1_s2_FMF_MZ</ownerDesignName>
<indexState>Foreign Key</indexState>
<isSurrogateKey>false</isSurrogateKey>
<indexColumnUsage>
<colUsage columnID="474FE713-6C72-77FB-C7D5-D0AA0B54BACF"/>
</indexColumnUsage>
</ind_PK_UK>
<ind_PK_UK id="29A229F9-A71B-DCC6-5698-AC810E78506E" name="PILOTO_VUELO_FK">
<createdBy>matiaszuniga</createdBy>
<createdTime>2025-08-26 02:59:42 UTC</createdTime>
<generatorID>5C5DF9B5-B571-D222-94A9-1751D9D31E5A</generatorID>
<ownerDesignName>exp1_s2_FMF_MZ</ownerDesignName>
<indexState>Foreign Key</indexState>
<isSurrogateKey>false</isSurrogateKey>
<indexColumnUsage>
<colUsage columnID="92FD98AF-BF3A-1674-E03B-E0CA247FD7F4"/>
<colUsage columnID="2D5B29AD-F045-D6DB-7DB5-C933548F2471"/>
</indexColumnUsage>
</ind_PK_UK>
</indexes>
</Table>