<?xml version = '1.0' encoding = 'UTF-8'?>
<Table class="oracle.dbtools.crest.model.design.relational.Table" directorySegmentName="seg_0" id="A3EC6788-EC6B-5FBF-E6FB-37322AD71A79" name="RESERVA">
<createdBy>matiaszuniga</createdBy>
<createdTime>2025-08-26 02:59:42 UTC</createdTime>
<generatorID>AA0995FB-88F4-6528-EC5D-D050F41DE380</generatorID>
<ownerDesignName>exp1_s2_FMF_MZ</ownerDesignName>
<allowColumnReorder>false</allowColumnReorder>
<existDependencyGenerateInDDl>true</existDependencyGenerateInDDl>
<parsed>true</parsed>
<columns itemClass="oracle.dbtools.crest.model.design.relational.Column">
<Column name="NumeroReserva" id="45591228-B89D-C24C-D0DF-115ACAED5F13">
<createdBy>matiaszuniga</createdBy>
<createdTime>2025-08-26 02:59:42 UTC</createdTime>
<generatorID>55604953-DB62-1ADC-C287-958148910207</generatorID>
<ownerDesignName>exp1_s2_FMF_MZ</ownerDesignName>
<useDomainConstraints>false</useDomainConstraints>
<use>1</use>
<logicalDatatype>LOGDT019</logicalDatatype>
<dataTypePrecision>20</dataTypePrecision>
<ownDataTypeParameters>,20,</ownDataTypeParameters>
<autoIncrementCycle>false</autoIncrementCycle>
</Column>
<Column name="FechaReserva" id="DC2B084E-4877-14E2-F00F-2F08AF78E4D5">
<createdBy>matiaszuniga</createdBy>
<createdTime>2025-08-26 02:59:42 UTC</createdTime>
<generatorID>7A101BB7-C457-E131-469A-9ED437877EFA</generatorID>
<ownerDesignName>exp1_s2_FMF_MZ</ownerDesignName>
<useDomainConstraints>false</useDomainConstraints>
<use>1</use>
<logicalDatatype>LOGDT007</logicalDatatype>
<ownDataTypeParameters>,,</ownDataTypeParameters>
<autoIncrementCycle>false</autoIncrementCycle>
</Column>
<Column name="FechaViaje" id="F3981785-79C2-4C17-C447-A6F1D2A10BB0">
<createdBy>matiaszuniga</createdBy>
<createdTime>2025-08-26 02:59:42 UTC</createdTime>
<generatorID>CEFFD3A3-5EE6-C2EB-FD09-EB06E8476A67</generatorID>
<ownerDesignName>exp1_s2_FMF_MZ</ownerDesignName>
<useDomainConstraints>false</useDomainConstraints>
<use>1</use>
<logicalDatatype>LOGDT007</logicalDatatype>
<ownDataTypeParameters>,,</ownDataTypeParameters>
<autoIncrementCycle>false</autoIncrementCycle>
</Column>
<Column name="EstadoReserva" id="70137701-19F3-F8FD-274E-E0EA0870887E">
<createdBy>matiaszuniga</createdBy>
<createdTime>2025-08-26 02:59:42 UTC</createdTime>
<generatorID>ADD5799D-6DAD-A822-C876-1487F3DC7B5E</generatorID>
<ownerDesignName>exp1_s2_FMF_MZ</ownerDesignName>
<useDomainConstraints>false</useDomainConstraints>
<use>1</use>
<logicalDatatype>LOGDT024</logicalDatatype>
<dataTypeSize>15</dataTypeSize>
<ownDataTypeParameters>15,,</ownDataTypeParameters>
<autoIncrementCycle>false</autoIncrementCycle>
</Column>
<Column name="NroPasaporte" id="24846A1E-F700-FFB7-1C03-32F4CF617A5B">
<createdBy>matiaszuniga</createdBy>
<createdTime>2025-08-26 02:59:42 UTC</createdTime>
<generatorID>3C7DAC9C-00AE-8AA9-15FA-8B773E96105E</generatorID>
<ownerDesignName>exp1_s2_FMF_MZ</ownerDesignName>
<useDomainConstraints>false</useDomainConstraints>
<use>1</use>
<logicalDatatype>LOGDT024</logicalDatatype>
<dataTypeSize>20</dataTypeSize>
<ownDataTypeParameters>20,,</ownDataTypeParameters>
<autoIncrementCycle>false</autoIncrementCycle>
</Column>
<Column name="NumeroVuelo" id="50F3B0D4-DBE9-CE2F-AE84-CAF18B96F07E">
<createdBy>matiaszuniga</createdBy>
<createdTime>2025-08-26 02:59:42 UTC</createdTime>
<generatorID>D6CDC99F-CAD4-7C6B-A1F8-FD09ED0A2328</generatorID>
<ownerDesignName>exp1_s2_FMF_MZ</ownerDesignName>
<useDomainConstraints>false</useDomainConstraints>
<use>1</use>
<logicalDatatype>LOGDT024</logicalDatatype>
<dataTypeSize>10</dataTypeSize>
<ownDataTypeParameters>10,,</ownDataTypeParameters>
<autoIncrementCycle>false</autoIncrementCycle>
</Column>
<Column name="PASAJERO_NroPasaporte" id="E917D635-94CB-4472-0E7F-BC92F22FD41D">
<createdBy>matiaszuniga</createdBy>
<createdTime>2025-08-26 02:59:42 UTC</createdTime>
<generatorID>0B5E0C07-9EEC-E993-A475-FEF49FA0A358</generatorID>
<ownerDesignName>exp1_s2_FMF_MZ</ownerDesignName>
<useDomainConstraints>false</useDomainConstraints>
<use>1</use>
<logicalDatatype>LOGDT024</logicalDatatype>
<dataTypeSize>20</dataTypeSize>
<ownDataTypeParameters>,,</ownDataTypeParameters>
<previousColumn>false</previousColumn>
<autoIncrementCycle>false</autoIncrementCycle>
<associations>
<colAssociation fkAssociation="BF6F1CCF-7D7A-2CBB-9B3C-078F28C101A9" referredColumn="E93B0445-627E-DF7D-9146-525E98C3A021"/>
</associations>
</Column>
</columns>
<indexes itemClass="oracle.dbtools.crest.model.design.relational.Index">
<ind_PK_UK id="885B4205-695E-1043-D8DA-EA31FBBDB274" name="RESERVA_PK">
<createdBy>matiaszuniga</createdBy>
<createdTime>2025-08-26 02:59:42 UTC</createdTime>
<generatorID>CEC966E0-D56E-A544-4F92-4004F22D1620</generatorID>
<ownerDesignName>exp1_s2_FMF_MZ</ownerDesignName>
<pk>true</pk>
<indexState>Primary Constraint</indexState>
<isSurrogateKey>false</isSurrogateKey>
<indexColumnUsage>
<colUsage columnID="45591228-B89D-C24C-D0DF-115ACAED5F13"/>
<colUsage columnID="E917D635-94CB-4472-0E7F-BC92F22FD41D"/>
</indexColumnUsage>
</ind_PK_UK>
<ind_PK_UK id="38D56872-7EBE-F4F5-F05C-FE85685134BC" name="RESERVA_PASAJERO_FK">
<createdBy>matiaszuniga</createdBy>
<createdTime>2025-08-26 02:59:42 UTC</createdTime>
<generatorID>EF3809A2-A7F8-D4DD-8355-ACFC8FB3DC3E</generatorID>
<ownerDesignName>exp1_s2_FMF_MZ</ownerDesignName>
<indexState>Foreign Key</indexState>
<isSurrogateKey>false</isSurrogateKey>
<indexColumnUsage>
<colUsage columnID="E917D635-94CB-4472-0E7F-BC92F22FD41D"/>
</indexColumnUsage>
</ind_PK_UK>
</indexes>
</Table>