<?xml version = '1.0' encoding = 'UTF-8'?>
<Table class="oracle.dbtools.crest.model.design.relational.Table" directorySegmentName="seg_0" id="F14724AF-85EA-8C8F-DB3C-840C32705D46" name="PASAJERO">
<createdBy>matiaszuniga</createdBy>
<createdTime>2025-08-26 02:59:42 UTC</createdTime>
<generatorID>E08937FB-52C4-D3B6-8669-1B3D33CA0142</generatorID>
<ownerDesignName>exp1_s2_FMF_MZ</ownerDesignName>
<allowColumnReorder>false</allowColumnReorder>
<existDependencyGenerateInDDl>true</existDependencyGenerateInDDl>
<parsed>true</parsed>
<columns itemClass="oracle.dbtools.crest.model.design.relational.Column">
<Column name="NroPasaporte" id="E93B0445-627E-DF7D-9146-525E98C3A021">
<createdBy>matiaszuniga</createdBy>
<createdTime>2025-08-26 02:59:42 UTC</createdTime>
<generatorID>7115FFB8-D27B-E5B9-FD79-F3AA5883588A</generatorID>
<ownerDesignName>exp1_s2_FMF_MZ</ownerDesignName>
<useDomainConstraints>false</useDomainConstraints>
<use>1</use>
<logicalDatatype>LOGDT024</logicalDatatype>
<dataTypeSize>20</dataTypeSize>
<ownDataTypeParameters>20,,</ownDataTypeParameters>
<autoIncrementCycle>false</autoIncrementCycle>
</Column>
<Column name="NombreCompleto" id="7EFA5D04-2084-4EB5-E3DA-7586E3A7625D">
<createdBy>matiaszuniga</createdBy>
<createdTime>2025-08-26 02:59:42 UTC</createdTime>
<generatorID>021C0501-1C99-C780-DC55-6A8BC6251112</generatorID>
<ownerDesignName>exp1_s2_FMF_MZ</ownerDesignName>
<useDomainConstraints>false</useDomainConstraints>
<use>1</use>
<logicalDatatype>LOGDT024</logicalDatatype>
<dataTypeSize>100</dataTypeSize>
<ownDataTypeParameters>100,,</ownDataTypeParameters>
<autoIncrementCycle>false</autoIncrementCycle>
</Column>
<Column name="FechaNacimiento" id="7B3CCA52-F28A-E7B3-17EC-7AADB3A21347">
<createdBy>matiaszuniga</createdBy>
<createdTime>2025-08-26 02:59:42 UTC</createdTime>
<generatorID>41B8DCA2-FF53-1EDB-877C-C3F7CD811055</generatorID>
<ownerDesignName>exp1_s2_FMF_MZ</ownerDesignName>
<useDomainConstraints>false</useDomainConstraints>
<use>1</use>
<logicalDatatype>LOGDT007</logicalDatatype>
<ownDataTypeParameters>,,</ownDataTypeParameters>
<autoIncrementCycle>false</autoIncrementCycle>
</Column>
<Column name="Nacionalidad" id="12DDB613-E9CB-6E97-48A4-23B0DB14CA60">
<createdBy>matiaszuniga</createdBy>
<createdTime>2025-08-26 02:59:42 UTC</createdTime>
<generatorID>22642764-9D72-E1F9-DD97-929AEFC338AF</generatorID>
<ownerDesignName>exp1_s2_FMF_MZ</ownerDesignName>
<useDomainConstraints>false</useDomainConstraints>
<use>1</use>
<logicalDatatype>LOGDT024</logicalDatatype>
<dataTypeSize>30</dataTypeSize>
<ownDataTypeParameters>30,,</ownDataTypeParameters>
<autoIncrementCycle>false</autoIncrementCycle>
</Column>
<Column name="TelefonoContacto" id="3453FA55-1C5F-17DF-20EA-5C249844921E">
<createdBy>matiaszuniga</createdBy>
<createdTime>2025-08-26 02:59:42 UTC</createdTime>
<generatorID>1BBEF1FF-5065-9DF2-58EA-80E1CCCB9B21</generatorID>
<ownerDesignName>exp1_s2_FMF_MZ</ownerDesignName>
<nullsAllowed>true</nullsAllowed>
<useDomainConstraints>false</useDomainConstraints>
<use>1</use>
<logicalDatatype>LOGDT019</logicalDatatype>
<dataTypePrecision>15</dataTypePrecision>
<ownDataTypeParameters>,15,</ownDataTypeParameters>
<autoIncrementCycle>false</autoIncrementCycle>
</Column>
<Column name="CorreoElectronico" id="16D7EADA-0284-E16D-4BED-120F19631FEB">
<createdBy>matiaszuniga</createdBy>
<createdTime>2025-08-26 02:59:42 UTC</createdTime>
<generatorID>AAF02222-E7EA-22F6-A5BC-E4EC88E1DB26</generatorID>
<ownerDesignName>exp1_s2_FMF_MZ</ownerDesignName>
<nullsAllowed>true</nullsAllowed>
<useDomainConstraints>false</useDomainConstraints>
<use>1</use>
<logicalDatatype>LOGDT024</logicalDatatype>
<dataTypeSize>50</dataTypeSize>
<ownDataTypeParameters>50,,</ownDataTypeParameters>
<autoIncrementCycle>false</autoIncrementCycle>
</Column>
</columns>
<indexes itemClass="oracle.dbtools.crest.model.design.relational.Index">
<ind_PK_UK id="589B10AD-A5A8-CE66-4453-00B89F231B9B" name="PASAJERO_PK">
<createdBy>matiaszuniga</createdBy>
<createdTime>2025-08-26 02:59:42 UTC</createdTime>
<generatorID>81C01FE7-5D20-D10D-CE3D-D68FA1EF3A0D</generatorID>
<ownerDesignName>exp1_s2_FMF_MZ</ownerDesignName>
<pk>true</pk>
<indexState>Primary Constraint</indexState>
<isSurrogateKey>false</isSurrogateKey>
<indexColumnUsage>
<colUsage columnID="E93B0445-627E-DF7D-9146-525E98C3A021"/>
</indexColumnUsage>
</ind_PK_UK>
</indexes>
</Table>