<?xml version = '1.0' encoding = 'UTF-8'?>
<Diagram class="oracle.dbtools.crest.swingui.logical.DPVLogical" name="Logical" id="EA09F5A9-1C4C-6BAD-BE8B-F90085144F97">
<createdBy>mzunigac</createdBy>
<modifiedBy>mzunigac</modifiedBy>
<createdTime>2025-09-14 23:28:21 UTC</createdTime>
<autoRoute>false</autoRoute>
<boxInbox>true</boxInbox>
<showLegend>false</showLegend>
<showLabels>false</showLabels>
<showRelAttributes>false</showRelAttributes>
<gridEnabled>false</gridEnabled>
<showGrid>false</showGrid>
<diagramColor>-1</diagramColor>
<display>false</display>
<notation>1</notation>
<objectViews>
<OView class="oracle.dbtools.crest.swingui.logical.TVEntity" oid="0284821C-B73E-64DC-609B-78CE2498372F" otype="Entity" vid="F3C65A97-FCF9-0BA5-9F21-0AF461118606">
<hideElementsInCurrentOnly>false</hideElementsInCurrentOnly>
<bounds x="1154" y="530" width="170" height="110"/>
</OView>
<OView class="oracle.dbtools.crest.swingui.logical.TVEntity" oid="07C0A002-0C7C-F066-C25E-C0BE15C44F43" otype="Entity" vid="7ADDBBE0-A940-4011-67F1-3A5C211B7C6B">
<hideElementsInCurrentOnly>false</hideElementsInCurrentOnly>
<bounds x="1954" y="304" width="170" height="110"/>
</OView>
<OView class="oracle.dbtools.crest.swingui.logical.TVEntity" oid="0A619117-FFBD-7E7B-0D64-D47BA673C5B9" otype="Entity" vid="4E8E4AAC-173D-E65C-34F5-286B7575EA01">
<hideElementsInCurrentOnly>false</hideElementsInCurrentOnly>
<bounds x="1088" y="691" width="170" height="110"/>
</OView>
<OView class="oracle.dbtools.crest.swingui.logical.TVEntity" oid="0F087133-C967-7402-76BB-C2BEE3B754C7" otype="Entity" vid="B37C230D-5446-530F-8222-3373A31CF400">
<hideElementsInCurrentOnly>false</hideElementsInCurrentOnly>
<bounds x="1737" y="444" width="163" height="110"/>
</OView>
<OView class="oracle.dbtools.crest.swingui.logical.TVEntity" oid="195E2CE0-6784-6A76-2F75-6F42B921DFA0" otype="Entity" vid="6D63FAFB-3AE4-9F78-714C-2B7B7E093109">
<hideElementsInCurrentOnly>false</hideElementsInCurrentOnly>
<bounds x="1623" y="297" width="170" height="66"/>
</OView>
<OView class="oracle.dbtools.crest.swingui.logical.TVEntity" oid="26BCF263-476D-2300-74C4-FA989C0083C2" otype="Entity" vid="64BA470E-4151-5CDD-4D8D-E9B69A88B040">
<hideElementsInCurrentOnly>false</hideElementsInCurrentOnly>
<bounds x="1390" y="465" width="170" height="110"/>
</OView>
<OView class="oracle.dbtools.crest.swingui.logical.TVEntity" oid="2DF7BE81-55EB-4213-1CBC-0E8F5E137F66" otype="Entity" vid="4A7CDF99-4602-E710-EEAF-69DF0F14EF64">
<hideElementsInCurrentOnly>false</hideElementsInCurrentOnly>
<bounds x="706" y="387" width="170" height="110"/>
</OView>
<OView class="oracle.dbtools.crest.swingui.logical.TVEntity" oid="45AB87F6-4567-386F-9D9E-AB9C5F9FE71C" otype="Entity" vid="D532EFF7-57A8-16EE-D897-113C621CA7DE">
<hideElementsInCurrentOnly>false</hideElementsInCurrentOnly>
<bounds x="1639" y="594" width="170" height="110"/>
</OView>
<OView class="oracle.dbtools.crest.swingui.logical.TVEntity" oid="4BB3438F-7620-E2E4-F93C-B388E7E19E9D" otype="Entity" vid="143B52F1-FD3B-64BD-8411-48A9E1A0F579">
<hideElementsInCurrentOnly>false</hideElementsInCurrentOnly>
<bounds x="1163" y="382" width="170" height="110"/>
</OView>
<OView class="oracle.dbtools.crest.swingui.logical.TVEntity" oid="53B7B8E4-CC69-42C4-2B0B-605881C1E8A6" otype="Entity" vid="959EBCF4-D77D-6279-ABC2-944846B073D8">
<hideElementsInCurrentOnly>false</hideElementsInCurrentOnly>
<bounds x="933" y="381" width="170" height="110"/>
</OView>
<OView class="oracle.dbtools.crest.swingui.logical.TVEntity" oid="5B6F6BF5-CD98-455D-4F8C-F817A72D57E2" otype="Entity" vid="0F99F2D8-8F28-C705-2AF3-C700AF8E432D">
<hideElementsInCurrentOnly>false</hideElementsInCurrentOnly>
<bounds x="1163" y="79" width="170" height="110"/>
</OView>
<OView class="oracle.dbtools.crest.swingui.logical.TVEntity" oid="7DE23C39-52F7-D032-6066-E5107277C0EA" otype="Entity" vid="7AD33EA6-1A38-16F5-C3BA-69732A113968">
<hideElementsInCurrentOnly>false</hideElementsInCurrentOnly>
<bounds x="1274" y="745" width="170" height="110"/>
</OView>
<OView class="oracle.dbtools.crest.swingui.logical.TVEntity" oid="86B566F7-EB4D-E53E-363D-98E8AEEE43C1" otype="Entity" vid="E6798120-1DCD-D151-DBBB-7118A28CA579">
<hideElementsInCurrentOnly>false</hideElementsInCurrentOnly>
<bounds x="902" y="686" width="170" height="110"/>
</OView>
<OView class="oracle.dbtools.crest.swingui.logical.TVEntity" oid="933051F5-AFD9-C494-BE07-0308725191FE" otype="Entity" vid="44D6ED5F-1989-C76F-009F-CC313DC88C02">
<hideElementsInCurrentOnly>false</hideElementsInCurrentOnly>
<bounds x="1951" y="582" width="170" height="110"/>
</OView>
<OView class="oracle.dbtools.crest.swingui.logical.TVEntity" oid="97B5ED06-5EF9-1296-4215-9BB1544AE249" otype="Entity" vid="69888354-905E-5F13-259B-8C330FA4BCB2">
<hideElementsInCurrentOnly>false</hideElementsInCurrentOnly>
<bounds x="1162" y="251" width="170" height="110"/>
</OView>
<OView class="oracle.dbtools.crest.swingui.logical.TVEntity" oid="A62C6043-55BD-B3C0-0BF6-167306C6ED3B" otype="Entity" vid="2AC55564-CDA2-CBDF-0DB8-73553E98BF3E">
<hideElementsInCurrentOnly>false</hideElementsInCurrentOnly>
<bounds x="1405" y="193" width="170" height="87"/>
</OView>
<OView class="oracle.dbtools.crest.swingui.logical.TVEntity" oid="AA311C48-292A-23CB-A8BA-EBD85E36E48D" otype="Entity" vid="B53B92AC-83FC-E839-F8A4-EBEF1290ED5D">
<hideElementsInCurrentOnly>false</hideElementsInCurrentOnly>
<bounds x="1479" y="750" width="170" height="110"/>
</OView>
<OView class="oracle.dbtools.crest.swingui.logical.TVEntity" oid="D0C553D4-04A9-8B95-EE15-4196BD59A7B6" otype="Entity" vid="E1733BC5-2CE8-11B7-D371-3B9E49B2D8BE">
<hideElementsInCurrentOnly>false</hideElementsInCurrentOnly>
<bounds x="1387" y="588" width="170" height="110"/>
</OView>
<OView class="oracle.dbtools.crest.swingui.logical.TVEntity" oid="DA7E9AA3-E5B4-754A-A280-C665F2244D76" otype="Entity" vid="D65EC997-D45F-2000-D876-C167C961C13E">
<hideElementsInCurrentOnly>false</hideElementsInCurrentOnly>
<bounds x="1084" y="832" width="170" height="63"/>
</OView>
<OView class="oracle.dbtools.crest.swingui.logical.TVEntity" oid="E13F3DD7-09DF-D297-AFA4-D997270AEC63" otype="Entity" vid="FE6E3EB3-9F4F-B31F-0B17-DF37BC059B2D">
<hideElementsInCurrentOnly>false</hideElementsInCurrentOnly>
<bounds x="1958" y="174" width="170" height="110"/>
</OView>
<OView class="oracle.dbtools.crest.swingui.logical.TVEntity" oid="F8A8AF7F-A444-7244-0585-510309BC795D" otype="Entity" vid="134E1166-D64E-9D2C-9D08-271D8D3D1841">
<hideElementsInCurrentOnly>false</hideElementsInCurrentOnly>
<bounds x="1953" y="440" width="170" height="110"/>
</OView>
</objectViews>
<connectors>
<Connector class="oracle.dbtools.crest.swingui.logical.TVRelation" oid="050E2E1A-EC0F-C6E9-5D08-ECD8593566EA" otype="Relation" vid_source="2AC55564-CDA2-CBDF-0DB8-73553E98BF3E" vid_target="959EBCF4-D77D-6279-ABC2-944846B073D8">
<hideElementsInCurrentOnly>false</hideElementsInCurrentOnly>
<backgroundColor>-16777216</backgroundColor>
<lineWidth>1</lineWidth>
<points>
<point x="1405" y="232"/>
<point x="1019" y="232"/>
<point x="1019" y="381"/>
</points>
</Connector>
<Connector class="oracle.dbtools.crest.swingui.logical.TVRelation" oid="10692C82-7243-F2FA-9DE9-17E0C4359250" otype="Relation" vid_source="B37C230D-5446-530F-8222-3373A31CF400" vid_target="64BA470E-4151-5CDD-4D8D-E9B69A88B040">
<hideElementsInCurrentOnly>false</hideElementsInCurrentOnly>
<backgroundColor>-16777216</backgroundColor>
<lineWidth>1</lineWidth>
<points>
<point x="1737" y="494"/>
<point x="1560" y="494"/>
</points>
</Connector>
<Connector class="oracle.dbtools.crest.swingui.logical.TVRelation" oid="18D50E01-7343-EF8C-062F-AF1436EE3DEF" otype="Relation" vid_source="B37C230D-5446-530F-8222-3373A31CF400" vid_target="D532EFF7-57A8-16EE-D897-113C621CA7DE">
<hideElementsInCurrentOnly>false</hideElementsInCurrentOnly>
<backgroundColor>-16777216</backgroundColor>
<lineWidth>1</lineWidth>
<points>
<point x="1773" y="554"/>
<point x="1773" y="594"/>
</points>
</Connector>
<Connector class="oracle.dbtools.crest.swingui.logical.TVRelation" oid="18DE87D5-72DB-356C-A1E1-F1BF8F0533FC" otype="Relation" vid_source="B37C230D-5446-530F-8222-3373A31CF400" vid_target="6D63FAFB-3AE4-9F78-714C-2B7B7E093109">
<hideElementsInCurrentOnly>false</hideElementsInCurrentOnly>
<backgroundColor>-16777216</backgroundColor>
<lineWidth>1</lineWidth>
<points>
<point x="1763" y="444"/>
<point x="1763" y="407"/>
<point x="1763" y="372"/>
<point x="1763" y="363"/>
</points>
</Connector>
<Connector class="oracle.dbtools.crest.swingui.logical.TVRelation" oid="1F23DC21-DAD7-4830-9CEB-E1497A979B05" otype="Relation" vid_source="4E8E4AAC-173D-E65C-34F5-286B7575EA01" vid_target="F3C65A97-FCF9-0BA5-9F21-0AF461118606">
<hideElementsInCurrentOnly>false</hideElementsInCurrentOnly>
<backgroundColor>-16777216</backgroundColor>
<lineWidth>1</lineWidth>
<points>
<point x="1206" y="691"/>
<point x="1206" y="640"/>
</points>
</Connector>
<Connector class="oracle.dbtools.crest.swingui.logical.TVRelation" oid="269029EE-85B4-9C07-C078-D7D87046DD93" otype="Relation" vid_source="F3C65A97-FCF9-0BA5-9F21-0AF461118606" vid_target="959EBCF4-D77D-6279-ABC2-944846B073D8">
<hideElementsInCurrentOnly>false</hideElementsInCurrentOnly>
<backgroundColor>-16777216</backgroundColor>
<lineWidth>1</lineWidth>
<points>
<point x="1154" y="562"/>
<point x="1016" y="562"/>
<point x="1016" y="491"/>
</points>
</Connector>
<Connector class="oracle.dbtools.crest.swingui.logical.TVRelation" oid="273A0BF3-041E-EEE2-9C59-0E57D23DC430" otype="Relation" vid_source="143B52F1-FD3B-64BD-8411-48A9E1A0F579" vid_target="959EBCF4-D77D-6279-ABC2-944846B073D8">
<hideElementsInCurrentOnly>false</hideElementsInCurrentOnly>
<backgroundColor>-16777216</backgroundColor>
<lineWidth>1</lineWidth>
<points>
<point x="1163" y="436"/>
<point x="1103" y="436"/>
</points>
</Connector>
<Connector class="oracle.dbtools.crest.swingui.logical.TVRelation" oid="2D6F9665-70BB-5DDB-0B34-77B57EFA529E" otype="Relation" vid_source="143B52F1-FD3B-64BD-8411-48A9E1A0F579" vid_target="64BA470E-4151-5CDD-4D8D-E9B69A88B040">
<hideElementsInCurrentOnly>false</hideElementsInCurrentOnly>
<backgroundColor>-16777216</backgroundColor>
<lineWidth>1</lineWidth>
<points>
<point x="1333" y="478"/>
<point x="1390" y="478"/>
</points>
</Connector>
<Connector class="oracle.dbtools.crest.swingui.logical.TVRelation" oid="2F7F4A74-5BBD-C981-C82C-69EB88C8BFE2" otype="Relation" vid_source="D65EC997-D45F-2000-D876-C167C961C13E" vid_target="4E8E4AAC-173D-E65C-34F5-286B7575EA01">
<hideElementsInCurrentOnly>false</hideElementsInCurrentOnly>
<backgroundColor>-16777216</backgroundColor>
<lineWidth>1</lineWidth>
<points>
<point x="1171" y="832"/>
<point x="1171" y="801"/>
</points>
</Connector>
<Connector class="oracle.dbtools.crest.swingui.logical.TVRelation" oid="320383D7-DD17-4D7F-AA08-3BD5CEB767B2" otype="Relation" vid_source="FE6E3EB3-9F4F-B31F-0B17-DF37BC059B2D" vid_target="B37C230D-5446-530F-8222-3373A31CF400">
<hideElementsInCurrentOnly>false</hideElementsInCurrentOnly>
<backgroundColor>-16777216</backgroundColor>
<lineWidth>1</lineWidth>
<points>
<point x="1958" y="230"/>
<point x="1818" y="230"/>
<point x="1818" y="444"/>
</points>
</Connector>
<Connector class="oracle.dbtools.crest.swingui.logical.TVRelation" oid="4C9E113F-3821-FB30-3298-3B3E74D5B282" otype="Relation" vid_source="134E1166-D64E-9D2C-9D08-271D8D3D1841" vid_target="B37C230D-5446-530F-8222-3373A31CF400">
<hideElementsInCurrentOnly>false</hideElementsInCurrentOnly>
<backgroundColor>-16777216</backgroundColor>
<lineWidth>1</lineWidth>
<points>
<point x="1953" y="497"/>
<point x="1900" y="497"/>
</points>
</Connector>
<Connector class="oracle.dbtools.crest.swingui.logical.TVRelation" oid="56167AD5-599D-8853-13D5-DFABAD49B5C6" otype="Relation" vid_source="D532EFF7-57A8-16EE-D897-113C621CA7DE" vid_target="E1733BC5-2CE8-11B7-D371-3B9E49B2D8BE">
<hideElementsInCurrentOnly>false</hideElementsInCurrentOnly>
<backgroundColor>-16777216</backgroundColor>
<lineWidth>1</lineWidth>
<points>
<point x="1639" y="646"/>
<point x="1557" y="646"/>
</points>
</Connector>
<Connector class="oracle.dbtools.crest.swingui.logical.TVRelation" oid="6BBB1ACA-5A14-529B-CBE8-761F7A3128A2" otype="Relation" vid_source="64BA470E-4151-5CDD-4D8D-E9B69A88B040" vid_target="D532EFF7-57A8-16EE-D897-113C621CA7DE">
<hideElementsInCurrentOnly>false</hideElementsInCurrentOnly>
<backgroundColor>-16777216</backgroundColor>
<lineWidth>1</lineWidth>
<points>
<point x="1560" y="535"/>
<point x="1720" y="535"/>
<point x="1720" y="594"/>
</points>
</Connector>
<Connector class="oracle.dbtools.crest.swingui.logical.TVRelation" oid="7AF7DEC3-A81B-000A-7F96-BF3AC40DB935" otype="Relation" vid_source="B53B92AC-83FC-E839-F8A4-EBEF1290ED5D" vid_target="E1733BC5-2CE8-11B7-D371-3B9E49B2D8BE">
<hideElementsInCurrentOnly>false</hideElementsInCurrentOnly>
<backgroundColor>-16777216</backgroundColor>
<lineWidth>1</lineWidth>
<points>
<point x="1518" y="750"/>
<point x="1518" y="698"/>
</points>
</Connector>
<Connector class="oracle.dbtools.crest.swingui.logical.TVRelation" oid="831DFB48-9E67-4A52-321B-917C499073A0" otype="Relation" vid_source="B37C230D-5446-530F-8222-3373A31CF400" vid_target="44D6ED5F-1989-C76F-009F-CC313DC88C02">
<hideElementsInCurrentOnly>false</hideElementsInCurrentOnly>
<backgroundColor>-16777216</backgroundColor>
<lineWidth>1</lineWidth>
<points>
<point x="1860" y="554"/>
<point x="1860" y="637"/>
<point x="1951" y="637"/>
</points>
</Connector>
<Connector class="oracle.dbtools.crest.swingui.logical.TVRelation" oid="B522D356-67B2-65EC-370A-F4D3A2C300C2" otype="Relation" vid_source="959EBCF4-D77D-6279-ABC2-944846B073D8" vid_target="64BA470E-4151-5CDD-4D8D-E9B69A88B040">
<hideElementsInCurrentOnly>false</hideElementsInCurrentOnly>
<backgroundColor>-16777216</backgroundColor>
<lineWidth>1</lineWidth>
<points>
<point x="1063" y="491"/>
<point x="1063" y="519"/>
<point x="1390" y="519"/>
</points>
</Connector>
<Connector class="oracle.dbtools.crest.swingui.logical.TVRelation" oid="C2CBBA6E-3518-3661-1471-97E3554C1576" otype="Relation" vid_source="E6798120-1DCD-D151-DBBB-7118A28CA579" vid_target="F3C65A97-FCF9-0BA5-9F21-0AF461118606">
<hideElementsInCurrentOnly>false</hideElementsInCurrentOnly>
<backgroundColor>-16777216</backgroundColor>
<lineWidth>1</lineWidth>
<points>
<point x="995" y="686"/>
<point x="995" y="605"/>
<point x="1154" y="605"/>
</points>
</Connector>
<Connector class="oracle.dbtools.crest.swingui.logical.TVRelation" oid="C398CE9F-A12F-1767-CAF6-739574D72F1E" otype="Relation" vid_source="7ADDBBE0-A940-4011-67F1-3A5C211B7C6B" vid_target="B37C230D-5446-530F-8222-3373A31CF400">
<hideElementsInCurrentOnly>false</hideElementsInCurrentOnly>
<backgroundColor>-16777216</backgroundColor>
<lineWidth>1</lineWidth>
<points>
<point x="1954" y="334"/>
<point x="1901" y="334"/>
<point x="1900" y="444"/>
</points>
</Connector>
<Connector class="oracle.dbtools.crest.swingui.logical.TVRelation" oid="C39E816F-D939-036E-06D0-43E8FB891C42" otype="Relation" vid_source="2AC55564-CDA2-CBDF-0DB8-73553E98BF3E" vid_target="6D63FAFB-3AE4-9F78-714C-2B7B7E093109">
<hideElementsInCurrentOnly>false</hideElementsInCurrentOnly>
<backgroundColor>-16777216</backgroundColor>
<lineWidth>1</lineWidth>
<points>
<point x="1575" y="236"/>
<point x="1726" y="236"/>
<point x="1726" y="297"/>
</points>
</Connector>
<Connector class="oracle.dbtools.crest.swingui.logical.TVRelation" oid="CA4DC3A6-79BA-5AFF-17F2-49ACE291789F" otype="Relation" vid_source="69888354-905E-5F13-259B-8C330FA4BCB2" vid_target="64BA470E-4151-5CDD-4D8D-E9B69A88B040">
<hideElementsInCurrentOnly>false</hideElementsInCurrentOnly>
<backgroundColor>-16777216</backgroundColor>
<lineWidth>1</lineWidth>
<points>
<point x="1332" y="340"/>
<point x="1417" y="340"/>
<point x="1417" y="465"/>
</points>
</Connector>
<Connector class="oracle.dbtools.crest.swingui.logical.TVRelation" oid="E170A9A6-B527-1A1D-63D3-F7A0FA7BC645" otype="Relation" vid_source="4A7CDF99-4602-E710-EEAF-69DF0F14EF64" vid_target="959EBCF4-D77D-6279-ABC2-944846B073D8">
<hideElementsInCurrentOnly>false</hideElementsInCurrentOnly>
<backgroundColor>-16777216</backgroundColor>
<lineWidth>1</lineWidth>
<points>
<point x="876" y="439"/>
<point x="933" y="439"/>
</points>
</Connector>
<Connector class="oracle.dbtools.crest.swingui.logical.TVRelation" oid="E2B727E7-1D51-32B7-993E-9636B65573AF" otype="Relation" vid_source="64BA470E-4151-5CDD-4D8D-E9B69A88B040" vid_target="6D63FAFB-3AE4-9F78-714C-2B7B7E093109">
<hideElementsInCurrentOnly>false</hideElementsInCurrentOnly>
<backgroundColor>-16777216</backgroundColor>
<lineWidth>1</lineWidth>
<points>
<point x="1546" y="465"/>
<point x="1546" y="399"/>
<point x="1623" y="363"/>
</points>
</Connector>
<Connector class="oracle.dbtools.crest.swingui.logical.TVRelation" oid="EE6AA59D-B7E8-A884-E920-E90838111B0B" otype="Relation" vid_source="2AC55564-CDA2-CBDF-0DB8-73553E98BF3E" vid_target="64BA470E-4151-5CDD-4D8D-E9B69A88B040">
<hideElementsInCurrentOnly>false</hideElementsInCurrentOnly>
<backgroundColor>-16777216</backgroundColor>
<lineWidth>1</lineWidth>
<points>
<point x="1482" y="280"/>
<point x="1482" y="465"/>
</points>
</Connector>
<Connector class="oracle.dbtools.crest.swingui.logical.TVRelation" oid="F7A7AC16-258F-690D-18B3-418FAB61A1C9" otype="Relation" vid_source="F3C65A97-FCF9-0BA5-9F21-0AF461118606" vid_target="64BA470E-4151-5CDD-4D8D-E9B69A88B040">
<hideElementsInCurrentOnly>false</hideElementsInCurrentOnly>
<backgroundColor>-16777216</backgroundColor>
<lineWidth>1</lineWidth>
<points>
<point x="1324" y="552"/>
<point x="1390" y="552"/>
</points>
</Connector>
<Connector class="oracle.dbtools.crest.swingui.logical.TVRelation" oid="FB44F6D9-C0AD-8751-5BA5-61FEB21EBB43" otype="Relation" vid_source="E1733BC5-2CE8-11B7-D371-3B9E49B2D8BE" vid_target="7AD33EA6-1A38-16F5-C3BA-69732A113968">
<hideElementsInCurrentOnly>false</hideElementsInCurrentOnly>
<backgroundColor>-16777216</backgroundColor>
<lineWidth>1</lineWidth>
<points>
<point x="1397" y="655"/>
<point x="1397" y="654"/>
<point x="1397" y="745"/>
</points>
</Connector>
<Connector class="oracle.dbtools.crest.swingui.logical.TVRelation" oid="FE51DAE8-A492-E6AE-8EF1-D1C493364AA4" otype="Relation" vid_source="0F99F2D8-8F28-C705-2AF3-C700AF8E432D" vid_target="69888354-905E-5F13-259B-8C330FA4BCB2">
<hideElementsInCurrentOnly>false</hideElementsInCurrentOnly>
<backgroundColor>-16777216</backgroundColor>
<lineWidth>1</lineWidth>
<points>
<point x="1247" y="189"/>
<point x="1247" y="251"/>
</points>
</Connector>
</connectors>
</Diagram>