<?xml version = '1.0' encoding = 'UTF-8'?>
<Diagram class="oracle.dbtools.crest.swingui.relational.DPVRelational" name="Relational_1" id="F48DAD3B-3F45-4C62-89D3-30406BA39515">
<createdBy>matiaszuniga</createdBy>
<modifiedBy>matiaszuniga</modifiedBy>
<createdTime>2025-08-25 23:47:18 UTC</createdTime>
<autoRoute>false</autoRoute>
<boxInbox>true</boxInbox>
<showLegend>false</showLegend>
<showLabels>false</showLabels>
<showRelAttributes>false</showRelAttributes>
<gridEnabled>false</gridEnabled>
<showGrid>false</showGrid>
<diagramColor>-1</diagramColor>
<display>false</display>
<notation>1</notation>
<objectViews>
<OView class="oracle.dbtools.crest.swingui.relational.TVTable" oid="0013341F-C768-3A53-E57C-85390B1EC916" otype="Table" vid="5B1E1002-0744-20C7-F3E7-959596FF5A51">
<hideElementsInCurrentOnly>false</hideElementsInCurrentOnly>
<bounds x="669" y="266" width="170" height="110"/>
</OView>
<OView class="oracle.dbtools.crest.swingui.relational.TVTable" oid="3381321A-E0E7-6F80-42A7-89B3F3A18C64" otype="Table" vid="98ECAC97-6D47-BC00-D2C0-10ADA4A111C5">
<hideElementsInCurrentOnly>false</hideElementsInCurrentOnly>
<bounds x="391" y="33" width="248" height="166"/>
</OView>
<OView class="oracle.dbtools.crest.swingui.relational.TVTable" oid="64817EB6-4D57-E86B-9D15-DFBCA2ABAEDE" otype="Table" vid="CE4CFDC5-35CE-12D5-9884-53DFBAE9B8E1">
<hideElementsInCurrentOnly>false</hideElementsInCurrentOnly>
<bounds x="504" y="441" width="457" height="255"/>
</OView>
<OView class="oracle.dbtools.crest.swingui.relational.TVTable" oid="7B10DC4D-CE0A-559A-84F3-8E912D5854D3" otype="Table" vid="2D47E83D-2D5A-EEA1-5263-EB2BEA211FBB">
<hideElementsInCurrentOnly>false</hideElementsInCurrentOnly>
<bounds x="719" y="43" width="244" height="172"/>
</OView>
<OView class="oracle.dbtools.crest.swingui.relational.TVTable" oid="87B56F1D-18DD-AD88-7CD8-D4BA5FCF3051" otype="Table" vid="756606B1-54E9-FBA9-FCE2-5898E8D916D8">
<hideElementsInCurrentOnly>false</hideElementsInCurrentOnly>
<bounds x="367" y="230" width="255" height="140"/>
</OView>
<OView class="oracle.dbtools.crest.swingui.relational.TVTable" oid="A3EC6788-EC6B-5FBF-E6FB-37322AD71A79" otype="Table" vid="CC4B92E7-1275-FC3E-00FA-4A6571B9C903">
<hideElementsInCurrentOnly>false</hideElementsInCurrentOnly>
<bounds x="112" y="407" width="319" height="173"/>
</OView>
<OView class="oracle.dbtools.crest.swingui.relational.TVTable" oid="E556FE5F-5FAF-58DE-A0B8-2FAF135632AC" otype="Table" vid="3D4238CE-F54F-486C-8CD8-4471513C29E3">
<hideElementsInCurrentOnly>false</hideElementsInCurrentOnly>
<bounds x="108" y="23" width="246" height="134"/>
</OView>
<OView class="oracle.dbtools.crest.swingui.relational.TVTable" oid="F14724AF-85EA-8C8F-DB3C-840C32705D46" otype="Table" vid="76980C63-0AD9-FA3E-ED08-75F48F962391">
<hideElementsInCurrentOnly>false</hideElementsInCurrentOnly>
<bounds x="109" y="177" width="243" height="131"/>
</OView>
</objectViews>
<connectors>
<Connector class="oracle.dbtools.crest.swingui.relational.TVFKRelation" oid="0F529294-8EBD-ABC7-C609-760BF1761CA2" otype="FKIndexAssociation" vid_source="CC4B92E7-1275-FC3E-00FA-4A6571B9C903" vid_target="CE4CFDC5-35CE-12D5-9884-53DFBAE9B8E1">
<hideElementsInCurrentOnly>false</hideElementsInCurrentOnly>
<backgroundColor>-16777216</backgroundColor>
<lineWidth>1</lineWidth>
<points>
<point x="431" y="510"/>
<point x="504" y="510"/>
</points>
</Connector>
<Connector class="oracle.dbtools.crest.swingui.relational.TVFKRelation" oid="0F72DC34-50DF-467A-B242-D896A171A731" otype="FKIndexAssociation" vid_source="76980C63-0AD9-FA3E-ED08-75F48F962391" vid_target="3D4238CE-F54F-486C-8CD8-4471513C29E3">
<hideElementsInCurrentOnly>false</hideElementsInCurrentOnly>
<backgroundColor>-16777216</backgroundColor>
<lineWidth>1</lineWidth>
<points>
<point x="230" y="177"/>
<point x="230" y="157"/>
</points>
</Connector>
<Connector class="oracle.dbtools.crest.swingui.relational.TVFKRelation" oid="1DD3B327-DE56-4E97-799B-0148274D4D24" otype="FKIndexAssociation" vid_source="2D47E83D-2D5A-EEA1-5263-EB2BEA211FBB" vid_target="756606B1-54E9-FBA9-FCE2-5898E8D916D8">
<hideElementsInCurrentOnly>false</hideElementsInCurrentOnly>
<backgroundColor>-16777216</backgroundColor>
<lineWidth>1</lineWidth>
<points>
<point x="719" y="189"/>
<point x="622" y="237"/>
</points>
</Connector>
<Connector class="oracle.dbtools.crest.swingui.relational.TVFKRelation" oid="532B2333-D0B9-5281-1B67-94DBA0896DD5" otype="FKIndexAssociation" vid_source="2D47E83D-2D5A-EEA1-5263-EB2BEA211FBB" vid_target="98ECAC97-6D47-BC00-D2C0-10ADA4A111C5">
<hideElementsInCurrentOnly>false</hideElementsInCurrentOnly>
<backgroundColor>-16777216</backgroundColor>
<lineWidth>1</lineWidth>
<points>
<point x="719" y="121"/>
<point x="639" y="121"/>
</points>
</Connector>
<Connector class="oracle.dbtools.crest.swingui.relational.TVFKRelation" oid="96752953-B136-EAAA-33C4-A9B7CAB5DF58" otype="FKIndexAssociation" vid_source="CE4CFDC5-35CE-12D5-9884-53DFBAE9B8E1" vid_target="756606B1-54E9-FBA9-FCE2-5898E8D916D8">
<hideElementsInCurrentOnly>false</hideElementsInCurrentOnly>
<backgroundColor>-16777216</backgroundColor>
<lineWidth>1</lineWidth>
<points>
<point x="548" y="441"/>
<point x="548" y="370"/>
</points>
</Connector>
<Connector class="oracle.dbtools.crest.swingui.relational.TVFKRelation" oid="A521D8EE-0899-B3BC-749D-C3C91CF05D56" otype="FKIndexAssociation" vid_source="CE4CFDC5-35CE-12D5-9884-53DFBAE9B8E1" vid_target="98ECAC97-6D47-BC00-D2C0-10ADA4A111C5">
<hideElementsInCurrentOnly>false</hideElementsInCurrentOnly>
<backgroundColor>-16777216</backgroundColor>
<lineWidth>1</lineWidth>
<points>
<point x="571" y="441"/>
<point x="571" y="199"/>
</points>
</Connector>
<Connector class="oracle.dbtools.crest.swingui.relational.TVFKRelation" oid="BF6F1CCF-7D7A-2CBB-9B3C-078F28C101A9" otype="FKIndexAssociation" vid_source="76980C63-0AD9-FA3E-ED08-75F48F962391" vid_target="CC4B92E7-1275-FC3E-00FA-4A6571B9C903">
<hideElementsInCurrentOnly>false</hideElementsInCurrentOnly>
<backgroundColor>-16777216</backgroundColor>
<lineWidth>1</lineWidth>
<points>
<point x="232" y="308"/>
<point x="232" y="407"/>
</points>
</Connector>
<Connector class="oracle.dbtools.crest.swingui.relational.TVFKRelation" oid="E009A70A-ADE8-D003-32D1-69E8829D8A39" otype="FKIndexAssociation" vid_source="5B1E1002-0744-20C7-F3E7-959596FF5A51" vid_target="CE4CFDC5-35CE-12D5-9884-53DFBAE9B8E1">
<hideElementsInCurrentOnly>false</hideElementsInCurrentOnly>
<backgroundColor>-16777216</backgroundColor>
<lineWidth>1</lineWidth>
<points>
<point x="754" y="376"/>
<point x="754" y="441"/>
</points>
</Connector>
</connectors>
<arcs>
<Arc class="oracle.dbtools.crest.swingui.relational.TVFKArc" oid="01B23845-C17E-E07A-6EFF-65111CAE4217" otype="FKArc" vid="5D2DE454-4B50-F790-8575-5192E144C1AE">
<hideElementsInCurrentOnly>false</hideElementsInCurrentOnly>
<bounds x="699" y="23" width="284" height="212"/>
</Arc>
</arcs>
<displays>
<Display class="oracle.dbtools.crest.swingui.relational.DPVRelational" name="Display_1" id="94878B78-C2B8-BED5-F288-3589BA438991">
<createdBy>matiaszuniga</createdBy>
<modifiedBy>matiaszuniga</modifiedBy>
<createdTime>2025-08-26 02:12:50 UTC</createdTime>
<autoRoute>false</autoRoute>
<boxInbox>true</boxInbox>
<showLegend>false</showLegend>
<showLabels>false</showLabels>
<showRelAttributes>false</showRelAttributes>
<gridEnabled>false</gridEnabled>
<showGrid>false</showGrid>
<diagramColor>-1</diagramColor>
<display>true</display>
<notation>1</notation>
<objectViews>
<OView class="oracle.dbtools.crest.swingui.relational.TVTable" oid="0013341F-C768-3A53-E57C-85390B1EC916" otype="Table" vid="A7F4179A-CE3B-53B8-D8C8-9535763E7663">
<hideElementsInCurrentOnly>false</hideElementsInCurrentOnly>
<bounds x="331" y="319" width="170" height="110"/>
</OView>
<OView class="oracle.dbtools.crest.swingui.relational.TVTable" oid="3381321A-E0E7-6F80-42A7-89B3F3A18C64" otype="Table" vid="74475E0C-C779-DAB2-CE5E-F9A5FF7A80B0">
<hideElementsInCurrentOnly>false</hideElementsInCurrentOnly>
<bounds x="194" y="165" width="199" height="106"/>
</OView>
<OView class="oracle.dbtools.crest.swingui.relational.TVTable" oid="64817EB6-4D57-E86B-9D15-DFBCA2ABAEDE" otype="Table" vid="EE3E6CD3-30DC-3083-A37E-D8D98FD682A2">
<hideElementsInCurrentOnly>false</hideElementsInCurrentOnly>
<bounds x="45" y="338" width="224" height="147"/>
</OView>
<OView class="oracle.dbtools.crest.swingui.relational.TVTable" oid="7B10DC4D-CE0A-559A-84F3-8E912D5854D3" otype="Table" vid="363B7859-DA8D-14E9-FFBE-A08ACFA88A27">
<hideElementsInCurrentOnly>false</hideElementsInCurrentOnly>
<bounds x="3" y="36" width="410" height="245"/>
</OView>
<OView class="oracle.dbtools.crest.swingui.relational.TVTable" oid="87B56F1D-18DD-AD88-7CD8-D4BA5FCF3051" otype="Table" vid="0E6AF1AB-963F-776C-2212-EDE582C7BFCD">
<hideElementsInCurrentOnly>false</hideElementsInCurrentOnly>
<bounds x="217" y="56" width="185" height="109"/>
</OView>
<OView class="oracle.dbtools.crest.swingui.relational.TVTable" oid="A3EC6788-EC6B-5FBF-E6FB-37322AD71A79" otype="Table" vid="9613A7AA-26ED-1CED-535F-4B9437C75C81">
<hideElementsInCurrentOnly>false</hideElementsInCurrentOnly>
<bounds x="333" y="457" width="205" height="127"/>
</OView>
<OView class="oracle.dbtools.crest.swingui.relational.TVTable" oid="E556FE5F-5FAF-58DE-A0B8-2FAF135632AC" otype="Table" vid="90F55512-1828-2A06-EC53-A8E670803A7B">
<hideElementsInCurrentOnly>false</hideElementsInCurrentOnly>
<bounds x="417" y="77" width="209" height="117"/>
</OView>
<OView class="oracle.dbtools.crest.swingui.relational.TVTable" oid="F14724AF-85EA-8C8F-DB3C-840C32705D46" otype="Table" vid="697334ED-8F34-4043-B26F-6003DCC73EF3">
<hideElementsInCurrentOnly>false</hideElementsInCurrentOnly>
<bounds x="539" y="330" width="220" height="117"/>
</OView>
</objectViews>
<connectors>
<Connector class="oracle.dbtools.crest.swingui.relational.TVFKRelation" oid="0F529294-8EBD-ABC7-C609-760BF1761CA2" otype="FKIndexAssociation" vid_source="9613A7AA-26ED-1CED-535F-4B9437C75C81" vid_target="EE3E6CD3-30DC-3083-A37E-D8D98FD682A2">
<hideElementsInCurrentOnly>false</hideElementsInCurrentOnly>
<backgroundColor>-16777216</backgroundColor>
<lineWidth>1</lineWidth>
<points>
<point x="333" y="471"/>
<point x="269" y="471"/>
</points>
</Connector>
<Connector class="oracle.dbtools.crest.swingui.relational.TVFKRelation" oid="0F72DC34-50DF-467A-B242-D896A171A731" otype="FKIndexAssociation" vid_source="697334ED-8F34-4043-B26F-6003DCC73EF3" vid_target="90F55512-1828-2A06-EC53-A8E670803A7B">
<hideElementsInCurrentOnly>false</hideElementsInCurrentOnly>
<backgroundColor>-16777216</backgroundColor>
<lineWidth>1</lineWidth>
<points>
<point x="582" y="330"/>
<point x="582" y="194"/>
</points>
</Connector>
<Connector class="oracle.dbtools.crest.swingui.relational.TVFKRelation" oid="1DD3B327-DE56-4E97-799B-0148274D4D24" otype="FKIndexAssociation" vid_source="363B7859-DA8D-14E9-FFBE-A08ACFA88A27" vid_target="0E6AF1AB-963F-776C-2212-EDE582C7BFCD">
<hideElementsInCurrentOnly>false</hideElementsInCurrentOnly>
<backgroundColor>-16777216</backgroundColor>
<lineWidth>1</lineWidth>
<points>
<point x="413" y="110"/>
<point x="217" y="110"/>
</points>
</Connector>
<Connector class="oracle.dbtools.crest.swingui.relational.TVFKRelation" oid="532B2333-D0B9-5281-1B67-94DBA0896DD5" otype="FKIndexAssociation" vid_source="363B7859-DA8D-14E9-FFBE-A08ACFA88A27" vid_target="74475E0C-C779-DAB2-CE5E-F9A5FF7A80B0">
<hideElementsInCurrentOnly>false</hideElementsInCurrentOnly>
<backgroundColor>-16777216</backgroundColor>
<lineWidth>1</lineWidth>
<points>
<point x="413" y="218"/>
<point x="194" y="218"/>
</points>
</Connector>
<Connector class="oracle.dbtools.crest.swingui.relational.TVFKRelation" oid="96752953-B136-EAAA-33C4-A9B7CAB5DF58" otype="FKIndexAssociation" vid_source="EE3E6CD3-30DC-3083-A37E-D8D98FD682A2" vid_target="0E6AF1AB-963F-776C-2212-EDE582C7BFCD">
<hideElementsInCurrentOnly>false</hideElementsInCurrentOnly>
<backgroundColor>-16777216</backgroundColor>
<lineWidth>1</lineWidth>
<points>
<point x="243" y="338"/>
<point x="243" y="165"/>
</points>
</Connector>
<Connector class="oracle.dbtools.crest.swingui.relational.TVFKRelation" oid="A521D8EE-0899-B3BC-749D-C3C91CF05D56" otype="FKIndexAssociation" vid_source="EE3E6CD3-30DC-3083-A37E-D8D98FD682A2" vid_target="74475E0C-C779-DAB2-CE5E-F9A5FF7A80B0">
<hideElementsInCurrentOnly>false</hideElementsInCurrentOnly>
<backgroundColor>-16777216</backgroundColor>
<lineWidth>1</lineWidth>
<points>
<point x="231" y="338"/>
<point x="231" y="271"/>
</points>
</Connector>
<Connector class="oracle.dbtools.crest.swingui.relational.TVFKRelation" oid="BF6F1CCF-7D7A-2CBB-9B3C-078F28C101A9" otype="FKIndexAssociation" vid_source="697334ED-8F34-4043-B26F-6003DCC73EF3" vid_target="9613A7AA-26ED-1CED-535F-4B9437C75C81">
<hideElementsInCurrentOnly>false</hideElementsInCurrentOnly>
<backgroundColor>-16777216</backgroundColor>
<lineWidth>1</lineWidth>
<points>
<point x="554" y="447"/>
<point x="538" y="457"/>
</points>
</Connector>
<Connector class="oracle.dbtools.crest.swingui.relational.TVFKRelation" oid="E009A70A-ADE8-D003-32D1-69E8829D8A39" otype="FKIndexAssociation" vid_source="A7F4179A-CE3B-53B8-D8C8-9535763E7663" vid_target="EE3E6CD3-30DC-3083-A37E-D8D98FD682A2">
<hideElementsInCurrentOnly>false</hideElementsInCurrentOnly>
<backgroundColor>-16777216</backgroundColor>
<lineWidth>1</lineWidth>
<points>
<point x="331" y="383"/>
<point x="269" y="383"/>
</points>
</Connector>
</connectors>
<arcs>
<Arc class="oracle.dbtools.crest.swingui.relational.TVFKArc" oid="01B23845-C17E-E07A-6EFF-65111CAE4217" otype="FKArc" vid="B306ACD4-9E39-8474-6A6D-00536E6030C9">
<hideElementsInCurrentOnly>false</hideElementsInCurrentOnly>
<bounds x="-17" y="16" width="450" height="285"/>
</Arc>
</arcs>
</Display>
</displays>
</Diagram>