<?xml version = '1.0' encoding = 'UTF-8'?>
<Entity class="oracle.dbtools.crest.model.design.logical.Entity" directorySegmentName="seg_0" id="4474BB34-7999-09A9-5370-CAEFD4307FD3" name="EMPLEADO">
<createdBy>matiaszuniga</createdBy>
<createdTime>2025-10-12 22:53:20 UTC</createdTime>
<generatorID>44887D6D-B405-F0F4-7259-6F818DDE34F8</generatorID>
<ownerDesignName>EFT_S9_Matias_Zuñiga</ownerDesignName>
<engineerTo>
<item key="B84FE507-AC91-6D88-C103-B1FC30DDA04E" value="true"/>
</engineerTo>
<adequatelyNormalized>NO</adequatelyNormalized>
<expectedVolumes>0</expectedVolumes>
<fwdEngineeringStrategyName>Single Table</fwdEngineeringStrategyName>
<growthPercent>0</growthPercent>
<growthType>Year</growthType>
<maxVolumes>9999999</maxVolumes>
<minVolumes>0</minVolumes>
<normalForm>Third</normalForm>
<attributes itemClass="oracle.dbtools.crest.model.design.logical.Attribute">
<Attribute name="ID EMPLEADO" id="5116CBBE-7C63-6E19-E500-F11BB2ED4BB9">
<createdBy>matiaszuniga</createdBy>
<createdTime>2025-10-12 22:53:20 UTC</createdTime>
<generatorID>BB6151FA-2121-1E5D-7636-5C5EF9CE8B08</generatorID>
<ownerDesignName>EFT_S9_Matias_Zuñiga</ownerDesignName>
<engineerTo>
<item key="B84FE507-AC91-6D88-C103-B1FC30DDA04E" value="true"/>
</engineerTo>
<useDomainConstraints>false</useDomainConstraints>
<use>1</use>
<logicalDatatype>LOGDT019</logicalDatatype>
<ownDataTypeParameters>,,</ownDataTypeParameters>
</Attribute>
<Attribute name="RUT" id="146296ED-E926-1086-54A3-241FCAC80822">
<createdBy>matiaszuniga</createdBy>
<createdTime>2025-10-12 22:53:20 UTC</createdTime>
<generatorID>C63750C8-3040-5C3B-F7AF-F9ADF39F618C</generatorID>
<ownerDesignName>EFT_S9_Matias_Zuñiga</ownerDesignName>
<engineerTo>
<item key="B84FE507-AC91-6D88-C103-B1FC30DDA04E" value="true"/>
</engineerTo>
<useDomainConstraints>false</useDomainConstraints>
<use>1</use>
<logicalDatatype>LOGDT024</logicalDatatype>
<dataTypeSize>12 BYTE</dataTypeSize>
<ownDataTypeParameters>12 BYTE,,</ownDataTypeParameters>
</Attribute>
<Attribute name="NOMBRES" id="FD47FC67-694E-F35E-597D-03F9F5A1D18B">
<createdBy>matiaszuniga</createdBy>
<createdTime>2025-10-12 22:53:20 UTC</createdTime>
<generatorID>91F9C9B6-19C2-E13E-FD58-1842D90B31EC</generatorID>
<ownerDesignName>EFT_S9_Matias_Zuñiga</ownerDesignName>
<engineerTo>
<item key="B84FE507-AC91-6D88-C103-B1FC30DDA04E" value="true"/>
</engineerTo>
<useDomainConstraints>false</useDomainConstraints>
<use>1</use>
<logicalDatatype>LOGDT024</logicalDatatype>
<dataTypeSize>100 BYTE</dataTypeSize>
<ownDataTypeParameters>100 BYTE,,</ownDataTypeParameters>
</Attribute>
<Attribute name="APELLIDOS" id="213DBFBB-D4D5-EC34-524A-CA1F1F5A2674">
<createdBy>matiaszuniga</createdBy>
<createdTime>2025-10-12 22:53:20 UTC</createdTime>
<generatorID>3FEAB81C-3830-3ADE-D9AD-CB2100A2CFA1</generatorID>
<ownerDesignName>EFT_S9_Matias_Zuñiga</ownerDesignName>
<engineerTo>
<item key="B84FE507-AC91-6D88-C103-B1FC30DDA04E" value="true"/>
</engineerTo>
<useDomainConstraints>false</useDomainConstraints>
<use>1</use>
<logicalDatatype>LOGDT024</logicalDatatype>
<dataTypeSize>100 BYTE</dataTypeSize>
<ownDataTypeParameters>100 BYTE,,</ownDataTypeParameters>
</Attribute>
<Attribute name="FECHA CONTRATO" id="8A669103-DF8C-CF67-3202-DF1F190B35E9">
<createdBy>matiaszuniga</createdBy>
<createdTime>2025-10-12 22:53:20 UTC</createdTime>
<generatorID>B4330FDA-4B4E-1379-1EFC-3C9C92BF7E10</generatorID>
<ownerDesignName>EFT_S9_Matias_Zuñiga</ownerDesignName>
<engineerTo>
<item key="B84FE507-AC91-6D88-C103-B1FC30DDA04E" value="true"/>
</engineerTo>
<useDomainConstraints>false</useDomainConstraints>
<use>1</use>
<logicalDatatype>LOGDT007</logicalDatatype>
<dataTypeSize>7</dataTypeSize>
<ownDataTypeParameters>7,,</ownDataTypeParameters>
</Attribute>
<Attribute name="SUELDO BASE" id="8DA6A0EA-0BC1-6E5A-5DD4-FD49EF10D88E">
<createdBy>matiaszuniga</createdBy>
<createdTime>2025-10-12 22:53:20 UTC</createdTime>
<generatorID>C46842C1-70AA-A5FF-16A1-E2A504E8F15C</generatorID>
<ownerDesignName>EFT_S9_Matias_Zuñiga</ownerDesignName>
<engineerTo>
<item key="B84FE507-AC91-6D88-C103-B1FC30DDA04E" value="true"/>
</engineerTo>
<useDomainConstraints>false</useDomainConstraints>
<use>1</use>
<logicalDatatype>LOGDT019</logicalDatatype>
<dataTypePrecision>10</dataTypePrecision>
<dataTypeScale>2</dataTypeScale>
<ownDataTypeParameters>,10,2</ownDataTypeParameters>
</Attribute>
<Attribute name="ACTIVO" id="AFA38667-1257-86D7-17E8-8CB28D08B530">
<createdBy>matiaszuniga</createdBy>
<createdTime>2025-10-12 22:53:20 UTC</createdTime>
<generatorID>E12D3841-92B0-1E9A-E334-4042D8710654</generatorID>
<ownerDesignName>EFT_S9_Matias_Zuñiga</ownerDesignName>
<engineerTo>
<item key="B84FE507-AC91-6D88-C103-B1FC30DDA04E" value="true"/>
</engineerTo>
<constraintName>SYS_C0024564</constraintName>
<useDomainConstraints>false</useDomainConstraints>
<use>1</use>
<logicalDatatype>LOGDT025</logicalDatatype>
<dataTypeSize>1 BYTE</dataTypeSize>
<listOfValues>
<valueDef value="&apos;N&apos;" description=""/>
<valueDef value="&apos;S&apos;" description=""/>
</listOfValues>
<defaultValue>&apos;S&apos;</defaultValue>
<ownDataTypeParameters>1 BYTE,,</ownDataTypeParameters>
</Attribute>
<Attribute name="ID PLANTA" id="7922E87A-FF56-E676-7996-06701DD465E6">
<createdBy>matiaszuniga</createdBy>
<createdTime>2025-10-12 22:53:20 UTC</createdTime>
<generatorID>4B17BAAF-74D6-C2E2-1D32-7EBE9498A7E5</generatorID>
<ownerDesignName>EFT_S9_Matias_Zuñiga</ownerDesignName>
<engineerTo>
<item key="B84FE507-AC91-6D88-C103-B1FC30DDA04E" value="true"/>
</engineerTo>
<referedAttribute>2D05B174-1AEC-915A-FFEF-43A36154969C</referedAttribute>
<useDomainConstraints>false</useDomainConstraints>
<use>1</use>
<logicalDatatype>LOGDT019</logicalDatatype>
<ownDataTypeParameters>,,</ownDataTypeParameters>
</Attribute>
<Attribute name="ID AFP" id="A0141070-5AD9-43CD-8A7F-FF9FA2B41328">
<createdBy>matiaszuniga</createdBy>
<createdTime>2025-10-12 22:53:20 UTC</createdTime>
<generatorID>D6AB205D-6B01-A35C-7046-B6D888947692</generatorID>
<ownerDesignName>EFT_S9_Matias_Zuñiga</ownerDesignName>
<engineerTo>
<item key="B84FE507-AC91-6D88-C103-B1FC30DDA04E" value="true"/>
</engineerTo>
<referedAttribute>2B7670C2-0509-954E-892D-C4BBFE20059E</referedAttribute>
<useDomainConstraints>false</useDomainConstraints>
<use>1</use>
<logicalDatatype>LOGDT019</logicalDatatype>
<ownDataTypeParameters>,,</ownDataTypeParameters>
</Attribute>
<Attribute name="ID SALUD" id="BE89A4DB-B062-9BC8-64F0-433A3F27C774">
<createdBy>matiaszuniga</createdBy>
<createdTime>2025-10-12 22:53:20 UTC</createdTime>
<generatorID>011B1F33-96C2-68FD-A73E-DD713E250F20</generatorID>
<ownerDesignName>EFT_S9_Matias_Zuñiga</ownerDesignName>
<engineerTo>
<item key="B84FE507-AC91-6D88-C103-B1FC30DDA04E" value="true"/>
</engineerTo>
<referedAttribute>245C1BFF-3659-6A5B-8155-163867ED8A03</referedAttribute>
<useDomainConstraints>false</useDomainConstraints>
<use>1</use>
<logicalDatatype>LOGDT019</logicalDatatype>
<ownDataTypeParameters>,,</ownDataTypeParameters>
</Attribute>
<Attribute name="ID JEFE" id="023DC7D1-C4CE-CBA9-0CEA-F90BB4AD1139">
<createdBy>matiaszuniga</createdBy>
<createdTime>2025-10-12 22:53:20 UTC</createdTime>
<generatorID>9AE92C3B-991B-1D5E-A994-F550668CF942</generatorID>
<ownerDesignName>EFT_S9_Matias_Zuñiga</ownerDesignName>
<engineerTo>
<item key="B84FE507-AC91-6D88-C103-B1FC30DDA04E" value="true"/>
</engineerTo>
<nullsAllowed>true</nullsAllowed>
<referedAttribute>5116CBBE-7C63-6E19-E500-F11BB2ED4BB9</referedAttribute>
<useDomainConstraints>false</useDomainConstraints>
<use>1</use>
<logicalDatatype>LOGDT019</logicalDatatype>
<ownDataTypeParameters>,,</ownDataTypeParameters>
</Attribute>
<Attribute name="AREA RESPONSABILIDAD" id="7657F7C4-D7FE-9C84-3B34-45275B6EC3EA">
<createdBy>matiaszuniga</createdBy>
<createdTime>2025-10-12 22:53:20 UTC</createdTime>
<generatorID>B4CE9835-7BA7-2751-7C86-0C4C278892A1</generatorID>
<ownerDesignName>EFT_S9_Matias_Zuñiga</ownerDesignName>
<engineerTo>
<item key="B84FE507-AC91-6D88-C103-B1FC30DDA04E" value="true"/>
</engineerTo>
<useDomainConstraints>false</useDomainConstraints>
<use>1</use>
<logicalDatatype>LOGDT024</logicalDatatype>
<dataTypeSize>100 BYTE</dataTypeSize>
<ownDataTypeParameters>100 BYTE,,</ownDataTypeParameters>
</Attribute>
<Attribute name="MAX OPERARIOS" id="DA6C00B4-6778-A45B-31FB-A895C0A420DF">
<createdBy>matiaszuniga</createdBy>
<createdTime>2025-10-12 22:53:20 UTC</createdTime>
<generatorID>9BAD2CD7-C416-B401-0F18-422736205CFF</generatorID>
<ownerDesignName>EFT_S9_Matias_Zuñiga</ownerDesignName>
<engineerTo>
<item key="B84FE507-AC91-6D88-C103-B1FC30DDA04E" value="true"/>
</engineerTo>
<useDomainConstraints>false</useDomainConstraints>
<use>1</use>
<logicalDatatype>LOGDT019</logicalDatatype>
<ownDataTypeParameters>,,</ownDataTypeParameters>
</Attribute>
<Attribute name="CATEGORIA" id="33D808AA-05D0-796B-6768-AC5D8FB2A142">
<createdBy>matiaszuniga</createdBy>
<createdTime>2025-10-12 22:53:20 UTC</createdTime>
<generatorID>963AB882-A74E-AC3A-836E-0EB09BA0D1AB</generatorID>
<ownerDesignName>EFT_S9_Matias_Zuñiga</ownerDesignName>
<engineerTo>
<item key="B84FE507-AC91-6D88-C103-B1FC30DDA04E" value="true"/>
</engineerTo>
<nullsAllowed>true</nullsAllowed>
<useDomainConstraints>false</useDomainConstraints>
<use>1</use>
<logicalDatatype>LOGDT024</logicalDatatype>
<dataTypeSize>50 BYTE</dataTypeSize>
<ownDataTypeParameters>50 BYTE,,</ownDataTypeParameters>
</Attribute>
<Attribute name="CERTIFICACION" id="558D4EE1-A8B8-C0AB-59C5-1C2AF22896E1">
<createdBy>matiaszuniga</createdBy>
<createdTime>2025-10-12 22:53:20 UTC</createdTime>
<generatorID>A8128A6B-60F2-1A6A-FA38-815979AAFB35</generatorID>
<ownerDesignName>EFT_S9_Matias_Zuñiga</ownerDesignName>
<engineerTo>
<item key="B84FE507-AC91-6D88-C103-B1FC30DDA04E" value="true"/>
</engineerTo>
<nullsAllowed>true</nullsAllowed>
<useDomainConstraints>false</useDomainConstraints>
<use>1</use>
<logicalDatatype>LOGDT024</logicalDatatype>
<dataTypeSize>100 BYTE</dataTypeSize>
<ownDataTypeParameters>100 BYTE,,</ownDataTypeParameters>
</Attribute>
<Attribute name="HORAS TURNO" id="3A98AF21-8513-3809-5A3A-6278B9F12D8A">
<createdBy>matiaszuniga</createdBy>
<createdTime>2025-10-12 22:53:20 UTC</createdTime>
<generatorID>7F1D0AFF-4971-2352-C0E3-DA04140F14E1</generatorID>
<ownerDesignName>EFT_S9_Matias_Zuñiga</ownerDesignName>
<engineerTo>
<item key="B84FE507-AC91-6D88-C103-B1FC30DDA04E" value="true"/>
</engineerTo>
<nullsAllowed>true</nullsAllowed>
<useDomainConstraints>false</useDomainConstraints>
<use>1</use>
<logicalDatatype>LOGDT019</logicalDatatype>
<defaultValue>8</defaultValue>
<ownDataTypeParameters>,,</ownDataTypeParameters>
</Attribute>
<Attribute name="ESPECIALIDAD" id="0522ACC2-88F0-F0AF-1E85-62B2A17582AB">
<createdBy>matiaszuniga</createdBy>
<createdTime>2025-10-12 22:53:20 UTC</createdTime>
<generatorID>7475838E-3F45-A726-3AEB-B029CB840247</generatorID>
<ownerDesignName>EFT_S9_Matias_Zuñiga</ownerDesignName>
<engineerTo>
<item key="B84FE507-AC91-6D88-C103-B1FC30DDA04E" value="true"/>
</engineerTo>
<nullsAllowed>true</nullsAllowed>
<useDomainConstraints>false</useDomainConstraints>
<use>1</use>
<logicalDatatype>LOGDT024</logicalDatatype>
<dataTypeSize>50 BYTE</dataTypeSize>
<ownDataTypeParameters>50 BYTE,,</ownDataTypeParameters>
</Attribute>
<Attribute name="NIVEL CERTIFICACION" id="285E7B2D-8FD6-8D05-4514-FEA5719F2341">
<createdBy>matiaszuniga</createdBy>
<createdTime>2025-10-12 22:53:20 UTC</createdTime>
<generatorID>72D3C6FF-16FB-7DDB-6FCB-2655344A1F89</generatorID>
<ownerDesignName>EFT_S9_Matias_Zuñiga</ownerDesignName>
<engineerTo>
<item key="B84FE507-AC91-6D88-C103-B1FC30DDA04E" value="true"/>
</engineerTo>
<nullsAllowed>true</nullsAllowed>
<useDomainConstraints>false</useDomainConstraints>
<use>1</use>
<logicalDatatype>LOGDT024</logicalDatatype>
<dataTypeSize>50 BYTE</dataTypeSize>
<ownDataTypeParameters>50 BYTE,,</ownDataTypeParameters>
</Attribute>
<Attribute name="TIEMPO RESPUESTA" id="AE29E51E-8143-DE4F-6272-69D2DD42894F">
<createdBy>matiaszuniga</createdBy>
<createdTime>2025-10-12 22:53:20 UTC</createdTime>
<generatorID>33F0DD69-B81A-80C0-8578-309D13714B7C</generatorID>
<ownerDesignName>EFT_S9_Matias_Zuñiga</ownerDesignName>
<engineerTo>
<item key="B84FE507-AC91-6D88-C103-B1FC30DDA04E" value="true"/>
</engineerTo>
<nullsAllowed>true</nullsAllowed>
<useDomainConstraints>false</useDomainConstraints>
<use>1</use>
<logicalDatatype>LOGDT019</logicalDatatype>
<ownDataTypeParameters>,,</ownDataTypeParameters>
</Attribute>
</attributes>
<identifiers itemClass="oracle.dbtools.crest.model.design.logical.CandidateKey">
<identifier id="2DC353CD-6161-5E29-0A4E-C458D99213D8" name="EMPLEADO PK">
<createdBy>matiaszuniga</createdBy>
<createdTime>2025-10-12 22:53:20 UTC</createdTime>
<generatorID>D80C6895-A02A-2B09-D360-00BA6D7C49DC</generatorID>
<ownerDesignName>EFT_S9_Matias_Zuñiga</ownerDesignName>
<engineerTo>
<item key="B84FE507-AC91-6D88-C103-B1FC30DDA04E" value="true"/>
</engineerTo>
<pk>true</pk>
<usedAttributes>
<attributeRef>5116CBBE-7C63-6E19-E500-F11BB2ED4BB9</attributeRef>
</usedAttributes>
</identifier>
</identifiers>
</Entity>