<?xml version = '1.0' encoding = 'UTF-8'?>
<Entity class="oracle.dbtools.crest.model.design.logical.Entity" directorySegmentName="seg_0" id="AE22504D-CF2F-DF4F-709F-7BFA3F980A15" name="MAQUINA">
<createdBy>matiaszuniga</createdBy>
<createdTime>2025-10-12 22:53:20 UTC</createdTime>
<generatorID>29CFBCAF-F40D-2C68-F382-82E57DBBF832</generatorID>
<ownerDesignName>EFT_S9_Matias_Zuñiga</ownerDesignName>
<engineerTo>
<item key="B84FE507-AC91-6D88-C103-B1FC30DDA04E" value="true"/>
</engineerTo>
<adequatelyNormalized>NO</adequatelyNormalized>
<expectedVolumes>0</expectedVolumes>
<fwdEngineeringStrategyName>Single Table</fwdEngineeringStrategyName>
<growthPercent>0</growthPercent>
<growthType>Year</growthType>
<maxVolumes>9999999</maxVolumes>
<minVolumes>0</minVolumes>
<normalForm>Third</normalForm>
<attributes itemClass="oracle.dbtools.crest.model.design.logical.Attribute">
<Attribute name="ID MAQUINA" id="6F3E2E4E-8326-090B-8909-474BAC72C285">
<createdBy>matiaszuniga</createdBy>
<createdTime>2025-10-12 22:53:20 UTC</createdTime>
<generatorID>2913FF33-D982-D4F4-315F-54F4BDEA7D1B</generatorID>
<ownerDesignName>EFT_S9_Matias_Zuñiga</ownerDesignName>
<engineerTo>
<item key="B84FE507-AC91-6D88-C103-B1FC30DDA04E" value="true"/>
</engineerTo>
<useDomainConstraints>false</useDomainConstraints>
<use>1</use>
<logicalDatatype>LOGDT019</logicalDatatype>
<ownDataTypeParameters>,,</ownDataTypeParameters>
</Attribute>
<Attribute name="NUMERO" id="42DFF1EA-1897-D27B-B265-4F78F60D793E">
<createdBy>matiaszuniga</createdBy>
<createdTime>2025-10-12 22:53:20 UTC</createdTime>
<generatorID>612E98AD-D212-A65F-AF37-28A1CB1981EB</generatorID>
<ownerDesignName>EFT_S9_Matias_Zuñiga</ownerDesignName>
<engineerTo>
<item key="B84FE507-AC91-6D88-C103-B1FC30DDA04E" value="true"/>
</engineerTo>
<useDomainConstraints>false</useDomainConstraints>
<use>1</use>
<logicalDatatype>LOGDT024</logicalDatatype>
<dataTypeSize>20 BYTE</dataTypeSize>
<ownDataTypeParameters>20 BYTE,,</ownDataTypeParameters>
</Attribute>
<Attribute name="NOMBRE" id="A57564FD-E4E3-6A17-8385-BB54CE43F4A3">
<createdBy>matiaszuniga</createdBy>
<createdTime>2025-10-12 22:53:20 UTC</createdTime>
<generatorID>704C3083-E504-1339-3206-5413418CBFC7</generatorID>
<ownerDesignName>EFT_S9_Matias_Zuñiga</ownerDesignName>
<engineerTo>
<item key="B84FE507-AC91-6D88-C103-B1FC30DDA04E" value="true"/>
</engineerTo>
<useDomainConstraints>false</useDomainConstraints>
<use>1</use>
<logicalDatatype>LOGDT024</logicalDatatype>
<dataTypeSize>100 BYTE</dataTypeSize>
<ownDataTypeParameters>100 BYTE,,</ownDataTypeParameters>
</Attribute>
<Attribute name="ACTIVO" id="1EF849DB-17E4-11D1-0C71-F5EBE384D4BA">
<createdBy>matiaszuniga</createdBy>
<createdTime>2025-10-12 22:53:20 UTC</createdTime>
<generatorID>F0058AF9-ECF0-1FC7-297E-4B0A61683C70</generatorID>
<ownerDesignName>EFT_S9_Matias_Zuñiga</ownerDesignName>
<engineerTo>
<item key="B84FE507-AC91-6D88-C103-B1FC30DDA04E" value="true"/>
</engineerTo>
<constraintName>SYS_C0024544</constraintName>
<nullsAllowed>true</nullsAllowed>
<useDomainConstraints>false</useDomainConstraints>
<use>1</use>
<logicalDatatype>LOGDT025</logicalDatatype>
<dataTypeSize>1 BYTE</dataTypeSize>
<listOfValues>
<valueDef value="&apos;N&apos;" description=""/>
<valueDef value="&apos;S&apos;" description=""/>
</listOfValues>
<defaultValue>&apos;S&apos;</defaultValue>
<ownDataTypeParameters>1 BYTE,,</ownDataTypeParameters>
</Attribute>
<Attribute name="ID PLANTA" id="B5A09508-AC29-0FD0-FAEF-19CB01047B5A">
<createdBy>matiaszuniga</createdBy>
<createdTime>2025-10-12 22:53:20 UTC</createdTime>
<generatorID>2C00B3E0-F411-7BCE-752A-2AA3DAF67786</generatorID>
<ownerDesignName>EFT_S9_Matias_Zuñiga</ownerDesignName>
<engineerTo>
<item key="B84FE507-AC91-6D88-C103-B1FC30DDA04E" value="true"/>
</engineerTo>
<referedAttribute>2D05B174-1AEC-915A-FFEF-43A36154969C</referedAttribute>
<useDomainConstraints>false</useDomainConstraints>
<use>1</use>
<logicalDatatype>LOGDT019</logicalDatatype>
<ownDataTypeParameters>,,</ownDataTypeParameters>
</Attribute>
<Attribute name="ID TIPO" id="14134389-1F68-4F2A-6B9C-B501463916AF">
<createdBy>matiaszuniga</createdBy>
<createdTime>2025-10-12 22:53:20 UTC</createdTime>
<generatorID>8EDDCFA3-C557-3823-BDB4-8166BB8B9FFE</generatorID>
<ownerDesignName>EFT_S9_Matias_Zuñiga</ownerDesignName>
<engineerTo>
<item key="B84FE507-AC91-6D88-C103-B1FC30DDA04E" value="true"/>
</engineerTo>
<referedAttribute>7E68B9B0-4761-E608-A98A-57743A7DC2AD</referedAttribute>
<useDomainConstraints>false</useDomainConstraints>
<use>1</use>
<logicalDatatype>LOGDT019</logicalDatatype>
<ownDataTypeParameters>,,</ownDataTypeParameters>
</Attribute>
</attributes>
<identifiers itemClass="oracle.dbtools.crest.model.design.logical.CandidateKey">
<identifier id="E2B331C2-A498-05E3-F05E-95478D9BCBC7" name="PK MAQUINA">
<createdBy>matiaszuniga</createdBy>
<createdTime>2025-10-12 22:53:20 UTC</createdTime>
<generatorID>60FCDC45-5D96-4131-799D-4DEFF731EB6F</generatorID>
<ownerDesignName>EFT_S9_Matias_Zuñiga</ownerDesignName>
<engineerTo>
<item key="B84FE507-AC91-6D88-C103-B1FC30DDA04E" value="true"/>
</engineerTo>
<pk>true</pk>
<usedAttributes>
<attributeRef>6F3E2E4E-8326-090B-8909-474BAC72C285</attributeRef>
</usedAttributes>
</identifier>
</identifiers>
</Entity>