<?xml version = '1.0' encoding = 'UTF-8'?>
<SegmentOraclev10g class="oracle.dbtools.crest.model.design.storage.oracle.v10g.SegmentOraclev10g" name="Storage1" directorySegmentName="seg_0" id="DD59D608-AAB3-3448-9929-932DDBAF5144">
<createdBy>matiaszuniga</createdBy>
<createdTime>2025-10-12 22:51:33 UTC</createdTime>
<ownerDesignName>EFT_S9_Matias_Zuñiga</ownerDesignName>
<initrans>10</initrans>
<maxTrans>255</maxTrans>
<scInitialExtent>65536</scInitialExtent>
<scMaxExtents>2147483645</scMaxExtents>
<scNextExtent>1048576</scNextExtent>
</SegmentOraclev10g>