<?xml version = '1.0' encoding = 'UTF-8'?>
<Relation class="oracle.dbtools.crest.model.design.logical.Relation" name="FK_EMP_SALUD" directorySegmentName="seg_0" id="011B1F33-96C2-68FD-A73E-DD713E250F20">
<createdBy>matiaszuniga</createdBy>
<createdTime>2025-10-12 22:53:20 UTC</createdTime>
<generatorID>0C783F8D-18DC-F74A-2056-27A8CFDE5987</generatorID>
<ownerDesignName>EFT_S9_Matias_Zuñiga</ownerDesignName>
<engineerTo>
<item key="B84FE507-AC91-6D88-C103-B1FC30DDA04E" value="true"/>
</engineerTo>
<sourcePk>2E7038BB-CEF3-88B2-6EF1-9BDA6BAA562A</sourcePk>
<identifying>false</identifying>
<optionalSource>true</optionalSource>
<optionalTarget>false</optionalTarget>
<sourceCardinality>1</sourceCardinality>
<sourceEntity>63731140-488B-B2C8-44A0-155BD442A671</sourceEntity>
<targetCardinalityString>*</targetCardinalityString>
<targetEntity>4474BB34-7999-09A9-5370-CAEFD4307FD3</targetEntity>
<transferable>true</transferable>
<deleteRule>NO ACTION</deleteRule>
</Relation>