<?xml version = '1.0' encoding = 'UTF-8'?>
<Relation class="oracle.dbtools.crest.model.design.logical.Relation" name="FK_ASIG_EMP" directorySegmentName="seg_0" id="03EACCE8-590A-3C86-7715-515A9617E4DC">
<createdBy>matiaszuniga</createdBy>
<createdTime>2025-10-12 22:53:20 UTC</createdTime>
<generatorID>FA9411C8-36AC-9FB2-6A6A-EDA5ED243B8C</generatorID>
<ownerDesignName>EFT_S9_Matias_Zuñiga</ownerDesignName>
<engineerTo>
<item key="B84FE507-AC91-6D88-C103-B1FC30DDA04E" value="true"/>
</engineerTo>
<sourcePk>2DC353CD-6161-5E29-0A4E-C458D99213D8</sourcePk>
<identifying>false</identifying>
<optionalSource>true</optionalSource>
<optionalTarget>false</optionalTarget>
<sourceCardinality>1</sourceCardinality>
<sourceEntity>4474BB34-7999-09A9-5370-CAEFD4307FD3</sourceEntity>
<targetCardinalityString>*</targetCardinalityString>
<targetEntity>ADAC9D6D-5FDA-C275-1ABD-B0689C54D8C0</targetEntity>
<transferable>true</transferable>
<deleteRule>NO ACTION</deleteRule>
</Relation>