<?xml version = '1.0' encoding = 'UTF-8'?>
<Relation class="oracle.dbtools.crest.model.design.logical.Relation" name="FK_PLANTA_COMUNA" directorySegmentName="seg_0" id="1FF10FDF-1404-CE33-E79E-5935F2CD7E88">
<createdBy>matiaszuniga</createdBy>
<createdTime>2025-10-12 22:53:20 UTC</createdTime>
<generatorID>3B94EB77-A901-0C21-99C0-621973EAEB1D</generatorID>
<ownerDesignName>EFT_S9_Matias_Zuñiga</ownerDesignName>
<engineerTo>
<item key="B84FE507-AC91-6D88-C103-B1FC30DDA04E" value="true"/>
</engineerTo>
<sourcePk>B2848195-F46D-C686-FB83-C4A0D71E1FC3</sourcePk>
<identifying>false</identifying>
<optionalSource>true</optionalSource>
<optionalTarget>false</optionalTarget>
<sourceCardinality>1</sourceCardinality>
<sourceEntity>4764D62E-92C5-906A-A3E0-009CB1FC12E3</sourceEntity>
<targetCardinalityString>*</targetCardinalityString>
<targetEntity>F12ED9E9-926B-C65E-82DC-F7C2E15AFA68</targetEntity>
<transferable>true</transferable>
<deleteRule>NO ACTION</deleteRule>
</Relation>