<?xml version = '1.0' encoding = 'UTF-8'?>
<Relation class="oracle.dbtools.crest.model.design.logical.Relation" name="FK_MAQUINA_PLANTA" directorySegmentName="seg_0" id="2C00B3E0-F411-7BCE-752A-2AA3DAF67786">
<createdBy>matiaszuniga</createdBy>
<createdTime>2025-10-12 22:53:20 UTC</createdTime>
<generatorID>8D83F34D-781D-DEFD-4A1B-C9856AF3EA05</generatorID>
<ownerDesignName>EFT_S9_Matias_Zuñiga</ownerDesignName>
<engineerTo>
<item key="B84FE507-AC91-6D88-C103-B1FC30DDA04E" value="true"/>
</engineerTo>
<sourcePk>2CC35E85-6B13-EA23-9681-EAE1A394E7D7</sourcePk>
<identifying>false</identifying>
<optionalSource>true</optionalSource>
<optionalTarget>false</optionalTarget>
<sourceCardinality>1</sourceCardinality>
<sourceEntity>F12ED9E9-926B-C65E-82DC-F7C2E15AFA68</sourceEntity>
<targetCardinalityString>*</targetCardinalityString>
<targetEntity>AE22504D-CF2F-DF4F-709F-7BFA3F980A15</targetEntity>
<transferable>true</transferable>
<deleteRule>NO ACTION</deleteRule>
</Relation>