<?xml version = '1.0' encoding = 'UTF-8'?>
<Relation class="oracle.dbtools.crest.model.design.logical.Relation" name="FK_COMUNA_REGION" directorySegmentName="seg_0" id="44681532-4B19-6A89-19F9-97695DED0E2D">
<createdBy>matiaszuniga</createdBy>
<createdTime>2025-10-12 22:53:20 UTC</createdTime>
<generatorID>5EB787D9-B04E-8A7B-ABE6-CD41C5F4C8CA</generatorID>
<ownerDesignName>EFT_S9_Matias_Zuñiga</ownerDesignName>
<engineerTo>
<item key="B84FE507-AC91-6D88-C103-B1FC30DDA04E" value="true"/>
</engineerTo>
<sourcePk>80512C5E-77BC-A78B-DDBB-ED079911CAE5</sourcePk>
<identifying>false</identifying>
<optionalSource>true</optionalSource>
<optionalTarget>false</optionalTarget>
<sourceCardinality>1</sourceCardinality>
<sourceEntity>D3F5EAD0-EBF4-58C8-528C-7180E38E76EC</sourceEntity>
<targetCardinalityString>*</targetCardinalityString>
<targetEntity>4764D62E-92C5-906A-A3E0-009CB1FC12E3</targetEntity>
<transferable>true</transferable>
<deleteRule>NO ACTION</deleteRule>
</Relation>