<?xml version = '1.0' encoding = 'UTF-8'?>
<Relation class="oracle.dbtools.crest.model.design.logical.Relation" name="FK_EMP_PLANTA" directorySegmentName="seg_0" id="4B17BAAF-74D6-C2E2-1D32-7EBE9498A7E5">
<createdBy>matiaszuniga</createdBy>
<createdTime>2025-10-12 22:53:20 UTC</createdTime>
<generatorID>B9B880D0-20BF-8644-CD99-AA68E7E57E11</generatorID>
<ownerDesignName>EFT_S9_Matias_Zuñiga</ownerDesignName>
<engineerTo>
<item key="B84FE507-AC91-6D88-C103-B1FC30DDA04E" value="true"/>
</engineerTo>
<sourcePk>2CC35E85-6B13-EA23-9681-EAE1A394E7D7</sourcePk>
<identifying>false</identifying>
<optionalSource>true</optionalSource>
<optionalTarget>false</optionalTarget>
<sourceCardinality>1</sourceCardinality>
<sourceEntity>F12ED9E9-926B-C65E-82DC-F7C2E15AFA68</sourceEntity>
<targetCardinalityString>*</targetCardinalityString>
<targetEntity>4474BB34-7999-09A9-5370-CAEFD4307FD3</targetEntity>
<transferable>true</transferable>
<deleteRule>NO ACTION</deleteRule>
</Relation>