<?xml version = '1.0' encoding = 'UTF-8'?>
<Relation class="oracle.dbtools.crest.model.design.logical.Relation" name="FK_ORD_MAQ" directorySegmentName="seg_0" id="6D33561E-DC48-4DA8-DB3F-D7678765CBBF">
<createdBy>matiaszuniga</createdBy>
<createdTime>2025-10-12 22:53:20 UTC</createdTime>
<generatorID>1098DAA2-9727-3CDD-9604-E30CE44AB0D9</generatorID>
<ownerDesignName>EFT_S9_Matias_Zuñiga</ownerDesignName>
<engineerTo>
<item key="B84FE507-AC91-6D88-C103-B1FC30DDA04E" value="true"/>
</engineerTo>
<sourcePk>E2B331C2-A498-05E3-F05E-95478D9BCBC7</sourcePk>
<identifying>false</identifying>
<optionalSource>true</optionalSource>
<optionalTarget>false</optionalTarget>
<sourceCardinality>1</sourceCardinality>
<sourceEntity>AE22504D-CF2F-DF4F-709F-7BFA3F980A15</sourceEntity>
<targetCardinalityString>*</targetCardinalityString>
<targetEntity>73EED293-F964-BB42-BD5D-2303DE71A891</targetEntity>
<transferable>true</transferable>
<deleteRule>NO ACTION</deleteRule>
</Relation>