<?xml version = '1.0' encoding = 'UTF-8'?>
<Relation class="oracle.dbtools.crest.model.design.logical.Relation" name="FK_ASIG_MAQ" directorySegmentName="seg_0" id="70C261F8-C3B8-C3A9-768A-C8C367A63B9C">
<createdBy>matiaszuniga</createdBy>
<createdTime>2025-10-12 22:53:20 UTC</createdTime>
<generatorID>25413F9D-2CD6-1D98-32CD-14DDF6045F3C</generatorID>
<ownerDesignName>EFT_S9_Matias_Zuñiga</ownerDesignName>
<engineerTo>
<item key="B84FE507-AC91-6D88-C103-B1FC30DDA04E" value="true"/>
</engineerTo>
<sourcePk>E2B331C2-A498-05E3-F05E-95478D9BCBC7</sourcePk>
<identifying>false</identifying>
<optionalSource>true</optionalSource>
<optionalTarget>false</optionalTarget>
<sourceCardinality>1</sourceCardinality>
<sourceEntity>AE22504D-CF2F-DF4F-709F-7BFA3F980A15</sourceEntity>
<targetCardinalityString>*</targetCardinalityString>
<targetEntity>ADAC9D6D-5FDA-C275-1ABD-B0689C54D8C0</targetEntity>
<transferable>true</transferable>
<deleteRule>NO ACTION</deleteRule>
</Relation>