<?xml version = '1.0' encoding = 'UTF-8'?>
<Relation class="oracle.dbtools.crest.model.design.logical.Relation" name="FK_MAQUINA_TIPO" directorySegmentName="seg_0" id="8EDDCFA3-C557-3823-BDB4-8166BB8B9FFE">
<createdBy>matiaszuniga</createdBy>
<createdTime>2025-10-12 22:53:20 UTC</createdTime>
<generatorID>2A7B9868-AB25-A6D3-E996-A6A8EB835AF1</generatorID>
<ownerDesignName>EFT_S9_Matias_Zuñiga</ownerDesignName>
<engineerTo>
<item key="B84FE507-AC91-6D88-C103-B1FC30DDA04E" value="true"/>
</engineerTo>
<sourcePk>F5244DC3-0C2B-B496-8AB0-B323E60B10F2</sourcePk>
<identifying>false</identifying>
<optionalSource>true</optionalSource>
<optionalTarget>false</optionalTarget>
<sourceCardinality>1</sourceCardinality>
<sourceEntity>30D0110E-C0C1-3A85-980B-2EC320EBD854</sourceEntity>
<targetCardinalityString>*</targetCardinalityString>
<targetEntity>AE22504D-CF2F-DF4F-709F-7BFA3F980A15</targetEntity>
<transferable>true</transferable>
<deleteRule>NO ACTION</deleteRule>
</Relation>