<?xml version = '1.0' encoding = 'UTF-8'?>
<Relation class="oracle.dbtools.crest.model.design.logical.Relation" name="FK_EMP_JEFE" directorySegmentName="seg_0" id="9AE92C3B-991B-1D5E-A994-F550668CF942">
<createdBy>matiaszuniga</createdBy>
<createdTime>2025-10-12 22:53:20 UTC</createdTime>
<generatorID>CAD73178-2701-E27F-6822-935B5EF1D56E</generatorID>
<ownerDesignName>EFT_S9_Matias_Zuñiga</ownerDesignName>
<engineerTo>
<item key="B84FE507-AC91-6D88-C103-B1FC30DDA04E" value="true"/>
</engineerTo>
<targetPk>2DC353CD-6161-5E29-0A4E-C458D99213D8</targetPk>
<identifying>false</identifying>
<optionalSource>true</optionalSource>
<optionalTarget>true</optionalTarget>
<sourceCardinality>1</sourceCardinality>
<sourceEntity>4474BB34-7999-09A9-5370-CAEFD4307FD3</sourceEntity>
<targetCardinalityString>*</targetCardinalityString>
<targetEntity>4474BB34-7999-09A9-5370-CAEFD4307FD3</targetEntity>
<transferable>true</transferable>
<deleteRule>NO ACTION</deleteRule>
</Relation>