<?xml version = '1.0' encoding = 'UTF-8'?>
<Relation class="oracle.dbtools.crest.model.design.logical.Relation" name="FK_ASIG_TURNO" directorySegmentName="seg_0" id="AC08ABD7-E947-14AD-E8C5-9C083D838686">
<createdBy>matiaszuniga</createdBy>
<createdTime>2025-10-12 22:53:20 UTC</createdTime>
<generatorID>D3C0858C-13DE-B599-7493-7250EA11ECBC</generatorID>
<ownerDesignName>EFT_S9_Matias_Zuñiga</ownerDesignName>
<engineerTo>
<item key="B84FE507-AC91-6D88-C103-B1FC30DDA04E" value="true"/>
</engineerTo>
<sourcePk>3405BCE5-D797-51B1-DE5F-DAAD6FAC1BFA</sourcePk>
<identifying>false</identifying>
<optionalSource>true</optionalSource>
<optionalTarget>false</optionalTarget>
<sourceCardinality>1</sourceCardinality>
<sourceEntity>1D18627A-FD34-E0AD-F611-2CCBDF089AC4</sourceEntity>
<targetCardinalityString>*</targetCardinalityString>
<targetEntity>ADAC9D6D-5FDA-C275-1ABD-B0689C54D8C0</targetEntity>
<transferable>true</transferable>
<deleteRule>NO ACTION</deleteRule>
</Relation>