<?xml version = '1.0' encoding = 'UTF-8'?>
<Relation class="oracle.dbtools.crest.model.design.logical.Relation" name="FK_ORD_TEC" directorySegmentName="seg_0" id="D46986AD-C22F-13F2-DDD6-67776023A44A">
<createdBy>matiaszuniga</createdBy>
<createdTime>2025-10-12 22:53:20 UTC</createdTime>
<generatorID>53DE1A02-A73E-22BA-5472-7C8D7B0F2922</generatorID>
<ownerDesignName>EFT_S9_Matias_Zuñiga</ownerDesignName>
<engineerTo>
<item key="B84FE507-AC91-6D88-C103-B1FC30DDA04E" value="true"/>
</engineerTo>
<sourcePk>2DC353CD-6161-5E29-0A4E-C458D99213D8</sourcePk>
<identifying>false</identifying>
<optionalSource>true</optionalSource>
<optionalTarget>false</optionalTarget>
<sourceCardinality>1</sourceCardinality>
<sourceEntity>4474BB34-7999-09A9-5370-CAEFD4307FD3</sourceEntity>
<targetCardinalityString>*</targetCardinalityString>
<targetEntity>73EED293-F964-BB42-BD5D-2303DE71A891</targetEntity>
<transferable>true</transferable>
<deleteRule>NO ACTION</deleteRule>
</Relation>