<?xml version = '1.0' encoding = 'UTF-8'?>
<Relation class="oracle.dbtools.crest.model.design.logical.Relation" name="FK_EMP_AFP" directorySegmentName="seg_0" id="D6AB205D-6B01-A35C-7046-B6D888947692">
<createdBy>matiaszuniga</createdBy>
<createdTime>2025-10-12 22:53:20 UTC</createdTime>
<generatorID>6B8E6480-14CC-E0FB-8511-1742E2AA7641</generatorID>
<ownerDesignName>EFT_S9_Matias_Zuñiga</ownerDesignName>
<engineerTo>
<item key="B84FE507-AC91-6D88-C103-B1FC30DDA04E" value="true"/>
</engineerTo>
<sourcePk>748EBC4E-AFE2-6995-1DAD-9E9BADA66074</sourcePk>
<identifying>false</identifying>
<optionalSource>true</optionalSource>
<optionalTarget>false</optionalTarget>
<sourceCardinality>1</sourceCardinality>
<sourceEntity>AF409B89-C290-966B-BF14-3272A493C990</sourceEntity>
<targetCardinalityString>*</targetCardinalityString>
<targetEntity>4474BB34-7999-09A9-5370-CAEFD4307FD3</targetEntity>
<transferable>true</transferable>
<deleteRule>NO ACTION</deleteRule>
</Relation>