<?xml version = '1.0' encoding = 'UTF-8'?>
<FKArc class="oracle.dbtools.crest.model.design.relational.FKArc" directorySegmentName="seg_0" id="01B23845-C17E-E07A-6EFF-65111CAE4217" name="FKArc_1">
<createdBy>matiaszuniga</createdBy>
<createdTime>2025-08-26 02:59:42 UTC</createdTime>
<ownerDesignName>exp1_s2_FMF_MZ</ownerDesignName>
<mandatory>false</mandatory>
<reverseArc>true</reverseArc>
<table>7B10DC4D-CE0A-559A-84F3-8E912D5854D3</table>
<fkeys>
<fkeyID>1DD3B327-DE56-4E97-799B-0148274D4D24</fkeyID>
<fkeyID>532B2333-D0B9-5281-1B67-94DBA0896DD5</fkeyID>
</fkeys>
</FKArc>