<?xml version = '1.0' encoding = 'UTF-8'?>
<Diagram class="oracle.dbtools.crest.swingui.relational.DPVRelational" name="Relational_1" id="FADD70A6-FD94-EDFB-4A6F-A8848CF36C7E">
<createdBy>matiaszuniga</createdBy>
<modifiedBy>matiaszuniga</modifiedBy>
<createdTime>2025-10-12 22:51:32 UTC</createdTime>
<autoRoute>false</autoRoute>
<boxInbox>true</boxInbox>
<showLegend>false</showLegend>
<showLabels>false</showLabels>
<showRelAttributes>false</showRelAttributes>
<gridEnabled>false</gridEnabled>
<showGrid>false</showGrid>
<diagramColor>-1</diagramColor>
<display>false</display>
<notation>1</notation>
<objectViews>
<OView class="oracle.dbtools.crest.swingui.relational.TVTable" oid="1F917DA5-FF25-2FC2-811C-0A4614867A8C" otype="Table" vid="4843AF22-7D8A-6CB0-0DB9-48ACAEBD450A">
<hideElementsInCurrentOnly>false</hideElementsInCurrentOnly>
<bounds x="372" y="1044" width="210" height="83"/>
</OView>
<OView class="oracle.dbtools.crest.swingui.relational.TVTable" oid="29CFBCAF-F40D-2C68-F382-82E57DBBF832" otype="Table" vid="87A6656B-9EDE-4D0D-EC69-0DF6555F7954">
<hideElementsInCurrentOnly>false</hideElementsInCurrentOnly>
<bounds x="77" y="281" width="228" height="173"/>
</OView>
<OView class="oracle.dbtools.crest.swingui.relational.TVTable" oid="44887D6D-B405-F0F4-7259-6F818DDE34F8" otype="Table" vid="35D4E279-EA93-34E2-2C6A-2EB32E4021EF">
<hideElementsInCurrentOnly>false</hideElementsInCurrentOnly>
<bounds x="371" y="279" width="282" height="349"/>
</OView>
<OView class="oracle.dbtools.crest.swingui.relational.TVTable" oid="4AAC0A71-B307-23D4-D6D9-628FF8322BC6" otype="Table" vid="2E0030D9-88F0-7E58-3A7D-2DAFB18D7A8D">
<hideElementsInCurrentOnly>false</hideElementsInCurrentOnly>
<bounds x="20" y="688" width="271" height="154"/>
</OView>
<OView class="oracle.dbtools.crest.swingui.relational.TVTable" oid="64950E86-190A-0DEF-DFB2-A01B07668D43" otype="Table" vid="519734A9-7DB8-394B-67B8-C20C30CEBFE9">
<hideElementsInCurrentOnly>false</hideElementsInCurrentOnly>
<bounds x="81" y="122" width="223" height="109"/>
</OView>
<OView class="oracle.dbtools.crest.swingui.relational.TVTable" oid="6BE3BFB5-1179-0CC7-D581-B846C489C3CB" otype="Table" vid="341ABDC4-BA92-54F6-8B4C-74A20B7023F0">
<hideElementsInCurrentOnly>false</hideElementsInCurrentOnly>
<bounds x="372" y="863" width="219" height="121"/>
</OView>
<OView class="oracle.dbtools.crest.swingui.relational.TVTable" oid="8E00A9DE-E44E-3DD8-CE96-BF85022058BC" otype="Table" vid="9A3CCAA5-89B5-3310-3C4C-10B2B0E9EF9A">
<hideElementsInCurrentOnly>false</hideElementsInCurrentOnly>
<bounds x="389" y="64" width="258" height="199"/>
</OView>
<OView class="oracle.dbtools.crest.swingui.relational.TVTable" oid="9E3F6850-9177-9F06-4E59-23AF48D3E48E" otype="Table" vid="D2F54C76-102C-9E5C-CBCB-7E253F46CFDC">
<hideElementsInCurrentOnly>false</hideElementsInCurrentOnly>
<bounds x="732" y="321" width="192" height="83"/>
</OView>
<OView class="oracle.dbtools.crest.swingui.relational.TVTable" oid="A738403B-E608-FD2C-A710-1DB80EFE41DA" otype="Table" vid="4BCD1CE0-4FE0-C307-5621-950AA9F6FADC">
<hideElementsInCurrentOnly>false</hideElementsInCurrentOnly>
<bounds x="77" y="514" width="226" height="83"/>
</OView>
<OView class="oracle.dbtools.crest.swingui.relational.TVTable" oid="AA9E97C0-567D-A822-4D8F-BF3ADCDEFFCB" otype="Table" vid="EAEA7A60-3728-C886-B7D2-606BA1882664">
<hideElementsInCurrentOnly>false</hideElementsInCurrentOnly>
<bounds x="714" y="475" width="226" height="83"/>
</OView>
<OView class="oracle.dbtools.crest.swingui.relational.TVTable" oid="CA7887FA-A6AF-140B-7692-7803DC07302A" otype="Table" vid="894D4049-B5CE-898D-3B49-3E418D11ECB6">
<hideElementsInCurrentOnly>false</hideElementsInCurrentOnly>
<bounds x="372" y="688" width="218" height="115"/>
</OView>
</objectViews>
<connectors>
<Connector class="oracle.dbtools.crest.swingui.relational.TVFKRelation" oid="0C783F8D-18DC-F74A-2056-27A8CFDE5987" otype="FKIndexAssociation" vid_source="EAEA7A60-3728-C886-B7D2-606BA1882664" vid_target="35D4E279-EA93-34E2-2C6A-2EB32E4021EF">
<hideElementsInCurrentOnly>false</hideElementsInCurrentOnly>
<backgroundColor>-16777216</backgroundColor>
<lineWidth>1</lineWidth>
<points>
<point x="714" y="516"/>
<point x="653" y="516"/>
</points>
</Connector>
<Connector class="oracle.dbtools.crest.swingui.relational.TVFKRelation" oid="1098DAA2-9727-3CDD-9604-E30CE44AB0D9" otype="FKIndexAssociation" vid_source="87A6656B-9EDE-4D0D-EC69-0DF6555F7954" vid_target="2E0030D9-88F0-7E58-3A7D-2DAFB18D7A8D">
<hideElementsInCurrentOnly>false</hideElementsInCurrentOnly>
<backgroundColor>-16777216</backgroundColor>
<lineWidth>1</lineWidth>
<points>
<point x="169" y="454"/>
<point x="169" y="688"/>
</points>
</Connector>
<Connector class="oracle.dbtools.crest.swingui.relational.TVFKRelation" oid="25413F9D-2CD6-1D98-32CD-14DDF6045F3C" otype="FKIndexAssociation" vid_source="87A6656B-9EDE-4D0D-EC69-0DF6555F7954" vid_target="9A3CCAA5-89B5-3310-3C4C-10B2B0E9EF9A">
<hideElementsInCurrentOnly>false</hideElementsInCurrentOnly>
<backgroundColor>-16777216</backgroundColor>
<lineWidth>1</lineWidth>
<points>
<point x="305" y="296"/>
<point x="389" y="243"/>
</points>
</Connector>
<Connector class="oracle.dbtools.crest.swingui.relational.TVFKRelation" oid="2A7B9868-AB25-A6D3-E996-A6A8EB835AF1" otype="FKIndexAssociation" vid_source="4BCD1CE0-4FE0-C307-5621-950AA9F6FADC" vid_target="87A6656B-9EDE-4D0D-EC69-0DF6555F7954">
<hideElementsInCurrentOnly>false</hideElementsInCurrentOnly>
<backgroundColor>-16777216</backgroundColor>
<lineWidth>1</lineWidth>
<points>
<point x="190" y="514"/>
<point x="190" y="454"/>
</points>
</Connector>
<Connector class="oracle.dbtools.crest.swingui.relational.TVFKRelation" oid="3B94EB77-A901-0C21-99C0-621973EAEB1D" otype="FKIndexAssociation" vid_source="341ABDC4-BA92-54F6-8B4C-74A20B7023F0" vid_target="894D4049-B5CE-898D-3B49-3E418D11ECB6">
<hideElementsInCurrentOnly>false</hideElementsInCurrentOnly>
<backgroundColor>-16777216</backgroundColor>
<lineWidth>1</lineWidth>
<points>
<point x="481" y="863"/>
<point x="481" y="803"/>
</points>
</Connector>
<Connector class="oracle.dbtools.crest.swingui.relational.TVFKRelation" oid="53DE1A02-A73E-22BA-5472-7C8D7B0F2922" otype="FKIndexAssociation" vid_source="35D4E279-EA93-34E2-2C6A-2EB32E4021EF" vid_target="2E0030D9-88F0-7E58-3A7D-2DAFB18D7A8D">
<hideElementsInCurrentOnly>false</hideElementsInCurrentOnly>
<backgroundColor>-16777216</backgroundColor>
<lineWidth>1</lineWidth>
<points>
<point x="371" y="576"/>
<point x="243" y="688"/>
</points>
</Connector>
<Connector class="oracle.dbtools.crest.swingui.relational.TVFKRelation" oid="5EB787D9-B04E-8A7B-ABE6-CD41C5F4C8CA" otype="FKIndexAssociation" vid_source="4843AF22-7D8A-6CB0-0DB9-48ACAEBD450A" vid_target="341ABDC4-BA92-54F6-8B4C-74A20B7023F0">
<hideElementsInCurrentOnly>false</hideElementsInCurrentOnly>
<backgroundColor>-16777216</backgroundColor>
<lineWidth>1</lineWidth>
<points>
<point x="477" y="1044"/>
<point x="477" y="984"/>
</points>
</Connector>
<Connector class="oracle.dbtools.crest.swingui.relational.TVFKRelation" oid="6B8E6480-14CC-E0FB-8511-1742E2AA7641" otype="FKIndexAssociation" vid_source="D2F54C76-102C-9E5C-CBCB-7E253F46CFDC" vid_target="35D4E279-EA93-34E2-2C6A-2EB32E4021EF">
<hideElementsInCurrentOnly>false</hideElementsInCurrentOnly>
<backgroundColor>-16777216</backgroundColor>
<lineWidth>1</lineWidth>
<points>
<point x="732" y="362"/>
<point x="653" y="362"/>
</points>
</Connector>
<Connector class="oracle.dbtools.crest.swingui.relational.TVFKRelation" oid="8D83F34D-781D-DEFD-4A1B-C9856AF3EA05" otype="FKIndexAssociation" vid_source="894D4049-B5CE-898D-3B49-3E418D11ECB6" vid_target="87A6656B-9EDE-4D0D-EC69-0DF6555F7954">
<hideElementsInCurrentOnly>false</hideElementsInCurrentOnly>
<backgroundColor>-16777216</backgroundColor>
<lineWidth>1</lineWidth>
<points>
<point x="436" y="688"/>
<point x="257" y="454"/>
</points>
</Connector>
<Connector class="oracle.dbtools.crest.swingui.relational.TVFKRelation" oid="B9B880D0-20BF-8644-CD99-AA68E7E57E11" otype="FKIndexAssociation" vid_source="894D4049-B5CE-898D-3B49-3E418D11ECB6" vid_target="35D4E279-EA93-34E2-2C6A-2EB32E4021EF">
<hideElementsInCurrentOnly>false</hideElementsInCurrentOnly>
<backgroundColor>-16777216</backgroundColor>
<lineWidth>1</lineWidth>
<points>
<point x="481" y="688"/>
<point x="481" y="628"/>
</points>
</Connector>
<Connector class="oracle.dbtools.crest.swingui.relational.TVFKRelation" oid="CAD73178-2701-E27F-6822-935B5EF1D56E" otype="FKIndexAssociation" vid_source="35D4E279-EA93-34E2-2C6A-2EB32E4021EF" vid_target="35D4E279-EA93-34E2-2C6A-2EB32E4021EF">
<hideElementsInCurrentOnly>false</hideElementsInCurrentOnly>
<backgroundColor>-16777216</backgroundColor>
<lineWidth>1</lineWidth>
<points>
<point x="653" y="484"/>
<point x="678" y="484"/>
<point x="678" y="653"/>
<point x="536" y="653"/>
<point x="536" y="628"/>
</points>
</Connector>
<Connector class="oracle.dbtools.crest.swingui.relational.TVFKRelation" oid="D3C0858C-13DE-B599-7493-7250EA11ECBC" otype="FKIndexAssociation" vid_source="519734A9-7DB8-394B-67B8-C20C30CEBFE9" vid_target="9A3CCAA5-89B5-3310-3C4C-10B2B0E9EF9A">
<hideElementsInCurrentOnly>false</hideElementsInCurrentOnly>
<backgroundColor>-16777216</backgroundColor>
<lineWidth>1</lineWidth>
<points>
<point x="304" y="176"/>
<point x="389" y="176"/>
</points>
</Connector>
<Connector class="oracle.dbtools.crest.swingui.relational.TVFKRelation" oid="FA9411C8-36AC-9FB2-6A6A-EDA5ED243B8C" otype="FKIndexAssociation" vid_source="35D4E279-EA93-34E2-2C6A-2EB32E4021EF" vid_target="9A3CCAA5-89B5-3310-3C4C-10B2B0E9EF9A">
<hideElementsInCurrentOnly>false</hideElementsInCurrentOnly>
<backgroundColor>-16777216</backgroundColor>
<lineWidth>1</lineWidth>
<points>
<point x="518" y="279"/>
<point x="518" y="263"/>
</points>
</Connector>
</connectors>
</Diagram>