<?xml version = '1.0' encoding = 'UTF-8'?>
<Table class="oracle.dbtools.crest.model.design.relational.Table" directorySegmentName="seg_0" id="49102CD3-F5D8-6DB2-5D79-571EC122E0B9" name="Vuelo">
<createdBy>mzunigac</createdBy>
<createdTime>2025-08-18 15:05:07 UTC</createdTime>
<ownerDesignName>Formativa_1_Fernandez_Zuñiga_18_08_2025</ownerDesignName>
<ordsAlias>table_3</ordsAlias>
<allowColumnReorder>false</allowColumnReorder>
<existDependencyGenerateInDDl>true</existDependencyGenerateInDDl>
<parsed>true</parsed>
<columns itemClass="oracle.dbtools.crest.model.design.relational.Column">
<Column name="NumeroVuelo" id="25E3449E-625B-4A29-C747-168B9851899B">
<createdBy>mzunigac</createdBy>
<createdTime>2025-08-18 15:06:19 UTC</createdTime>
<ownerDesignName>Formativa_1_Fernandez_Zuñiga_18_08_2025</ownerDesignName>
<useDomainConstraints>false</useDomainConstraints>
<use>1</use>
<logicalDatatype>LOGDT019</logicalDatatype>
<ownDataTypeParameters>,,</ownDataTypeParameters>
<autoIncrementCycle>false</autoIncrementCycle>
</Column>
<Column name="FechaLlegada" id="AFDB65E3-EAAA-6A5C-0297-97BCFFA7FB8C">
<createdBy>mzunigac</createdBy>
<createdTime>2025-08-18 15:06:19 UTC</createdTime>
<ownerDesignName>Formativa_1_Fernandez_Zuñiga_18_08_2025</ownerDesignName>
<useDomainConstraints>false</useDomainConstraints>
<use>1</use>
<logicalDatatype>LOGDT007</logicalDatatype>
<ownDataTypeParameters>,,</ownDataTypeParameters>
<autoIncrementCycle>false</autoIncrementCycle>
</Column>
<Column name="FechaDespegue" id="CE05E84A-4841-944A-A2CD-C43283E12E3C">
<createdBy>mzunigac</createdBy>
<createdTime>2025-08-18 15:06:19 UTC</createdTime>
<ownerDesignName>Formativa_1_Fernandez_Zuñiga_18_08_2025</ownerDesignName>
<useDomainConstraints>false</useDomainConstraints>
<use>1</use>
<logicalDatatype>LOGDT007</logicalDatatype>
<ownDataTypeParameters>,,</ownDataTypeParameters>
<autoIncrementCycle>false</autoIncrementCycle>
</Column>
<Column name="HoraSalida" id="A620659B-E12A-F0D6-66C9-D1D35070FD94">
<createdBy>mzunigac</createdBy>
<createdTime>2025-08-18 15:06:19 UTC</createdTime>
<ownerDesignName>Formativa_1_Fernandez_Zuñiga_18_08_2025</ownerDesignName>
<useDomainConstraints>false</useDomainConstraints>
<use>1</use>
<logicalDatatype>LOGDT008</logicalDatatype>
<ownDataTypeParameters>,,</ownDataTypeParameters>
<autoIncrementCycle>false</autoIncrementCycle>
</Column>
</columns>
<indexes itemClass="oracle.dbtools.crest.model.design.relational.Index">
<ind_PK_UK id="B0AB9F90-82EC-28EC-E4A9-7CB649F6DEA7" name="Vuelo_PK">
<createdBy>mzunigac</createdBy>
<createdTime>2025-08-18 15:06:19 UTC</createdTime>
<ownerDesignName>Formativa_1_Fernandez_Zuñiga_18_08_2025</ownerDesignName>
<pk>true</pk>
<indexState>Primary Constraint</indexState>
<isSurrogateKey>false</isSurrogateKey>
<indexColumnUsage>
<colUsage columnID="25E3449E-625B-4A29-C747-168B9851899B"/>
</indexColumnUsage>
</ind_PK_UK>
</indexes>
</Table>