<?xml version = '1.0' encoding = 'UTF-8'?>
<Table class="oracle.dbtools.crest.model.design.relational.Table" directorySegmentName="seg_0" id="CBFAD25C-7AEE-D462-A9AB-57D48E9A4C58" name="Reservas">
<createdBy>mzunigac</createdBy>
<createdTime>2025-08-18 15:08:24 UTC</createdTime>
<ownerDesignName>Formativa_1_Fernandez_Zuñiga_18_08_2025</ownerDesignName>
<ordsAlias>table_6</ordsAlias>
<allowColumnReorder>false</allowColumnReorder>
<existDependencyGenerateInDDl>true</existDependencyGenerateInDDl>
<parsed>true</parsed>
<columns itemClass="oracle.dbtools.crest.model.design.relational.Column">
<Column name="NumeroVuelo" id="E1566708-1DDC-F13B-1B60-CC0B2FC839A5">
<createdBy>mzunigac</createdBy>
<createdTime>2025-08-18 15:09:48 UTC</createdTime>
<ownerDesignName>Formativa_1_Fernandez_Zuñiga_18_08_2025</ownerDesignName>
<useDomainConstraints>false</useDomainConstraints>
<use>1</use>
<logicalDatatype>LOGDT019</logicalDatatype>
<ownDataTypeParameters>,,</ownDataTypeParameters>
<autoIncrementCycle>false</autoIncrementCycle>
</Column>
<Column name="NumeroReserva" id="63364538-6FA7-3306-21A9-018FA6EBBBCB">
<createdBy>mzunigac</createdBy>
<createdTime>2025-08-18 15:09:48 UTC</createdTime>
<ownerDesignName>Formativa_1_Fernandez_Zuñiga_18_08_2025</ownerDesignName>
<useDomainConstraints>false</useDomainConstraints>
<use>1</use>
<logicalDatatype>LOGDT019</logicalDatatype>
<ownDataTypeParameters>,,</ownDataTypeParameters>
<autoIncrementCycle>false</autoIncrementCycle>
</Column>
<Column name="FechaReserva" id="88C9F644-A81D-049F-7B39-A639D4442AB2">
<createdBy>mzunigac</createdBy>
<createdTime>2025-08-18 15:09:48 UTC</createdTime>
<ownerDesignName>Formativa_1_Fernandez_Zuñiga_18_08_2025</ownerDesignName>
<nullsAllowed>true</nullsAllowed>
<useDomainConstraints>false</useDomainConstraints>
<use>1</use>
<logicalDatatype>LOGDT007</logicalDatatype>
<ownDataTypeParameters>,,</ownDataTypeParameters>
<autoIncrementCycle>false</autoIncrementCycle>
</Column>
<Column name="FechaViaje" id="EB3AED0B-2E8A-F862-9767-3E08FF6400B4">
<createdBy>mzunigac</createdBy>
<createdTime>2025-08-18 15:09:48 UTC</createdTime>
<ownerDesignName>Formativa_1_Fernandez_Zuñiga_18_08_2025</ownerDesignName>
<nullsAllowed>true</nullsAllowed>
<useDomainConstraints>false</useDomainConstraints>
<use>1</use>
<logicalDatatype>LOGDT007</logicalDatatype>
<ownDataTypeParameters>,,</ownDataTypeParameters>
<autoIncrementCycle>false</autoIncrementCycle>
</Column>
<Column name="EstadoReserva" id="3B08F24E-5F55-767D-737A-3B3B50E8C480">
<createdBy>mzunigac</createdBy>
<createdTime>2025-08-18 15:09:48 UTC</createdTime>
<ownerDesignName>Formativa_1_Fernandez_Zuñiga_18_08_2025</ownerDesignName>
<nullsAllowed>true</nullsAllowed>
<useDomainConstraints>false</useDomainConstraints>
<use>1</use>
<logicalDatatype>LOGDT033</logicalDatatype>
<ownDataTypeParameters>,,</ownDataTypeParameters>
<autoIncrementCycle>false</autoIncrementCycle>
</Column>
<Column name="ID_Pasajero" id="FA0DCF67-97D6-C76D-445A-C26F33F51F74">
<createdBy>mzunigac</createdBy>
<createdTime>2025-08-18 15:10:31 UTC</createdTime>
<ownerDesignName>Formativa_1_Fernandez_Zuñiga_18_08_2025</ownerDesignName>
<nullsAllowed>true</nullsAllowed>
<useDomainConstraints>false</useDomainConstraints>
<use>1</use>
<logicalDatatype>LOGDT019</logicalDatatype>
<ownDataTypeParameters>,,</ownDataTypeParameters>
<autoIncrementCycle>false</autoIncrementCycle>
</Column>
<Column name="ID_Empleado" id="276C54E7-0929-F8F0-7135-FC2658884D0A">
<createdBy>mzunigac</createdBy>
<createdTime>2025-08-18 15:12:01 UTC</createdTime>
<ownerDesignName>Formativa_1_Fernandez_Zuñiga_18_08_2025</ownerDesignName>
<nullsAllowed>true</nullsAllowed>
<useDomainConstraints>false</useDomainConstraints>
<use>1</use>
<logicalDatatype>LOGDT019</logicalDatatype>
<ownDataTypeParameters>,,</ownDataTypeParameters>
<autoIncrementCycle>false</autoIncrementCycle>
</Column>
</columns>
<indexes itemClass="oracle.dbtools.crest.model.design.relational.Index">
<ind_PK_UK id="D7E2467B-11CB-B405-3504-45AF199427B1" name="Reservas_PK">
<createdBy>mzunigac</createdBy>
<createdTime>2025-08-18 15:09:48 UTC</createdTime>
<ownerDesignName>Formativa_1_Fernandez_Zuñiga_18_08_2025</ownerDesignName>
<pk>true</pk>
<indexState>Primary Constraint</indexState>
<isSurrogateKey>false</isSurrogateKey>
<indexColumnUsage>
<colUsage columnID="63364538-6FA7-3306-21A9-018FA6EBBBCB"/>
<colUsage columnID="E1566708-1DDC-F13B-1B60-CC0B2FC839A5"/>
</indexColumnUsage>
</ind_PK_UK>
</indexes>
</Table>