<?xml version = '1.0' encoding = 'UTF-8'?>
<FKIndexAssociation class="oracle.dbtools.crest.model.design.relational.FKIndexAssociation" directorySegmentName="seg_0" id="006C3107-0448-E4CD-D9BA-49D4D2E561E9" containerWithKeyObject="C4E3A68E-5FD8-2014-FFBA-F9D9B486224D" localFKIndex="7547075D-D841-4C16-4940-64043D04BAC6" name="ATENCION_ESPECIALIDAD_FK">
<createdBy>mzunigac</createdBy>
<createdTime>2025-09-15 01:20:52 UTC</createdTime>
<generatorID>EE6AA59D-B7E8-A884-E920-E90838111B0B</generatorID>
<ownerDesignName>EXP2_S5_Matias_Zuñiga</ownerDesignName>
<referredTableLongName>ESPECIALIDAD</referredTableLongName>
<deleteRule>NO ACTION</deleteRule>
<referredTableID>F08CCCDC-8327-38A0-7D8D-0C017303E4A6</referredTableID>
<keyObject>7D1424D0-C7A7-9B19-1B53-0343F70DE51D</keyObject>
<referredKeyID>7D1424D0-C7A7-9B19-1B53-0343F70DE51D</referredKeyID>
<mandatory>true</mandatory>
<refColNames>id_especialidad</refColNames>
<transferable>true</transferable>
<rely>false</rely>
<columnDependencyConstraintGenerateInDDL>true</columnDependencyConstraintGenerateInDDL>
</FKIndexAssociation>