<?xml version = '1.0' encoding = 'UTF-8'?>
<FKIndexAssociation class="oracle.dbtools.crest.model.design.relational.FKIndexAssociation" directorySegmentName="seg_0" id="028460B7-539E-DCDC-1E15-A7BBE58A00F7" containerWithKeyObject="B45C37E5-74D8-01AE-A9C5-1FBCD2B671CB" localFKIndex="5094F618-4C82-B3A2-A48D-7D02E2F71431" name="PACIENTE_TIPO_USUARIO_FK">
<createdBy>mzunigac</createdBy>
<createdTime>2025-09-15 01:20:52 UTC</createdTime>
<generatorID>C2CBBA6E-3518-3661-1471-97E3554C1576</generatorID>
<ownerDesignName>EXP2_S5_Matias_Zuñiga</ownerDesignName>
<referredTableLongName>TIPO_USUARIO</referredTableLongName>
<deleteRule>NO ACTION</deleteRule>
<referredTableID>BE2495AD-0A8B-2A03-4D9C-B595D620CB27</referredTableID>
<keyObject>513897B2-7E9F-429E-C749-CDC9EB1E564C</keyObject>
<referredKeyID>513897B2-7E9F-429E-C749-CDC9EB1E564C</referredKeyID>
<mandatory>true</mandatory>
<refColNames>id_tipo_usuario</refColNames>
<transferable>true</transferable>
<rely>false</rely>
<columnDependencyConstraintGenerateInDDL>true</columnDependencyConstraintGenerateInDDL>
</FKIndexAssociation>