<?xml version = '1.0' encoding = 'UTF-8'?>
<FKIndexAssociation class="oracle.dbtools.crest.model.design.relational.FKIndexAssociation" directorySegmentName="seg_0" id="06A6B60A-A3AF-BA7B-E969-85B519D0CAA9" containerWithKeyObject="B4131A07-5D4F-B554-66C1-A66A0FCE94F4" localFKIndex="A46F9BA1-99FA-E126-06E7-BAFA3F5E0E52" name="SOLICITUD_EXAMEN_MEDICO_FK">
<createdBy>mzunigac</createdBy>
<createdTime>2025-09-15 01:20:52 UTC</createdTime>
<generatorID>18D50E01-7343-EF8C-062F-AF1436EE3DEF</generatorID>
<ownerDesignName>EXP2_S5_Matias_Zuñiga</ownerDesignName>
<referredTableLongName>MEDICO</referredTableLongName>
<deleteRule>NO ACTION</deleteRule>
<referredTableID>EBE5833A-A510-71BD-1E65-7A7CD122095F</referredTableID>
<keyObject>5F060F99-CF13-7884-1020-67EEC32734BB</keyObject>
<referredKeyID>5F060F99-CF13-7884-1020-67EEC32734BB</referredKeyID>
<mandatory>true</mandatory>
<refColNames>rut_medico</refColNames>
<transferable>true</transferable>
<rely>false</rely>
<columnDependencyConstraintGenerateInDDL>true</columnDependencyConstraintGenerateInDDL>
</FKIndexAssociation>