<?xml version = '1.0' encoding = 'UTF-8'?>
<FKIndexAssociation class="oracle.dbtools.crest.model.design.relational.FKIndexAssociation" directorySegmentName="seg_0" id="09CF47F6-1D9C-EF84-AA72-7322BFB3846C" containerWithKeyObject="6287F541-ABC3-E781-F5D9-608B8D201B1C" localFKIndex="74B83DEB-344C-EE96-4842-0FA51FBE8665" name="CITA_PACIENTE_FK">
<createdBy>mzunigac</createdBy>
<createdTime>2025-09-15 01:20:52 UTC</createdTime>
<generatorID>269029EE-85B4-9C07-C078-D7D87046DD93</generatorID>
<ownerDesignName>EXP2_S5_Matias_Zuñiga</ownerDesignName>
<referredTableLongName>PACIENTE</referredTableLongName>
<deleteRule>NO ACTION</deleteRule>
<referredTableID>B45C37E5-74D8-01AE-A9C5-1FBCD2B671CB</referredTableID>
<keyObject>DF4F5446-058A-6049-CD32-9442069B8D39</keyObject>
<referredKeyID>DF4F5446-058A-6049-CD32-9442069B8D39</referredKeyID>
<mandatory>true</mandatory>
<refColNames>rut_paciente</refColNames>
<transferable>true</transferable>
<rely>false</rely>
<columnDependencyConstraintGenerateInDDL>true</columnDependencyConstraintGenerateInDDL>
</FKIndexAssociation>