<?xml version = '1.0' encoding = 'UTF-8'?>
<FKIndexAssociation class="oracle.dbtools.crest.model.design.relational.FKIndexAssociation" directorySegmentName="seg_0" id="0EED0E76-CA6C-506E-B976-F9AD5E18DD7B" containerWithKeyObject="C4E3A68E-5FD8-2014-FFBA-F9D9B486224D" localFKIndex="CF4866EB-D679-6C13-509B-60F7DE4CB733" name="ATENCION_CITA_FK">
<createdBy>mzunigac</createdBy>
<createdTime>2025-09-15 01:20:52 UTC</createdTime>
<generatorID>B522D356-67B2-65EC-370A-F4D3A2C300C2</generatorID>
<ownerDesignName>EXP2_S5_Matias_Zuñiga</ownerDesignName>
<referredTableLongName>CITA</referredTableLongName>
<deleteRule>NO ACTION</deleteRule>
<referredTableID>6287F541-ABC3-E781-F5D9-608B8D201B1C</referredTableID>
<keyObject>00C5D6E3-CF7A-A7C9-41AD-8311E7357ED8</keyObject>
<referredKeyID>00C5D6E3-CF7A-A7C9-41AD-8311E7357ED8</referredKeyID>
<mandatory>true</mandatory>
<refColNames>id_cita</refColNames>
<transferable>true</transferable>
<rely>false</rely>
<columnDependencyConstraintGenerateInDDL>true</columnDependencyConstraintGenerateInDDL>
</FKIndexAssociation>