<?xml version = '1.0' encoding = 'UTF-8'?>
<FKIndexAssociation class="oracle.dbtools.crest.model.design.relational.FKIndexAssociation" directorySegmentName="seg_0" id="1BF5E497-5A03-BAB7-B98C-9A881780D857" containerWithKeyObject="6287F541-ABC3-E781-F5D9-608B8D201B1C" localFKIndex="F47FA580-CA61-6670-26ED-2A83832A55B3" name="CITA_MODALIDAD_FK">
<createdBy>mzunigac</createdBy>
<createdTime>2025-09-15 01:20:52 UTC</createdTime>
<generatorID>E170A9A6-B527-1A1D-63D3-F7A0FA7BC645</generatorID>
<ownerDesignName>EXP2_S5_Matias_Zuñiga</ownerDesignName>
<referredTableLongName>MODALIDAD</referredTableLongName>
<deleteRule>NO ACTION</deleteRule>
<referredTableID>E984992F-20BF-D3DA-48A3-2F1932A15505</referredTableID>
<keyObject>6C7C148F-2F35-B640-0F33-F3B022D404FC</keyObject>
<referredKeyID>6C7C148F-2F35-B640-0F33-F3B022D404FC</referredKeyID>
<mandatory>true</mandatory>
<refColNames>id_modalidad</refColNames>
<transferable>true</transferable>
<rely>false</rely>
<columnDependencyConstraintGenerateInDDL>true</columnDependencyConstraintGenerateInDDL>
</FKIndexAssociation>