<?xml version = '1.0' encoding = 'UTF-8'?>
<FKIndexAssociation class="oracle.dbtools.crest.model.design.relational.FKIndexAssociation" directorySegmentName="seg_0" id="344018C5-EE92-04EF-0682-A1C4ACED774D" containerWithKeyObject="EBE5833A-A510-71BD-1E65-7A7CD122095F" localFKIndex="EF1F8D88-EBA9-BEB7-FFD5-3AD3F1663FBE" name="MEDICO_PREVISION_FK">
<createdBy>mzunigac</createdBy>
<createdTime>2025-09-15 01:20:52 UTC</createdTime>
<generatorID>C398CE9F-A12F-1767-CAF6-739574D72F1E</generatorID>
<ownerDesignName>EXP2_S5_Matias_Zuñiga</ownerDesignName>
<referredTableLongName>PREVISION</referredTableLongName>
<deleteRule>NO ACTION</deleteRule>
<referredTableID>3A8B1563-B7FC-E2E3-9E27-2FA1C2F5D021</referredTableID>
<keyObject>197BC6E9-D985-9817-3068-59C7714233D1</keyObject>
<referredKeyID>197BC6E9-D985-9817-3068-59C7714233D1</referredKeyID>
<mandatory>true</mandatory>
<refColNames>id_prevision</refColNames>
<transferable>true</transferable>
<rely>false</rely>
<columnDependencyConstraintGenerateInDDL>true</columnDependencyConstraintGenerateInDDL>
</FKIndexAssociation>