<?xml version = '1.0' encoding = 'UTF-8'?>
<FKIndexAssociation class="oracle.dbtools.crest.model.design.relational.FKIndexAssociation" directorySegmentName="seg_0" id="44065D39-93F5-0112-DD95-338BADEA30B6" containerWithKeyObject="C4E3A68E-5FD8-2014-FFBA-F9D9B486224D" localFKIndex="9F1E0F03-62F3-6302-1B19-17AD5338016E" name="ATENCION_MEDICO_FK">
<createdBy>mzunigac</createdBy>
<createdTime>2025-09-15 01:20:52 UTC</createdTime>
<generatorID>10692C82-7243-F2FA-9DE9-17E0C4359250</generatorID>
<ownerDesignName>EXP2_S5_Matias_Zuñiga</ownerDesignName>
<referredTableLongName>MEDICO</referredTableLongName>
<deleteRule>NO ACTION</deleteRule>
<referredTableID>EBE5833A-A510-71BD-1E65-7A7CD122095F</referredTableID>
<keyObject>5F060F99-CF13-7884-1020-67EEC32734BB</keyObject>
<referredKeyID>5F060F99-CF13-7884-1020-67EEC32734BB</referredKeyID>
<mandatory>true</mandatory>
<refColNames>rut_medico</refColNames>
<transferable>true</transferable>
<rely>false</rely>
<columnDependencyConstraintGenerateInDDL>true</columnDependencyConstraintGenerateInDDL>
</FKIndexAssociation>