<?xml version = '1.0' encoding = 'UTF-8'?>
<FKIndexAssociation class="oracle.dbtools.crest.model.design.relational.FKIndexAssociation" directorySegmentName="seg_0" id="469DB491-4A91-3971-759B-65B05105AB65" containerWithKeyObject="65451C5F-1B53-0077-E39A-0962B2CF0222" localFKIndex="73883CB9-F4A2-18EC-880F-1F16ADE1125C" name="COMUNA_REGION_FK">
<createdBy>mzunigac</createdBy>
<createdTime>2025-09-15 01:20:52 UTC</createdTime>
<generatorID>2F7F4A74-5BBD-C981-C82C-69EB88C8BFE2</generatorID>
<ownerDesignName>EXP2_S5_Matias_Zuñiga</ownerDesignName>
<referredTableLongName>REGION</referredTableLongName>
<deleteRule>NO ACTION</deleteRule>
<referredTableID>BC9FD7E5-52D3-BEC8-A443-ECBA0DC66B0E</referredTableID>
<keyObject>ABE05DD0-FDA2-6BB4-EBCA-AAB96768B3B1</keyObject>
<referredKeyID>ABE05DD0-FDA2-6BB4-EBCA-AAB96768B3B1</referredKeyID>
<mandatory>true</mandatory>
<refColNames>id_region</refColNames>
<transferable>true</transferable>
<rely>false</rely>
<columnDependencyConstraintGenerateInDDL>true</columnDependencyConstraintGenerateInDDL>
</FKIndexAssociation>