<?xml version = '1.0' encoding = 'UTF-8'?>
<FKIndexAssociation class="oracle.dbtools.crest.model.design.relational.FKIndexAssociation" directorySegmentName="seg_0" id="4BBC2874-789B-B4C4-9F0D-F35F863A83B6" containerWithKeyObject="C4E3A68E-5FD8-2014-FFBA-F9D9B486224D" localFKIndex="21FAFB17-780C-C4F9-4BCC-58CD4932C28C" name="ATENCION_TIPO_ATENCION_FK">
<createdBy>mzunigac</createdBy>
<createdTime>2025-09-15 01:20:52 UTC</createdTime>
<generatorID>2D6F9665-70BB-5DDB-0B34-77B57EFA529E</generatorID>
<ownerDesignName>EXP2_S5_Matias_Zuñiga</ownerDesignName>
<referredTableLongName>TIPO_ATENCION</referredTableLongName>
<deleteRule>NO ACTION</deleteRule>
<referredTableID>0D4EB524-9EFF-0047-4F49-6A32B9AA73C1</referredTableID>
<keyObject>67E5C72A-00BC-ED3C-2093-7BE91C9D8197</keyObject>
<referredKeyID>67E5C72A-00BC-ED3C-2093-7BE91C9D8197</referredKeyID>
<mandatory>true</mandatory>
<refColNames>id_tipo_atencion</refColNames>
<transferable>true</transferable>
<rely>false</rely>
<columnDependencyConstraintGenerateInDDL>true</columnDependencyConstraintGenerateInDDL>
</FKIndexAssociation>