<?xml version = '1.0' encoding = 'UTF-8'?>
<FKIndexAssociation class="oracle.dbtools.crest.model.design.relational.FKIndexAssociation" directorySegmentName="seg_0" id="5C62713A-68EA-BF7D-F337-2FF4A584C9EF" containerWithKeyObject="C4C61BD2-7FF8-D8F0-5638-0AE32D887250" localFKIndex="E7D95BA3-B3FB-F3C5-719B-FE213A9A6508" name="PAGO_ATENCION_TIPO_PAGO_FK">
<createdBy>mzunigac</createdBy>
<createdTime>2025-09-15 01:20:51 UTC</createdTime>
<generatorID>FE51DAE8-A492-E6AE-8EF1-D1C493364AA4</generatorID>
<ownerDesignName>EXP2_S5_Matias_Zuñiga</ownerDesignName>
<referredTableLongName>TIPO_PAGO</referredTableLongName>
<deleteRule>NO ACTION</deleteRule>
<referredTableID>AD2F80EC-2461-D9D9-5988-86E203C007DA</referredTableID>
<keyObject>890EFAF8-DA10-9CE2-30F0-D1E6EB7BCC85</keyObject>
<referredKeyID>890EFAF8-DA10-9CE2-30F0-D1E6EB7BCC85</referredKeyID>
<mandatory>true</mandatory>
<refColNames>id_tipo_pago</refColNames>
<transferable>true</transferable>
<rely>false</rely>
<columnDependencyConstraintGenerateInDDL>true</columnDependencyConstraintGenerateInDDL>
</FKIndexAssociation>