<?xml version = '1.0' encoding = 'UTF-8'?>
<FKIndexAssociation class="oracle.dbtools.crest.model.design.relational.FKIndexAssociation" directorySegmentName="seg_0" id="77CD2A3D-2B47-DF38-E425-8F21D8B1D9BF" containerWithKeyObject="B4131A07-5D4F-B554-66C1-A66A0FCE94F4" localFKIndex="E1F25D70-6306-2865-0A93-952CCEB503C8" name="SOLICITUD_EXAMEN_ATENCION_FK">
<createdBy>mzunigac</createdBy>
<createdTime>2025-09-15 01:20:52 UTC</createdTime>
<generatorID>6BBB1ACA-5A14-529B-CBE8-761F7A3128A2</generatorID>
<ownerDesignName>EXP2_S5_Matias_Zuñiga</ownerDesignName>
<referredTableLongName>ATENCION</referredTableLongName>
<deleteRule>NO ACTION</deleteRule>
<referredTableID>C4E3A68E-5FD8-2014-FFBA-F9D9B486224D</referredTableID>
<keyObject>606E0A08-F7E0-DBD6-E5FA-8FCD7ADFD29E</keyObject>
<referredKeyID>606E0A08-F7E0-DBD6-E5FA-8FCD7ADFD29E</referredKeyID>
<mandatory>true</mandatory>
<refColNames>id_atencion</refColNames>
<transferable>true</transferable>
<rely>false</rely>
<columnDependencyConstraintGenerateInDDL>true</columnDependencyConstraintGenerateInDDL>
</FKIndexAssociation>