<?xml version = '1.0' encoding = 'UTF-8'?>
<FKIndexAssociation class="oracle.dbtools.crest.model.design.relational.FKIndexAssociation" directorySegmentName="seg_0" id="802606C3-50B4-DE16-EC42-DBE9E0AA483C" containerWithKeyObject="6287F541-ABC3-E781-F5D9-608B8D201B1C" localFKIndex="86BC53C4-4549-9230-C52D-11DC0B97AA4F" name="CITA_ESPECIALIDAD_FK">
<createdBy>mzunigac</createdBy>
<createdTime>2025-09-15 01:20:52 UTC</createdTime>
<generatorID>050E2E1A-EC0F-C6E9-5D08-ECD8593566EA</generatorID>
<ownerDesignName>EXP2_S5_Matias_Zuñiga</ownerDesignName>
<referredTableLongName>ESPECIALIDAD</referredTableLongName>
<deleteRule>NO ACTION</deleteRule>
<referredTableID>F08CCCDC-8327-38A0-7D8D-0C017303E4A6</referredTableID>
<keyObject>7D1424D0-C7A7-9B19-1B53-0343F70DE51D</keyObject>
<referredKeyID>7D1424D0-C7A7-9B19-1B53-0343F70DE51D</referredKeyID>
<mandatory>true</mandatory>
<refColNames>id_especialidad</refColNames>
<transferable>true</transferable>
<rely>false</rely>
<columnDependencyConstraintGenerateInDDL>true</columnDependencyConstraintGenerateInDDL>
</FKIndexAssociation>