<?xml version = '1.0' encoding = 'UTF-8'?>
<FKIndexAssociation class="oracle.dbtools.crest.model.design.relational.FKIndexAssociation" directorySegmentName="seg_0" id="9B7190A6-AED7-1449-DE9E-44B9E21F8D87" containerWithKeyObject="EBE5833A-A510-71BD-1E65-7A7CD122095F" localFKIndex="C6A1FBF0-7C6D-04BF-8133-6D6D144FE483" name="MEDICO_UNIDAD_FK">
<createdBy>mzunigac</createdBy>
<createdTime>2025-09-15 01:20:52 UTC</createdTime>
<generatorID>4C9E113F-3821-FB30-3298-3B3E74D5B282</generatorID>
<ownerDesignName>EXP2_S5_Matias_Zuñiga</ownerDesignName>
<referredTableLongName>UNIDAD</referredTableLongName>
<deleteRule>NO ACTION</deleteRule>
<referredTableID>7D3DED03-CEA4-F660-BAF4-6C266D4B547B</referredTableID>
<keyObject>E79E8E68-BAA8-8569-147B-585703576C68</keyObject>
<referredKeyID>E79E8E68-BAA8-8569-147B-585703576C68</referredKeyID>
<mandatory>true</mandatory>
<refColNames>id_unidad</refColNames>
<transferable>true</transferable>
<rely>false</rely>
<columnDependencyConstraintGenerateInDDL>true</columnDependencyConstraintGenerateInDDL>
</FKIndexAssociation>