<?xml version = '1.0' encoding = 'UTF-8'?>
<FKIndexAssociation class="oracle.dbtools.crest.model.design.relational.FKIndexAssociation" directorySegmentName="seg_0" id="A4E2B7BC-366E-263F-D11A-AC6C7AAA65B9" containerWithKeyObject="F4D9A5F1-6C1F-4D81-F549-05AA48F18BDC" localFKIndex="9A88F61E-CC2E-AB29-8EB1-C6E5E533DFED" name="SUPERVISION_MEDICA_MEDICO_FK">
<createdBy>mzunigac</createdBy>
<createdTime>2025-09-15 01:20:52 UTC</createdTime>
<generatorID>831DFB48-9E67-4A52-321B-917C499073A0</generatorID>
<ownerDesignName>EXP2_S5_Matias_Zuñiga</ownerDesignName>
<referredTableLongName>MEDICO</referredTableLongName>
<deleteRule>NO ACTION</deleteRule>
<referredTableID>EBE5833A-A510-71BD-1E65-7A7CD122095F</referredTableID>
<keyObject>5F060F99-CF13-7884-1020-67EEC32734BB</keyObject>
<referredKeyID>5F060F99-CF13-7884-1020-67EEC32734BB</referredKeyID>
<mandatory>true</mandatory>
<refColNames>rut_medico</refColNames>
<transferable>true</transferable>
<rely>false</rely>
<columnDependencyConstraintGenerateInDDL>true</columnDependencyConstraintGenerateInDDL>
</FKIndexAssociation>