<?xml version = '1.0' encoding = 'UTF-8'?>
<FKIndexAssociation class="oracle.dbtools.crest.model.design.relational.FKIndexAssociation" directorySegmentName="seg_0" id="A60128A5-C334-214C-D6E7-A6F5C0346350" containerWithKeyObject="6A0B3B47-6174-2908-20D6-1F198E84C6C3" localFKIndex="41A4270E-6E21-8009-A237-608C3B4BE1A8" name="DERIVACION_MEDICO_FK">
<createdBy>mzunigac</createdBy>
<createdTime>2025-09-15 01:20:52 UTC</createdTime>
<generatorID>18DE87D5-72DB-356C-A1E1-F1BF8F0533FC</generatorID>
<ownerDesignName>EXP2_S5_Matias_Zuñiga</ownerDesignName>
<referredTableLongName>MEDICO</referredTableLongName>
<deleteRule>NO ACTION</deleteRule>
<referredTableID>EBE5833A-A510-71BD-1E65-7A7CD122095F</referredTableID>
<keyObject>5F060F99-CF13-7884-1020-67EEC32734BB</keyObject>
<referredKeyID>5F060F99-CF13-7884-1020-67EEC32734BB</referredKeyID>
<mandatory>true</mandatory>
<refColNames>rut_medico</refColNames>
<transferable>true</transferable>
<rely>false</rely>
<columnDependencyConstraintGenerateInDDL>true</columnDependencyConstraintGenerateInDDL>
</FKIndexAssociation>