<?xml version = '1.0' encoding = 'UTF-8'?>
<FKIndexAssociation class="oracle.dbtools.crest.model.design.relational.FKIndexAssociation" directorySegmentName="seg_0" id="B3E9437C-5FC4-8DFD-6F97-923796D3255F" containerWithKeyObject="C4E3A68E-5FD8-2014-FFBA-F9D9B486224D" localFKIndex="998DC5F3-81C7-CA7B-F158-098EA420E6BF" name="ATENCION_PAGO_ATENCION_FK">
<createdBy>mzunigac</createdBy>
<createdTime>2025-09-15 01:20:52 UTC</createdTime>
<generatorID>CA4DC3A6-79BA-5AFF-17F2-49ACE291789F</generatorID>
<ownerDesignName>EXP2_S5_Matias_Zuñiga</ownerDesignName>
<referredTableLongName>PAGO_ATENCION</referredTableLongName>
<deleteRule>NO ACTION</deleteRule>
<referredTableID>C4C61BD2-7FF8-D8F0-5638-0AE32D887250</referredTableID>
<keyObject>576DFE37-B1C4-0942-4028-86FC2F03BDDD</keyObject>
<referredKeyID>576DFE37-B1C4-0942-4028-86FC2F03BDDD</referredKeyID>
<mandatory>true</mandatory>
<refColNames>id_pago,id_tipo_pago</refColNames>
<transferable>true</transferable>
<rely>false</rely>
<columnDependencyConstraintGenerateInDDL>true</columnDependencyConstraintGenerateInDDL>
</FKIndexAssociation>