<?xml version = '1.0' encoding = 'UTF-8'?>
<FKIndexAssociation class="oracle.dbtools.crest.model.design.relational.FKIndexAssociation" directorySegmentName="seg_0" id="B6B9B3B0-A000-7316-15CB-AEC9102F7453" containerWithKeyObject="C4E3A68E-5FD8-2014-FFBA-F9D9B486224D" localFKIndex="A3456D16-1FA9-84FD-EFCC-C9F5A4261C78" name="ATENCION_PACIENTE_FK">
<createdBy>mzunigac</createdBy>
<createdTime>2025-09-15 01:20:52 UTC</createdTime>
<generatorID>F7A7AC16-258F-690D-18B3-418FAB61A1C9</generatorID>
<ownerDesignName>EXP2_S5_Matias_Zuñiga</ownerDesignName>
<referredTableLongName>PACIENTE</referredTableLongName>
<deleteRule>NO ACTION</deleteRule>
<referredTableID>B45C37E5-74D8-01AE-A9C5-1FBCD2B671CB</referredTableID>
<keyObject>DF4F5446-058A-6049-CD32-9442069B8D39</keyObject>
<referredKeyID>DF4F5446-058A-6049-CD32-9442069B8D39</referredKeyID>
<mandatory>true</mandatory>
<refColNames>rut_paciente</refColNames>
<transferable>true</transferable>
<rely>false</rely>
<columnDependencyConstraintGenerateInDDL>true</columnDependencyConstraintGenerateInDDL>
</FKIndexAssociation>