<?xml version = '1.0' encoding = 'UTF-8'?>
<FKIndexAssociation class="oracle.dbtools.crest.model.design.relational.FKIndexAssociation" directorySegmentName="seg_0" id="BB202F21-AF75-963D-D81A-099DBD30D940" containerWithKeyObject="B04DB75C-DFD4-99E2-061C-166A8E8DD0BC" localFKIndex="57EF64A8-CC5F-35BB-F87B-5CEA95C0F999" name="RESULTADO_LAB_FK">
<createdBy>mzunigac</createdBy>
<createdTime>2025-09-15 01:20:52 UTC</createdTime>
<generatorID>FB44F6D9-C0AD-8751-5BA5-61FEB21EBB43</generatorID>
<ownerDesignName>EXP2_S5_Matias_Zuñiga</ownerDesignName>
<referredTableLongName>EXAMEN_LAB</referredTableLongName>
<deleteRule>NO ACTION</deleteRule>
<referredTableID>99320097-A04E-C636-740C-D7EFC5AB4AB3</referredTableID>
<keyObject>3C5384BF-02D2-02A4-E39B-DC24414B1813</keyObject>
<referredKeyID>3C5384BF-02D2-02A4-E39B-DC24414B1813</referredKeyID>
<mandatory>true</mandatory>
<refColNames>id_examen_lab</refColNames>
<transferable>true</transferable>
<rely>false</rely>
<columnDependencyConstraintGenerateInDDL>true</columnDependencyConstraintGenerateInDDL>
</FKIndexAssociation>