<?xml version = '1.0' encoding = 'UTF-8'?>
<FKIndexAssociation class="oracle.dbtools.crest.model.design.relational.FKIndexAssociation" directorySegmentName="seg_0" id="C657C678-064C-D379-5E91-BDE73D13F83B" containerWithKeyObject="6A0B3B47-6174-2908-20D6-1F198E84C6C3" localFKIndex="6C9A6537-323B-1A60-8F37-47AC6B43A07E" name="DERIVACION_ATENCION_FK">
<createdBy>mzunigac</createdBy>
<createdTime>2025-09-15 01:20:52 UTC</createdTime>
<generatorID>E2B727E7-1D51-32B7-993E-9636B65573AF</generatorID>
<ownerDesignName>EXP2_S5_Matias_Zuñiga</ownerDesignName>
<referredTableLongName>ATENCION</referredTableLongName>
<deleteRule>NO ACTION</deleteRule>
<referredTableID>C4E3A68E-5FD8-2014-FFBA-F9D9B486224D</referredTableID>
<keyObject>606E0A08-F7E0-DBD6-E5FA-8FCD7ADFD29E</keyObject>
<referredKeyID>606E0A08-F7E0-DBD6-E5FA-8FCD7ADFD29E</referredKeyID>
<mandatory>true</mandatory>
<refColNames>id_atencion</refColNames>
<transferable>true</transferable>
<rely>false</rely>
<columnDependencyConstraintGenerateInDDL>true</columnDependencyConstraintGenerateInDDL>
</FKIndexAssociation>