<?xml version = '1.0' encoding = 'UTF-8'?>
<FKIndexAssociation class="oracle.dbtools.crest.model.design.relational.FKIndexAssociation" directorySegmentName="seg_0" id="C6A6A152-2413-F772-5032-FE09D736D0FA" containerWithKeyObject="99320097-A04E-C636-740C-D7EFC5AB4AB3" localFKIndex="F7D3C81A-8BAD-8343-5058-D26E79BBA31C" name="EXAMEN_LAB_SOLICITUD_FK">
<createdBy>mzunigac</createdBy>
<createdTime>2025-09-15 01:20:52 UTC</createdTime>
<generatorID>56167AD5-599D-8853-13D5-DFABAD49B5C6</generatorID>
<ownerDesignName>EXP2_S5_Matias_Zuñiga</ownerDesignName>
<referredTableLongName>SOLICITUD_EXAMEN</referredTableLongName>
<deleteRule>NO ACTION</deleteRule>
<referredTableID>B4131A07-5D4F-B554-66C1-A66A0FCE94F4</referredTableID>
<keyObject>EE3C28B3-8097-2F07-BA04-F92F48F52FC0</keyObject>
<referredKeyID>EE3C28B3-8097-2F07-BA04-F92F48F52FC0</referredKeyID>
<mandatory>true</mandatory>
<refColNames>id_solicitud</refColNames>
<transferable>true</transferable>
<rely>false</rely>
<columnDependencyConstraintGenerateInDDL>true</columnDependencyConstraintGenerateInDDL>
</FKIndexAssociation>