<?xml version = '1.0' encoding = 'UTF-8'?>
<FKIndexAssociation class="oracle.dbtools.crest.model.design.relational.FKIndexAssociation" directorySegmentName="seg_0" id="D8C2E0D4-53B7-E2E9-C5BE-13B052D5EFB6" containerWithKeyObject="EBE5833A-A510-71BD-1E65-7A7CD122095F" localFKIndex="560665D5-B084-B43E-5BC8-1D491D440D8F" name="MEDICO_AFP_FK">
<createdBy>mzunigac</createdBy>
<createdTime>2025-09-15 01:20:52 UTC</createdTime>
<generatorID>320383D7-DD17-4D7F-AA08-3BD5CEB767B2</generatorID>
<ownerDesignName>EXP2_S5_Matias_Zuñiga</ownerDesignName>
<referredTableLongName>AFP</referredTableLongName>
<deleteRule>NO ACTION</deleteRule>
<referredTableID>E9DEBAC2-EA92-8AA7-3D3F-84C4F4D9EB34</referredTableID>
<keyObject>52AAA1C1-C42A-5E35-B90E-A9C76EF7ADAE</keyObject>
<referredKeyID>52AAA1C1-C42A-5E35-B90E-A9C76EF7ADAE</referredKeyID>
<mandatory>true</mandatory>
<refColNames>id_afp</refColNames>
<transferable>true</transferable>
<rely>false</rely>
<columnDependencyConstraintGenerateInDDL>true</columnDependencyConstraintGenerateInDDL>
</FKIndexAssociation>