<?xml version = '1.0' encoding = 'UTF-8'?>
<FKIndexAssociation class="oracle.dbtools.crest.model.design.relational.FKIndexAssociation" directorySegmentName="seg_0" id="DC285329-BE16-3491-41F4-3E58D5C6E33D" containerWithKeyObject="6287F541-ABC3-E781-F5D9-608B8D201B1C" localFKIndex="7CBA183A-9A1D-1C29-00CE-E4AF14C26E08" name="CITA_TIPO_ATENCION_FK">
<createdBy>mzunigac</createdBy>
<createdTime>2025-09-15 01:20:52 UTC</createdTime>
<generatorID>273A0BF3-041E-EEE2-9C59-0E57D23DC430</generatorID>
<ownerDesignName>EXP2_S5_Matias_Zuñiga</ownerDesignName>
<referredTableLongName>TIPO_ATENCION</referredTableLongName>
<deleteRule>NO ACTION</deleteRule>
<referredTableID>0D4EB524-9EFF-0047-4F49-6A32B9AA73C1</referredTableID>
<keyObject>67E5C72A-00BC-ED3C-2093-7BE91C9D8197</keyObject>
<referredKeyID>67E5C72A-00BC-ED3C-2093-7BE91C9D8197</referredKeyID>
<mandatory>true</mandatory>
<refColNames>id_tipo_atencion</refColNames>
<transferable>true</transferable>
<rely>false</rely>
<columnDependencyConstraintGenerateInDDL>true</columnDependencyConstraintGenerateInDDL>
</FKIndexAssociation>