<?xml version = '1.0' encoding = 'UTF-8'?>
<FKIndexAssociation class="oracle.dbtools.crest.model.design.relational.FKIndexAssociation" directorySegmentName="seg_0" id="E4F6D28A-9E1E-6EC2-B6F4-1E8CE8E34574" containerWithKeyObject="B45C37E5-74D8-01AE-A9C5-1FBCD2B671CB" localFKIndex="686F43FA-4140-A06A-D126-7A50DD45B20D" name="PACIENTE_COMUNA_FK">
<createdBy>mzunigac</createdBy>
<createdTime>2025-09-15 01:20:52 UTC</createdTime>
<generatorID>1F23DC21-DAD7-4830-9CEB-E1497A979B05</generatorID>
<ownerDesignName>EXP2_S5_Matias_Zuñiga</ownerDesignName>
<referredTableLongName>COMUNA</referredTableLongName>
<deleteRule>NO ACTION</deleteRule>
<referredTableID>65451C5F-1B53-0077-E39A-0962B2CF0222</referredTableID>
<keyObject>2F0D2C9A-1FA9-788C-8A88-4EE5B96BD20E</keyObject>
<referredKeyID>2F0D2C9A-1FA9-788C-8A88-4EE5B96BD20E</referredKeyID>
<mandatory>true</mandatory>
<refColNames>id_comuna</refColNames>
<transferable>true</transferable>
<rely>false</rely>
<columnDependencyConstraintGenerateInDDL>true</columnDependencyConstraintGenerateInDDL>
</FKIndexAssociation>