<?xml version = '1.0' encoding = 'UTF-8'?>
<FKIndexAssociation class="oracle.dbtools.crest.model.design.relational.FKIndexAssociation" directorySegmentName="seg_0" id="E9B2D04D-1A49-7C68-44C6-F3FD2602AAA3" containerWithKeyObject="6A0B3B47-6174-2908-20D6-1F198E84C6C3" localFKIndex="BEA59ECD-E993-4DA1-526B-AE22AFAE99BD" name="DERIVACION_ESPECIALIDAD_FK">
<createdBy>mzunigac</createdBy>
<createdTime>2025-09-15 01:20:52 UTC</createdTime>
<generatorID>C39E816F-D939-036E-06D0-43E8FB891C42</generatorID>
<ownerDesignName>EXP2_S5_Matias_Zuñiga</ownerDesignName>
<referredTableLongName>ESPECIALIDAD</referredTableLongName>
<deleteRule>NO ACTION</deleteRule>
<referredTableID>F08CCCDC-8327-38A0-7D8D-0C017303E4A6</referredTableID>
<keyObject>7D1424D0-C7A7-9B19-1B53-0343F70DE51D</keyObject>
<referredKeyID>7D1424D0-C7A7-9B19-1B53-0343F70DE51D</referredKeyID>
<mandatory>true</mandatory>
<refColNames>id_especialidad</refColNames>
<transferable>true</transferable>
<rely>false</rely>
<columnDependencyConstraintGenerateInDDL>true</columnDependencyConstraintGenerateInDDL>
</FKIndexAssociation>