<?xml version = '1.0' encoding = 'UTF-8'?>
<FKIndexAssociation class="oracle.dbtools.crest.model.design.relational.FKIndexAssociation" directorySegmentName="seg_0" id="F8D1543A-AB9D-1A9A-3803-9471F8CF69D7" containerWithKeyObject="99320097-A04E-C636-740C-D7EFC5AB4AB3" localFKIndex="2688C02B-CC9B-0D2A-18F4-FF3BBE60F40A" name="EXAMEN_LABORATORIO_EXAMEN_FK">
<createdBy>mzunigac</createdBy>
<createdTime>2025-09-15 01:20:52 UTC</createdTime>
<generatorID>7AF7DEC3-A81B-000A-7F96-BF3AC40DB935</generatorID>
<ownerDesignName>EXP2_S5_Matias_Zuñiga</ownerDesignName>
<referredTableLongName>EXAMEN</referredTableLongName>
<deleteRule>NO ACTION</deleteRule>
<referredTableID>D42DCC57-2286-58CF-EB61-B0AFF7C775FF</referredTableID>
<keyObject>DC2E6945-1336-0D06-8CD7-E3D10F1769FD</keyObject>
<referredKeyID>DC2E6945-1336-0D06-8CD7-E3D10F1769FD</referredKeyID>
<mandatory>true</mandatory>
<refColNames>id_examen</refColNames>
<transferable>true</transferable>
<rely>false</rely>
<columnDependencyConstraintGenerateInDDL>true</columnDependencyConstraintGenerateInDDL>
</FKIndexAssociation>