<?xml version = '1.0' encoding = 'UTF-8'?>
<Diagram class="oracle.dbtools.crest.swingui.logical.DPVLogical" name="Logical" id="C271513A-7894-FD6F-F423-4E3277F0B044">
<createdBy>mzunigac</createdBy>
<modifiedBy>mzunigac</modifiedBy>
<createdTime>2025-09-01 19:03:04 UTC</createdTime>
<autoRoute>false</autoRoute>
<boxInbox>true</boxInbox>
<showLegend>false</showLegend>
<showLabels>false</showLabels>
<showRelAttributes>false</showRelAttributes>
<gridEnabled>false</gridEnabled>
<showGrid>false</showGrid>
<diagramColor>-1</diagramColor>
<display>false</display>
<notation>2</notation>
<objectViews>
<OView class="oracle.dbtools.crest.swingui.logical.TVEntity" oid="02BAB7A0-BC07-5D22-BFA6-CFC34DAF3786" otype="Entity" vid="A4E642C0-6EEE-1773-FC26-4BC452E56860">
<hideElementsInCurrentOnly>false</hideElementsInCurrentOnly>
<bounds x="684" y="394" width="241" height="186"/>
</OView>
<OView class="oracle.dbtools.crest.swingui.logical.TVEntity" oid="083DC455-7791-003C-61E4-C4647CD30C18" otype="Entity" vid="EAF07E82-AFE0-75C9-43A6-AE94D711B9D5">
<hideElementsInCurrentOnly>false</hideElementsInCurrentOnly>
<bounds x="398" y="345" width="218" height="114"/>
</OView>
<OView class="oracle.dbtools.crest.swingui.logical.TVEntity" oid="086B1994-6F69-2EB7-883D-30829A1F8BAF" otype="Entity" vid="9E62DE18-D207-6963-4A4B-EEA0162DE03B">
<hideElementsInCurrentOnly>false</hideElementsInCurrentOnly>
<bounds x="695" y="136" width="220" height="137"/>
</OView>
<OView class="oracle.dbtools.crest.swingui.logical.TVEntity" oid="0CAD6D69-097F-49C9-9D6B-DB13B773793A" otype="Entity" vid="54AAD31E-1D4C-D213-D284-A7492951E4CA">
<hideElementsInCurrentOnly>false</hideElementsInCurrentOnly>
<bounds x="107" y="504" width="196" height="106"/>
</OView>
<OView class="oracle.dbtools.crest.swingui.logical.TVEntity" oid="27EBAC1A-D60C-3A71-AC0C-D5116AD7BE5C" otype="Entity" vid="386CB019-98B9-FEF9-E5A1-CAE5531BFD7E">
<hideElementsInCurrentOnly>false</hideElementsInCurrentOnly>
<bounds x="122" y="248" width="221" height="97"/>
</OView>
<OView class="oracle.dbtools.crest.swingui.logical.TVEntity" oid="44488A91-999F-4CE5-5E43-5FB5D8E8805F" otype="Entity" vid="B8716F5C-29E1-8814-793E-7F8A5A2C6777">
<hideElementsInCurrentOnly>false</hideElementsInCurrentOnly>
<bounds x="117" y="357" width="228" height="68"/>
</OView>
<OView class="oracle.dbtools.crest.swingui.logical.TVEntity" oid="AFF0AA04-36EF-994C-EAD5-E46708E4AB18" otype="Entity" vid="209F0D45-AB1D-C471-5FBF-9002C7EB8BC9">
<hideElementsInCurrentOnly>false</hideElementsInCurrentOnly>
<bounds x="400" y="497" width="212" height="144"/>
</OView>
<OView class="oracle.dbtools.crest.swingui.logical.TVEntity" oid="E3369660-EAB8-8257-B325-C6942AD990B0" otype="Entity" vid="B4D59870-9BC3-BAA2-57C5-11092B8D8852">
<hideElementsInCurrentOnly>false</hideElementsInCurrentOnly>
<bounds x="92" y="119" width="280" height="316"/>
</OView>
<OView class="oracle.dbtools.crest.swingui.logical.TVEntity" oid="F23BB363-D14D-9CCF-CFCC-B21CED68CF51" otype="Entity" vid="7DE9415C-0F49-A44F-0016-74A9D7E50CE2">
<hideElementsInCurrentOnly>false</hideElementsInCurrentOnly>
<bounds x="390" y="126" width="215" height="107"/>
</OView>
</objectViews>
<connectors>
<Connector class="oracle.dbtools.crest.swingui.logical.TVRelation" oid="3F9D31FA-35B1-0AF7-A514-8AB7A79C6AB9" otype="Relation" vid_source="386CB019-98B9-FEF9-E5A1-CAE5531BFD7E" vid_target="386CB019-98B9-FEF9-E5A1-CAE5531BFD7E">
<hideElementsInCurrentOnly>false</hideElementsInCurrentOnly>
<backgroundColor>-16777216</backgroundColor>
<lineWidth>1</lineWidth>
<points>
<point x="343" y="305"/>
<point x="368" y="305"/>
<point x="368" y="370"/>
<point x="252" y="370"/>
<point x="252" y="345"/>
</points>
</Connector>
<Connector class="oracle.dbtools.crest.swingui.logical.TVRelation" oid="42F254F4-70B3-9E18-0441-6E394280CCC2" otype="Relation" vid_source="EAF07E82-AFE0-75C9-43A6-AE94D711B9D5" vid_target="9E62DE18-D207-6963-4A4B-EEA0162DE03B">
<hideElementsInCurrentOnly>false</hideElementsInCurrentOnly>
<backgroundColor>-16777216</backgroundColor>
<lineWidth>1</lineWidth>
<points>
<point x="593" y="345"/>
<point x="716" y="273"/>
</points>
</Connector>
<Connector class="oracle.dbtools.crest.swingui.logical.TVRelation" oid="53018B43-12F2-3A10-FD9F-1F67302C86F8" otype="Relation" vid_source="A4E642C0-6EEE-1773-FC26-4BC452E56860" vid_target="9E62DE18-D207-6963-4A4B-EEA0162DE03B">
<hideElementsInCurrentOnly>false</hideElementsInCurrentOnly>
<backgroundColor>-16777216</backgroundColor>
<lineWidth>1</lineWidth>
<points>
<point x="805" y="394"/>
<point x="805" y="273"/>
</points>
</Connector>
<Connector class="oracle.dbtools.crest.swingui.logical.TVInheritanceRelation" oid="5719AFF9-B34C-6775-2A12-A346E002BB52" otype="Hierarchy relation" vid_source="B4D59870-9BC3-BAA2-57C5-11092B8D8852" vid_target="386CB019-98B9-FEF9-E5A1-CAE5531BFD7E">
<hideElementsInCurrentOnly>false</hideElementsInCurrentOnly>
<backgroundColor>-65536</backgroundColor>
<lineWidth>1</lineWidth>
</Connector>
<Connector class="oracle.dbtools.crest.swingui.logical.TVRelation" oid="8CC3A333-5743-7F6B-E0BA-7D05EDEB248A" otype="Relation" vid_source="54AAD31E-1D4C-D213-D284-A7492951E4CA" vid_target="209F0D45-AB1D-C471-5FBF-9002C7EB8BC9">
<hideElementsInCurrentOnly>false</hideElementsInCurrentOnly>
<backgroundColor>-16777216</backgroundColor>
<lineWidth>1</lineWidth>
<points>
<point x="303" y="572"/>
<point x="400" y="572"/>
</points>
</Connector>
<Connector class="oracle.dbtools.crest.swingui.logical.TVRelation" oid="9163861A-8CB5-8DF8-3C46-F9A1D3D5BF23" otype="Relation" vid_source="54AAD31E-1D4C-D213-D284-A7492951E4CA" vid_target="B4D59870-9BC3-BAA2-57C5-11092B8D8852">
<hideElementsInCurrentOnly>false</hideElementsInCurrentOnly>
<backgroundColor>-16777216</backgroundColor>
<lineWidth>1</lineWidth>
<points>
<point x="205" y="504"/>
<point x="205" y="435"/>
</points>
</Connector>
<Connector class="oracle.dbtools.crest.swingui.logical.TVInheritanceRelation" oid="ADB3B186-7A84-CA13-8058-E0DB3E2C08D9" otype="Hierarchy relation" vid_source="B4D59870-9BC3-BAA2-57C5-11092B8D8852" vid_target="B8716F5C-29E1-8814-793E-7F8A5A2C6777">
<hideElementsInCurrentOnly>false</hideElementsInCurrentOnly>
<backgroundColor>-65536</backgroundColor>
<lineWidth>1</lineWidth>
</Connector>
<Connector class="oracle.dbtools.crest.swingui.logical.TVRelation" oid="CE7DAA63-0409-C106-9919-85B7E3E15124" otype="Relation" vid_source="209F0D45-AB1D-C471-5FBF-9002C7EB8BC9" vid_target="A4E642C0-6EEE-1773-FC26-4BC452E56860">
<hideElementsInCurrentOnly>false</hideElementsInCurrentOnly>
<backgroundColor>-16777216</backgroundColor>
<lineWidth>1</lineWidth>
<points>
<point x="612" y="553"/>
<point x="684" y="553"/>
</points>
</Connector>
<Connector class="oracle.dbtools.crest.swingui.logical.TVRelation" oid="F0BF0B6D-F7E5-034A-56AF-BB7B7C5D520C" otype="Relation" vid_source="7DE9415C-0F49-A44F-0016-74A9D7E50CE2" vid_target="EAF07E82-AFE0-75C9-43A6-AE94D711B9D5">
<hideElementsInCurrentOnly>false</hideElementsInCurrentOnly>
<backgroundColor>-16777216</backgroundColor>
<lineWidth>1</lineWidth>
<points>
<point x="501" y="233"/>
<point x="501" y="345"/>
</points>
</Connector>
</connectors>
</Diagram>