<?xml version = '1.0' encoding = 'UTF-8'?>
<Diagram class="oracle.dbtools.crest.swingui.logical.DPVLogicalSubView" name="Logical - SubView_1" id="FC8CC586-263E-10AF-D544-7E7D8FEAF391">
<createdBy>mzunigac</createdBy>
<modifiedBy>mzunigac</modifiedBy>
<createdTime>2025-09-01 19:10:42 UTC</createdTime>
<autoRoute>false</autoRoute>
<boxInbox>true</boxInbox>
<showLegend>false</showLegend>
<showLabels>false</showLabels>
<showRelAttributes>false</showRelAttributes>
<gridEnabled>false</gridEnabled>
<showGrid>false</showGrid>
<diagramColor>-1</diagramColor>
<display>false</display>
<notation>1</notation>
<objectViews>
<OView class="oracle.dbtools.crest.swingui.logical.TVEntity" oid="E3369660-EAB8-8257-B325-C6942AD990B0" otype="Entity" vid="47DD763A-ABE9-95CF-3526-2C6ADC009D91">
<hideElementsInCurrentOnly>false</hideElementsInCurrentOnly>
<bounds x="223" y="67" width="170" height="290"/>
</OView>
</objectViews>
</Diagram>