<?xml version = '1.0' encoding = 'UTF-8'?>
<Diagram class="oracle.dbtools.crest.swingui.logical.DPVLogical" name="Logical" id="72A39F00-9C1C-75A3-A5A1-2E1F565F97EF">
<createdBy>matiaszuniga</createdBy>
<modifiedBy>matiaszuniga</modifiedBy>
<createdTime>2025-10-12 22:53:20 UTC</createdTime>
<autoRoute>false</autoRoute>
<boxInbox>true</boxInbox>
<showLegend>false</showLegend>
<showLabels>false</showLabels>
<showRelAttributes>false</showRelAttributes>
<gridEnabled>false</gridEnabled>
<showGrid>false</showGrid>
<diagramColor>-1</diagramColor>
<display>false</display>
<notation>1</notation>
<objectViews>
<OView class="oracle.dbtools.crest.swingui.logical.TVEntity" oid="1D18627A-FD34-E0AD-F611-2CCBDF089AC4" otype="Entity" vid="5AEC3C07-D765-5688-05E6-166C843A22A4">
<hideElementsInCurrentOnly>false</hideElementsInCurrentOnly>
<bounds x="81" y="122" width="223" height="109"/>
</OView>
<OView class="oracle.dbtools.crest.swingui.logical.TVEntity" oid="30D0110E-C0C1-3A85-980B-2EC320EBD854" otype="Entity" vid="BF13DA44-A731-91D4-6682-B3304A834239">
<hideElementsInCurrentOnly>false</hideElementsInCurrentOnly>
<bounds x="77" y="514" width="226" height="83"/>
</OView>
<OView class="oracle.dbtools.crest.swingui.logical.TVEntity" oid="4474BB34-7999-09A9-5370-CAEFD4307FD3" otype="Entity" vid="9579D9C1-5EE0-D1B2-CDB6-5E68A8644350">
<hideElementsInCurrentOnly>false</hideElementsInCurrentOnly>
<bounds x="371" y="279" width="282" height="349"/>
</OView>
<OView class="oracle.dbtools.crest.swingui.logical.TVEntity" oid="4764D62E-92C5-906A-A3E0-009CB1FC12E3" otype="Entity" vid="E94E5527-D0EF-9F58-A160-A0DD7EB23E6A">
<hideElementsInCurrentOnly>false</hideElementsInCurrentOnly>
<bounds x="372" y="863" width="219" height="121"/>
</OView>
<OView class="oracle.dbtools.crest.swingui.logical.TVEntity" oid="63731140-488B-B2C8-44A0-155BD442A671" otype="Entity" vid="B98FD5FE-0F33-BB08-0211-02618D899EF5">
<hideElementsInCurrentOnly>false</hideElementsInCurrentOnly>
<bounds x="714" y="475" width="226" height="83"/>
</OView>
<OView class="oracle.dbtools.crest.swingui.logical.TVEntity" oid="73EED293-F964-BB42-BD5D-2303DE71A891" otype="Entity" vid="280AF3EA-1401-613F-B5EB-3D119CB7CE52">
<hideElementsInCurrentOnly>false</hideElementsInCurrentOnly>
<bounds x="20" y="688" width="271" height="154"/>
</OView>
<OView class="oracle.dbtools.crest.swingui.logical.TVEntity" oid="ADAC9D6D-5FDA-C275-1ABD-B0689C54D8C0" otype="Entity" vid="B936EFD4-356F-05BD-45AC-49AF24252D58">
<hideElementsInCurrentOnly>false</hideElementsInCurrentOnly>
<bounds x="389" y="64" width="258" height="199"/>
</OView>
<OView class="oracle.dbtools.crest.swingui.logical.TVEntity" oid="AE22504D-CF2F-DF4F-709F-7BFA3F980A15" otype="Entity" vid="D6AF9A39-3F38-2F4A-8087-E548EE24F75C">
<hideElementsInCurrentOnly>false</hideElementsInCurrentOnly>
<bounds x="77" y="281" width="228" height="173"/>
</OView>
<OView class="oracle.dbtools.crest.swingui.logical.TVEntity" oid="AF409B89-C290-966B-BF14-3272A493C990" otype="Entity" vid="F29E740C-3BB4-893D-4168-B8D1065C9D92">
<hideElementsInCurrentOnly>false</hideElementsInCurrentOnly>
<bounds x="732" y="321" width="192" height="83"/>
</OView>
<OView class="oracle.dbtools.crest.swingui.logical.TVEntity" oid="D3F5EAD0-EBF4-58C8-528C-7180E38E76EC" otype="Entity" vid="1F099B15-5171-4292-9932-D8456C7EAAF1">
<hideElementsInCurrentOnly>false</hideElementsInCurrentOnly>
<bounds x="372" y="1044" width="210" height="83"/>
</OView>
<OView class="oracle.dbtools.crest.swingui.logical.TVEntity" oid="F12ED9E9-926B-C65E-82DC-F7C2E15AFA68" otype="Entity" vid="A0C725B5-CFED-D767-FB99-BBAE521D99B6">
<hideElementsInCurrentOnly>false</hideElementsInCurrentOnly>
<bounds x="372" y="688" width="218" height="115"/>
</OView>
</objectViews>
<connectors>
<Connector class="oracle.dbtools.crest.swingui.logical.TVRelation" oid="011B1F33-96C2-68FD-A73E-DD713E250F20" otype="Relation" vid_source="B98FD5FE-0F33-BB08-0211-02618D899EF5" vid_target="9579D9C1-5EE0-D1B2-CDB6-5E68A8644350">
<hideElementsInCurrentOnly>false</hideElementsInCurrentOnly>
<backgroundColor>-16777216</backgroundColor>
<lineWidth>1</lineWidth>
<points>
<point x="714" y="516"/>
<point x="653" y="516"/>
</points>
</Connector>
<Connector class="oracle.dbtools.crest.swingui.logical.TVRelation" oid="03EACCE8-590A-3C86-7715-515A9617E4DC" otype="Relation" vid_source="9579D9C1-5EE0-D1B2-CDB6-5E68A8644350" vid_target="B936EFD4-356F-05BD-45AC-49AF24252D58">
<hideElementsInCurrentOnly>false</hideElementsInCurrentOnly>
<backgroundColor>-16777216</backgroundColor>
<lineWidth>1</lineWidth>
<points>
<point x="518" y="279"/>
<point x="518" y="263"/>
</points>
</Connector>
<Connector class="oracle.dbtools.crest.swingui.logical.TVRelation" oid="1FF10FDF-1404-CE33-E79E-5935F2CD7E88" otype="Relation" vid_source="E94E5527-D0EF-9F58-A160-A0DD7EB23E6A" vid_target="A0C725B5-CFED-D767-FB99-BBAE521D99B6">
<hideElementsInCurrentOnly>false</hideElementsInCurrentOnly>
<backgroundColor>-16777216</backgroundColor>
<lineWidth>1</lineWidth>
<points>
<point x="481" y="863"/>
<point x="481" y="803"/>
</points>
</Connector>
<Connector class="oracle.dbtools.crest.swingui.logical.TVRelation" oid="2C00B3E0-F411-7BCE-752A-2AA3DAF67786" otype="Relation" vid_source="A0C725B5-CFED-D767-FB99-BBAE521D99B6" vid_target="D6AF9A39-3F38-2F4A-8087-E548EE24F75C">
<hideElementsInCurrentOnly>false</hideElementsInCurrentOnly>
<backgroundColor>-16777216</backgroundColor>
<lineWidth>1</lineWidth>
<points>
<point x="436" y="688"/>
<point x="257" y="454"/>
</points>
</Connector>
<Connector class="oracle.dbtools.crest.swingui.logical.TVRelation" oid="44681532-4B19-6A89-19F9-97695DED0E2D" otype="Relation" vid_source="1F099B15-5171-4292-9932-D8456C7EAAF1" vid_target="E94E5527-D0EF-9F58-A160-A0DD7EB23E6A">
<hideElementsInCurrentOnly>false</hideElementsInCurrentOnly>
<backgroundColor>-16777216</backgroundColor>
<lineWidth>1</lineWidth>
<points>
<point x="477" y="1044"/>
<point x="477" y="984"/>
</points>
</Connector>
<Connector class="oracle.dbtools.crest.swingui.logical.TVRelation" oid="4B17BAAF-74D6-C2E2-1D32-7EBE9498A7E5" otype="Relation" vid_source="A0C725B5-CFED-D767-FB99-BBAE521D99B6" vid_target="9579D9C1-5EE0-D1B2-CDB6-5E68A8644350">
<hideElementsInCurrentOnly>false</hideElementsInCurrentOnly>
<backgroundColor>-16777216</backgroundColor>
<lineWidth>1</lineWidth>
<points>
<point x="481" y="688"/>
<point x="481" y="628"/>
</points>
</Connector>
<Connector class="oracle.dbtools.crest.swingui.logical.TVRelation" oid="6D33561E-DC48-4DA8-DB3F-D7678765CBBF" otype="Relation" vid_source="D6AF9A39-3F38-2F4A-8087-E548EE24F75C" vid_target="280AF3EA-1401-613F-B5EB-3D119CB7CE52">
<hideElementsInCurrentOnly>false</hideElementsInCurrentOnly>
<backgroundColor>-16777216</backgroundColor>
<lineWidth>1</lineWidth>
<points>
<point x="169" y="454"/>
<point x="169" y="688"/>
</points>
</Connector>
<Connector class="oracle.dbtools.crest.swingui.logical.TVRelation" oid="70C261F8-C3B8-C3A9-768A-C8C367A63B9C" otype="Relation" vid_source="D6AF9A39-3F38-2F4A-8087-E548EE24F75C" vid_target="B936EFD4-356F-05BD-45AC-49AF24252D58">
<hideElementsInCurrentOnly>false</hideElementsInCurrentOnly>
<backgroundColor>-16777216</backgroundColor>
<lineWidth>1</lineWidth>
<points>
<point x="305" y="296"/>
<point x="389" y="243"/>
</points>
</Connector>
<Connector class="oracle.dbtools.crest.swingui.logical.TVRelation" oid="8EDDCFA3-C557-3823-BDB4-8166BB8B9FFE" otype="Relation" vid_source="BF13DA44-A731-91D4-6682-B3304A834239" vid_target="D6AF9A39-3F38-2F4A-8087-E548EE24F75C">
<hideElementsInCurrentOnly>false</hideElementsInCurrentOnly>
<backgroundColor>-16777216</backgroundColor>
<lineWidth>1</lineWidth>
<points>
<point x="190" y="514"/>
<point x="190" y="454"/>
</points>
</Connector>
<Connector class="oracle.dbtools.crest.swingui.logical.TVRelation" oid="9AE92C3B-991B-1D5E-A994-F550668CF942" otype="Relation" vid_source="9579D9C1-5EE0-D1B2-CDB6-5E68A8644350" vid_target="9579D9C1-5EE0-D1B2-CDB6-5E68A8644350">
<hideElementsInCurrentOnly>false</hideElementsInCurrentOnly>
<backgroundColor>-16777216</backgroundColor>
<lineWidth>1</lineWidth>
<points>
<point x="653" y="484"/>
<point x="678" y="484"/>
<point x="678" y="653"/>
<point x="536" y="653"/>
<point x="536" y="628"/>
</points>
</Connector>
<Connector class="oracle.dbtools.crest.swingui.logical.TVRelation" oid="AC08ABD7-E947-14AD-E8C5-9C083D838686" otype="Relation" vid_source="5AEC3C07-D765-5688-05E6-166C843A22A4" vid_target="B936EFD4-356F-05BD-45AC-49AF24252D58">
<hideElementsInCurrentOnly>false</hideElementsInCurrentOnly>
<backgroundColor>-16777216</backgroundColor>
<lineWidth>1</lineWidth>
<points>
<point x="304" y="176"/>
<point x="389" y="176"/>
</points>
</Connector>
<Connector class="oracle.dbtools.crest.swingui.logical.TVRelation" oid="D46986AD-C22F-13F2-DDD6-67776023A44A" otype="Relation" vid_source="9579D9C1-5EE0-D1B2-CDB6-5E68A8644350" vid_target="280AF3EA-1401-613F-B5EB-3D119CB7CE52">
<hideElementsInCurrentOnly>false</hideElementsInCurrentOnly>
<backgroundColor>-16777216</backgroundColor>
<lineWidth>1</lineWidth>
<points>
<point x="371" y="576"/>
<point x="243" y="688"/>
</points>
</Connector>
<Connector class="oracle.dbtools.crest.swingui.logical.TVRelation" oid="D6AB205D-6B01-A35C-7046-B6D888947692" otype="Relation" vid_source="F29E740C-3BB4-893D-4168-B8D1065C9D92" vid_target="9579D9C1-5EE0-D1B2-CDB6-5E68A8644350">
<hideElementsInCurrentOnly>false</hideElementsInCurrentOnly>
<backgroundColor>-16777216</backgroundColor>
<lineWidth>1</lineWidth>
<points>
<point x="732" y="362"/>
<point x="653" y="362"/>
</points>
</Connector>
</connectors>
</Diagram>