<?xml version = '1.0' encoding = 'UTF-8'?>
<Entity class="oracle.dbtools.crest.model.design.logical.Entity" directorySegmentName="seg_0" id="0F087133-C967-7402-76BB-C2BEE3B754C7" name="MEDICO">
<createdBy>mzunigac</createdBy>
<createdTime>2025-09-14 23:39:26 UTC</createdTime>
<ownerDesignName>EXP2_S5_Matias_Zuñiga</ownerDesignName>
<engineerTo>
<item key="001664F7-80EF-0D0C-7EAA-F2EA6ABC56EB" value="true"/>
</engineerTo>
<adequatelyNormalized>NO</adequatelyNormalized>
<expectedVolumes>0</expectedVolumes>
<fwdEngineeringStrategyName>Single Table</fwdEngineeringStrategyName>
<growthPercent>0</growthPercent>
<growthType>Year</growthType>
<maxVolumes>9999999</maxVolumes>
<minVolumes>0</minVolumes>
<normalForm>Third</normalForm>
<attributes itemClass="oracle.dbtools.crest.model.design.logical.Attribute">
<Attribute name="id_afp" id="F386518C-39E7-4155-3D1C-827CEB9D7A55">
<createdBy>mzunigac</createdBy>
<createdTime>2025-09-15 01:08:48 UTC</createdTime>
<generatorID>320383D7-DD17-4D7F-AA08-3BD5CEB767B2</generatorID>
<ownerDesignName>EXP2_S5_Matias_Zuñiga</ownerDesignName>
<engineerTo>
<item key="001664F7-80EF-0D0C-7EAA-F2EA6ABC56EB" value="true"/>
</engineerTo>
<referedAttribute>2BFA0960-C55B-79E5-9F5A-E2526973CACC</referedAttribute>
<useDomainConstraints>false</useDomainConstraints>
<use>1</use>
<logicalDatatype>LOGDT019</logicalDatatype>
<ownDataTypeParameters>,,</ownDataTypeParameters>
</Attribute>
<Attribute name="id_prevision" id="5C0DF9CC-3B70-B2F6-1A54-9A76A4D6003B">
<createdBy>mzunigac</createdBy>
<createdTime>2025-09-15 01:09:13 UTC</createdTime>
<generatorID>C398CE9F-A12F-1767-CAF6-739574D72F1E</generatorID>
<ownerDesignName>EXP2_S5_Matias_Zuñiga</ownerDesignName>
<engineerTo>
<item key="001664F7-80EF-0D0C-7EAA-F2EA6ABC56EB" value="true"/>
</engineerTo>
<referedAttribute>D7E5756F-C9D4-D97A-8CAB-01361CA7E2C4</referedAttribute>
<useDomainConstraints>false</useDomainConstraints>
<use>1</use>
<logicalDatatype>LOGDT019</logicalDatatype>
<ownDataTypeParameters>,,</ownDataTypeParameters>
</Attribute>
<Attribute name="id_unidad" id="19D06879-A4E4-B226-67EF-87EE0E860EB0">
<createdBy>mzunigac</createdBy>
<createdTime>2025-09-15 01:09:41 UTC</createdTime>
<generatorID>4C9E113F-3821-FB30-3298-3B3E74D5B282</generatorID>
<ownerDesignName>EXP2_S5_Matias_Zuñiga</ownerDesignName>
<engineerTo>
<item key="001664F7-80EF-0D0C-7EAA-F2EA6ABC56EB" value="true"/>
</engineerTo>
<referedAttribute>8C1D9868-3204-0B60-CE18-BA446C9068A8</referedAttribute>
<useDomainConstraints>false</useDomainConstraints>
<use>1</use>
<logicalDatatype>LOGDT019</logicalDatatype>
<ownDataTypeParameters>,,</ownDataTypeParameters>
</Attribute>
<Attribute name="rut_medico" id="9EC90B20-C380-6F57-7D1B-75E67C670156">
<createdBy>mzunigac</createdBy>
<createdTime>2025-09-15 01:16:47 UTC</createdTime>
<ownerDesignName>EXP2_S5_Matias_Zuñiga</ownerDesignName>
<engineerTo>
<item key="001664F7-80EF-0D0C-7EAA-F2EA6ABC56EB" value="true"/>
</engineerTo>
<useDomainConstraints>false</useDomainConstraints>
<use>1</use>
<logicalDatatype>LOGDT024</logicalDatatype>
<dataTypeSize>12</dataTypeSize>
<ownDataTypeParameters>12,,</ownDataTypeParameters>
</Attribute>
<Attribute name="nombre" id="2269D5EB-FAE8-4FC8-FCA6-114F98B07C90">
<createdBy>mzunigac</createdBy>
<createdTime>2025-09-15 01:17:04 UTC</createdTime>
<ownerDesignName>EXP2_S5_Matias_Zuñiga</ownerDesignName>
<engineerTo>
<item key="001664F7-80EF-0D0C-7EAA-F2EA6ABC56EB" value="true"/>
</engineerTo>
<useDomainConstraints>false</useDomainConstraints>
<use>1</use>
<logicalDatatype>LOGDT024</logicalDatatype>
<dataTypeSize>100</dataTypeSize>
<ownDataTypeParameters>100,,</ownDataTypeParameters>
</Attribute>
<Attribute name="fecha_ingreso" id="72C8D61E-8F89-0261-D1B6-B8322F21C3AB">
<createdBy>mzunigac</createdBy>
<createdTime>2025-09-15 01:17:15 UTC</createdTime>
<ownerDesignName>EXP2_S5_Matias_Zuñiga</ownerDesignName>
<engineerTo>
<item key="001664F7-80EF-0D0C-7EAA-F2EA6ABC56EB" value="true"/>
</engineerTo>
<useDomainConstraints>false</useDomainConstraints>
<use>1</use>
<logicalDatatype>LOGDT007</logicalDatatype>
<ownDataTypeParameters>,,</ownDataTypeParameters>
</Attribute>
</attributes>
<identifiers itemClass="oracle.dbtools.crest.model.design.logical.CandidateKey">
<identifier id="7BA686ED-65D7-F542-20A8-1BB7241436A5" name="MEDICO PK">
<createdBy>mzunigac</createdBy>
<createdTime>2025-09-15 01:17:02 UTC</createdTime>
<ownerDesignName>EXP2_S5_Matias_Zuñiga</ownerDesignName>
<engineerTo>
<item key="001664F7-80EF-0D0C-7EAA-F2EA6ABC56EB" value="true"/>
</engineerTo>
<pk>true</pk>
<usedAttributes>
<attributeRef>9EC90B20-C380-6F57-7D1B-75E67C670156</attributeRef>
</usedAttributes>
</identifier>
</identifiers>
</Entity>