<?xml version = '1.0' encoding = 'UTF-8'?>
<Entity class="oracle.dbtools.crest.model.design.logical.Entity" directorySegmentName="seg_0" id="195E2CE0-6784-6A76-2F75-6F42B921DFA0" name="DERIVACION">
<createdBy>mzunigac</createdBy>
<createdTime>2025-09-15 00:08:47 UTC</createdTime>
<ownerDesignName>EXP2_S5_Matias_Zuñiga</ownerDesignName>
<engineerTo>
<item key="001664F7-80EF-0D0C-7EAA-F2EA6ABC56EB" value="true"/>
</engineerTo>
<adequatelyNormalized>NO</adequatelyNormalized>
<expectedVolumes>0</expectedVolumes>
<fwdEngineeringStrategyName>Single Table</fwdEngineeringStrategyName>
<growthPercent>0</growthPercent>
<growthType>Year</growthType>
<maxVolumes>9999999</maxVolumes>
<minVolumes>0</minVolumes>
<normalForm>Third</normalForm>
<attributes itemClass="oracle.dbtools.crest.model.design.logical.Attribute">
<Attribute name="id_especialidad" id="DF37902D-DF7F-4383-81B0-6649295F3026">
<createdBy>mzunigac</createdBy>
<createdTime>2025-09-15 01:00:23 UTC</createdTime>
<generatorID>C39E816F-D939-036E-06D0-43E8FB891C42</generatorID>
<ownerDesignName>EXP2_S5_Matias_Zuñiga</ownerDesignName>
<engineerTo>
<item key="001664F7-80EF-0D0C-7EAA-F2EA6ABC56EB" value="true"/>
</engineerTo>
<referedAttribute>E786D767-FCD8-D8FE-A0C3-36B2014FAFFF</referedAttribute>
<useDomainConstraints>false</useDomainConstraints>
<use>1</use>
<logicalDatatype>LOGDT019</logicalDatatype>
<ownDataTypeParameters>,,</ownDataTypeParameters>
</Attribute>
<Attribute name="id_derivacion" id="046271EC-324D-A787-5588-1526C13C7865">
<createdBy>mzunigac</createdBy>
<createdTime>2025-09-15 01:16:04 UTC</createdTime>
<ownerDesignName>EXP2_S5_Matias_Zuñiga</ownerDesignName>
<engineerTo>
<item key="001664F7-80EF-0D0C-7EAA-F2EA6ABC56EB" value="true"/>
</engineerTo>
<useDomainConstraints>false</useDomainConstraints>
<use>1</use>
<logicalDatatype>LOGDT019</logicalDatatype>
<ownDataTypeParameters>,,</ownDataTypeParameters>
</Attribute>
<Attribute name="motivo" id="767A67C3-46F8-FF92-3874-85F76D3EE8A3">
<createdBy>mzunigac</createdBy>
<createdTime>2025-09-15 01:16:14 UTC</createdTime>
<ownerDesignName>EXP2_S5_Matias_Zuñiga</ownerDesignName>
<engineerTo>
<item key="001664F7-80EF-0D0C-7EAA-F2EA6ABC56EB" value="true"/>
</engineerTo>
<useDomainConstraints>false</useDomainConstraints>
<use>1</use>
<logicalDatatype>LOGDT024</logicalDatatype>
<dataTypeSize>400</dataTypeSize>
<ownDataTypeParameters>400,,</ownDataTypeParameters>
</Attribute>
<Attribute name="fecha" id="8D1385EB-5BFE-C11C-2F1E-828BA0051744">
<createdBy>mzunigac</createdBy>
<createdTime>2025-09-15 01:16:26 UTC</createdTime>
<ownerDesignName>EXP2_S5_Matias_Zuñiga</ownerDesignName>
<engineerTo>
<item key="001664F7-80EF-0D0C-7EAA-F2EA6ABC56EB" value="true"/>
</engineerTo>
<useDomainConstraints>false</useDomainConstraints>
<use>1</use>
<logicalDatatype>LOGDT007</logicalDatatype>
<ownDataTypeParameters>,,</ownDataTypeParameters>
</Attribute>
<Attribute name="rut_medico" id="028BD510-B6B0-1BCF-D257-F7AC83CDE54B">
<createdBy>mzunigac</createdBy>
<createdTime>2025-09-15 01:17:03 UTC</createdTime>
<generatorID>18DE87D5-72DB-356C-A1E1-F1BF8F0533FC</generatorID>
<ownerDesignName>EXP2_S5_Matias_Zuñiga</ownerDesignName>
<engineerTo>
<item key="001664F7-80EF-0D0C-7EAA-F2EA6ABC56EB" value="true"/>
</engineerTo>
<referedAttribute>9EC90B20-C380-6F57-7D1B-75E67C670156</referedAttribute>
<useDomainConstraints>false</useDomainConstraints>
<use>1</use>
<logicalDatatype>LOGDT024</logicalDatatype>
<dataTypeSize>12</dataTypeSize>
<ownDataTypeParameters>12,,</ownDataTypeParameters>
</Attribute>
<Attribute name="id_atencion" id="91020AB7-255D-93D2-09F9-700D4E2C1D8B">
<createdBy>mzunigac</createdBy>
<createdTime>2025-09-15 01:17:46 UTC</createdTime>
<generatorID>E2B727E7-1D51-32B7-993E-9636B65573AF</generatorID>
<ownerDesignName>EXP2_S5_Matias_Zuñiga</ownerDesignName>
<engineerTo>
<item key="001664F7-80EF-0D0C-7EAA-F2EA6ABC56EB" value="true"/>
</engineerTo>
<referedAttribute>D7790FD0-0418-9726-4492-46A042B2E4A5</referedAttribute>
<useDomainConstraints>false</useDomainConstraints>
<use>1</use>
<logicalDatatype>LOGDT019</logicalDatatype>
<ownDataTypeParameters>,,</ownDataTypeParameters>
</Attribute>
</attributes>
<identifiers itemClass="oracle.dbtools.crest.model.design.logical.CandidateKey">
<identifier id="F00CF69B-36ED-95A6-4F68-E59A6067E0F6" name="DERIVACION PK">
<createdBy>mzunigac</createdBy>
<createdTime>2025-09-15 01:16:12 UTC</createdTime>
<ownerDesignName>EXP2_S5_Matias_Zuñiga</ownerDesignName>
<engineerTo>
<item key="001664F7-80EF-0D0C-7EAA-F2EA6ABC56EB" value="true"/>
</engineerTo>
<pk>true</pk>
<usedAttributes>
<attributeRef>046271EC-324D-A787-5588-1526C13C7865</attributeRef>
</usedAttributes>
</identifier>
</identifiers>
</Entity>