<?xml version = '1.0' encoding = 'UTF-8'?>
<Entity class="oracle.dbtools.crest.model.design.logical.Entity" directorySegmentName="seg_0" id="26BCF263-476D-2300-74C4-FA989C0083C2" name="ATENCION">
<createdBy>mzunigac</createdBy>
<createdTime>2025-09-14 23:50:55 UTC</createdTime>
<ownerDesignName>EXP2_S5_Matias_Zuñiga</ownerDesignName>
<engineerTo>
<item key="001664F7-80EF-0D0C-7EAA-F2EA6ABC56EB" value="true"/>
</engineerTo>
<adequatelyNormalized>NO</adequatelyNormalized>
<expectedVolumes>0</expectedVolumes>
<fwdEngineeringStrategyName>Single Table</fwdEngineeringStrategyName>
<growthPercent>0</growthPercent>
<growthType>Year</growthType>
<maxVolumes>9999999</maxVolumes>
<minVolumes>0</minVolumes>
<normalForm>Third</normalForm>
<attributes itemClass="oracle.dbtools.crest.model.design.logical.Attribute">
<Attribute name="rut_paciente" id="5650AAC0-25A3-8404-AF81-833956FB93BE">
<createdBy>mzunigac</createdBy>
<createdTime>2025-09-15 00:15:25 UTC</createdTime>
<generatorID>F7A7AC16-258F-690D-18B3-418FAB61A1C9</generatorID>
<ownerDesignName>EXP2_S5_Matias_Zuñiga</ownerDesignName>
<engineerTo>
<item key="001664F7-80EF-0D0C-7EAA-F2EA6ABC56EB" value="true"/>
</engineerTo>
<referedAttribute>283D6943-EBDF-8F56-9D12-022AC5E3D7FB</referedAttribute>
<useDomainConstraints>false</useDomainConstraints>
<use>1</use>
<logicalDatatype>LOGDT024</logicalDatatype>
<ownDataTypeParameters>,,</ownDataTypeParameters>
</Attribute>
<Attribute name="id_cita" id="5ECEB8A6-3792-1DC0-80B0-0364B392ABB8">
<createdBy>mzunigac</createdBy>
<createdTime>2025-09-15 00:57:31 UTC</createdTime>
<generatorID>B522D356-67B2-65EC-370A-F4D3A2C300C2</generatorID>
<ownerDesignName>EXP2_S5_Matias_Zuñiga</ownerDesignName>
<engineerTo>
<item key="001664F7-80EF-0D0C-7EAA-F2EA6ABC56EB" value="true"/>
</engineerTo>
<referedAttribute>93D0FBB7-0653-0BF2-2C49-5647C7C114C2</referedAttribute>
<useDomainConstraints>false</useDomainConstraints>
<use>1</use>
<logicalDatatype>LOGDT019</logicalDatatype>
<ownDataTypeParameters>,,</ownDataTypeParameters>
</Attribute>
<Attribute name="id_tipo_atencion" id="9E8F9E3F-5776-711F-A8BD-6A5911AADEA9">
<createdBy>mzunigac</createdBy>
<createdTime>2025-09-15 00:58:30 UTC</createdTime>
<generatorID>2D6F9665-70BB-5DDB-0B34-77B57EFA529E</generatorID>
<ownerDesignName>EXP2_S5_Matias_Zuñiga</ownerDesignName>
<engineerTo>
<item key="001664F7-80EF-0D0C-7EAA-F2EA6ABC56EB" value="true"/>
</engineerTo>
<referedAttribute>88B34090-5B9A-842D-95EE-ACFC2BD5AF22</referedAttribute>
<useDomainConstraints>false</useDomainConstraints>
<use>1</use>
<logicalDatatype>LOGDT019</logicalDatatype>
<ownDataTypeParameters>,,</ownDataTypeParameters>
</Attribute>
<Attribute name="id_pago" id="00537263-6004-2B26-DD2E-7081763C085F">
<createdBy>mzunigac</createdBy>
<createdTime>2025-09-15 00:58:44 UTC</createdTime>
<generatorID>CA4DC3A6-79BA-5AFF-17F2-49ACE291789F</generatorID>
<ownerDesignName>EXP2_S5_Matias_Zuñiga</ownerDesignName>
<engineerTo>
<item key="001664F7-80EF-0D0C-7EAA-F2EA6ABC56EB" value="true"/>
</engineerTo>
<referedAttribute>F17C8B23-6866-F9B7-A5CF-161C766B499E</referedAttribute>
<useDomainConstraints>false</useDomainConstraints>
<use>1</use>
<logicalDatatype>LOGDT019</logicalDatatype>
<ownDataTypeParameters>,,</ownDataTypeParameters>
</Attribute>
<Attribute name="id_tipo_pago" id="14FD7116-B983-FD23-CB9F-F08F8BA3A699">
<createdBy>mzunigac</createdBy>
<createdTime>2025-09-15 00:59:57 UTC</createdTime>
<generatorID>CA4DC3A6-79BA-5AFF-17F2-49ACE291789F</generatorID>
<ownerDesignName>EXP2_S5_Matias_Zuñiga</ownerDesignName>
<engineerTo>
<item key="001664F7-80EF-0D0C-7EAA-F2EA6ABC56EB" value="true"/>
</engineerTo>
<referedAttribute>3883E4F7-BF6D-1266-4EA1-213ECCEC41D1</referedAttribute>
<useDomainConstraints>false</useDomainConstraints>
<use>1</use>
<logicalDatatype>LOGDT019</logicalDatatype>
<ownDataTypeParameters>,,</ownDataTypeParameters>
</Attribute>
<Attribute name="id_especialidad" id="EDE51A3D-9572-2C3E-75B5-040A80CABC22">
<createdBy>mzunigac</createdBy>
<createdTime>2025-09-15 01:00:23 UTC</createdTime>
<generatorID>EE6AA59D-B7E8-A884-E920-E90838111B0B</generatorID>
<ownerDesignName>EXP2_S5_Matias_Zuñiga</ownerDesignName>
<engineerTo>
<item key="001664F7-80EF-0D0C-7EAA-F2EA6ABC56EB" value="true"/>
</engineerTo>
<referedAttribute>E786D767-FCD8-D8FE-A0C3-36B2014FAFFF</referedAttribute>
<useDomainConstraints>false</useDomainConstraints>
<use>1</use>
<logicalDatatype>LOGDT019</logicalDatatype>
<ownDataTypeParameters>,,</ownDataTypeParameters>
</Attribute>
<Attribute name="rut_medico" id="0444C0CE-6580-44FC-4393-6E886594F1F8">
<createdBy>mzunigac</createdBy>
<createdTime>2025-09-15 01:17:03 UTC</createdTime>
<generatorID>10692C82-7243-F2FA-9DE9-17E0C4359250</generatorID>
<ownerDesignName>EXP2_S5_Matias_Zuñiga</ownerDesignName>
<engineerTo>
<item key="001664F7-80EF-0D0C-7EAA-F2EA6ABC56EB" value="true"/>
</engineerTo>
<referedAttribute>9EC90B20-C380-6F57-7D1B-75E67C670156</referedAttribute>
<useDomainConstraints>false</useDomainConstraints>
<use>1</use>
<logicalDatatype>LOGDT024</logicalDatatype>
<dataTypeSize>12</dataTypeSize>
<ownDataTypeParameters>12,,</ownDataTypeParameters>
</Attribute>
<Attribute name="id_atencion" id="D7790FD0-0418-9726-4492-46A042B2E4A5">
<createdBy>mzunigac</createdBy>
<createdTime>2025-09-15 01:17:28 UTC</createdTime>
<ownerDesignName>EXP2_S5_Matias_Zuñiga</ownerDesignName>
<engineerTo>
<item key="001664F7-80EF-0D0C-7EAA-F2EA6ABC56EB" value="true"/>
</engineerTo>
<useDomainConstraints>false</useDomainConstraints>
<use>1</use>
<logicalDatatype>LOGDT019</logicalDatatype>
<ownDataTypeParameters>,,</ownDataTypeParameters>
</Attribute>
<Attribute name="fecha_atencion" id="EC9340D5-2520-4369-82F6-9BE1513A9974">
<createdBy>mzunigac</createdBy>
<createdTime>2025-09-15 01:17:38 UTC</createdTime>
<ownerDesignName>EXP2_S5_Matias_Zuñiga</ownerDesignName>
<engineerTo>
<item key="001664F7-80EF-0D0C-7EAA-F2EA6ABC56EB" value="true"/>
</engineerTo>
<useDomainConstraints>false</useDomainConstraints>
<use>1</use>
<logicalDatatype>LOGDT007</logicalDatatype>
<ownDataTypeParameters>,,</ownDataTypeParameters>
</Attribute>
<Attribute name="diagnostico" id="4A51ED2C-ED77-28E3-009E-67BC8096FD9A">
<createdBy>mzunigac</createdBy>
<createdTime>2025-09-15 01:17:47 UTC</createdTime>
<ownerDesignName>EXP2_S5_Matias_Zuñiga</ownerDesignName>
<engineerTo>
<item key="001664F7-80EF-0D0C-7EAA-F2EA6ABC56EB" value="true"/>
</engineerTo>
<useDomainConstraints>false</useDomainConstraints>
<use>1</use>
<logicalDatatype>LOGDT024</logicalDatatype>
<dataTypeSize>500</dataTypeSize>
<ownDataTypeParameters>500,,</ownDataTypeParameters>
</Attribute>
</attributes>
<identifiers itemClass="oracle.dbtools.crest.model.design.logical.CandidateKey">
<identifier id="104A561D-372D-146B-6143-B893ECB03743" name="ATENCION PK">
<createdBy>mzunigac</createdBy>
<createdTime>2025-09-15 01:17:37 UTC</createdTime>
<ownerDesignName>EXP2_S5_Matias_Zuñiga</ownerDesignName>
<engineerTo>
<item key="001664F7-80EF-0D0C-7EAA-F2EA6ABC56EB" value="true"/>
</engineerTo>
<pk>true</pk>
<usedAttributes>
<attributeRef>D7790FD0-0418-9726-4492-46A042B2E4A5</attributeRef>
</usedAttributes>
</identifier>
</identifiers>
</Entity>