<?xml version = '1.0' encoding = 'UTF-8'?>
<Entity class="oracle.dbtools.crest.model.design.logical.Entity" directorySegmentName="seg_0" id="45AB87F6-4567-386F-9D9E-AB9C5F9FE71C" name="SOLICITUD_EXAMEN">
<createdBy>mzunigac</createdBy>
<createdTime>2025-09-14 23:40:16 UTC</createdTime>
<ownerDesignName>EXP2_S5_Matias_Zuñiga</ownerDesignName>
<engineerTo>
<item key="001664F7-80EF-0D0C-7EAA-F2EA6ABC56EB" value="true"/>
</engineerTo>
<adequatelyNormalized>NO</adequatelyNormalized>
<expectedVolumes>0</expectedVolumes>
<fwdEngineeringStrategyName>Single Table</fwdEngineeringStrategyName>
<growthPercent>0</growthPercent>
<growthType>Year</growthType>
<maxVolumes>9999999</maxVolumes>
<minVolumes>0</minVolumes>
<normalForm>Third</normalForm>
<attributes itemClass="oracle.dbtools.crest.model.design.logical.Attribute">
<Attribute name="id_solicitud" id="120C3772-97F2-97A7-70A7-BE42F1E59901">
<createdBy>mzunigac</createdBy>
<createdTime>2025-09-15 01:13:59 UTC</createdTime>
<ownerDesignName>EXP2_S5_Matias_Zuñiga</ownerDesignName>
<engineerTo>
<item key="001664F7-80EF-0D0C-7EAA-F2EA6ABC56EB" value="true"/>
</engineerTo>
<useDomainConstraints>false</useDomainConstraints>
<use>1</use>
<logicalDatatype>LOGDT019</logicalDatatype>
<ownDataTypeParameters>,,</ownDataTypeParameters>
</Attribute>
<Attribute name="rut_medico" id="257EC0F8-4871-C4D7-8600-9588A175E004">
<createdBy>mzunigac</createdBy>
<createdTime>2025-09-15 01:17:03 UTC</createdTime>
<generatorID>18D50E01-7343-EF8C-062F-AF1436EE3DEF</generatorID>
<ownerDesignName>EXP2_S5_Matias_Zuñiga</ownerDesignName>
<engineerTo>
<item key="001664F7-80EF-0D0C-7EAA-F2EA6ABC56EB" value="true"/>
</engineerTo>
<referedAttribute>9EC90B20-C380-6F57-7D1B-75E67C670156</referedAttribute>
<useDomainConstraints>false</useDomainConstraints>
<use>1</use>
<logicalDatatype>LOGDT024</logicalDatatype>
<dataTypeSize>12</dataTypeSize>
<ownDataTypeParameters>12,,</ownDataTypeParameters>
</Attribute>
<Attribute name="id_atencion" id="BE7E4319-900E-B26C-6789-6CA2E7AB3F7F">
<createdBy>mzunigac</createdBy>
<createdTime>2025-09-15 01:17:46 UTC</createdTime>
<generatorID>6BBB1ACA-5A14-529B-CBE8-761F7A3128A2</generatorID>
<ownerDesignName>EXP2_S5_Matias_Zuñiga</ownerDesignName>
<engineerTo>
<item key="001664F7-80EF-0D0C-7EAA-F2EA6ABC56EB" value="true"/>
</engineerTo>
<referedAttribute>D7790FD0-0418-9726-4492-46A042B2E4A5</referedAttribute>
<useDomainConstraints>false</useDomainConstraints>
<use>1</use>
<logicalDatatype>LOGDT019</logicalDatatype>
<ownDataTypeParameters>,,</ownDataTypeParameters>
</Attribute>
</attributes>
<identifiers itemClass="oracle.dbtools.crest.model.design.logical.CandidateKey">
<identifier id="21B30E85-12F6-45C3-9E91-18115BA8D5EB" name="SOLICITUD_EXAMEN PK">
<createdBy>mzunigac</createdBy>
<createdTime>2025-09-15 01:14:08 UTC</createdTime>
<ownerDesignName>EXP2_S5_Matias_Zuñiga</ownerDesignName>
<engineerTo>
<item key="001664F7-80EF-0D0C-7EAA-F2EA6ABC56EB" value="true"/>
</engineerTo>
<pk>true</pk>
<usedAttributes>
<attributeRef>120C3772-97F2-97A7-70A7-BE42F1E59901</attributeRef>
</usedAttributes>
</identifier>
</identifiers>
</Entity>