<?xml version = '1.0' encoding = 'UTF-8'?>
<Entity class="oracle.dbtools.crest.model.design.logical.Entity" directorySegmentName="seg_0" id="53B7B8E4-CC69-42C4-2B0B-605881C1E8A6" name="CITA">
<createdBy>mzunigac</createdBy>
<createdTime>2025-09-14 23:41:18 UTC</createdTime>
<ownerDesignName>EXP2_S5_Matias_Zuñiga</ownerDesignName>
<engineerTo>
<item key="001664F7-80EF-0D0C-7EAA-F2EA6ABC56EB" value="true"/>
</engineerTo>
<adequatelyNormalized>NO</adequatelyNormalized>
<expectedVolumes>0</expectedVolumes>
<fwdEngineeringStrategyName>Single Table</fwdEngineeringStrategyName>
<growthPercent>0</growthPercent>
<growthType>Year</growthType>
<maxVolumes>9999999</maxVolumes>
<minVolumes>0</minVolumes>
<normalForm>Third</normalForm>
<attributes itemClass="oracle.dbtools.crest.model.design.logical.Attribute">
<Attribute name="rut_paciente" id="FB2A3DC7-C9E1-ACE9-0065-AF873E103792">
<createdBy>mzunigac</createdBy>
<createdTime>2025-09-15 00:20:15 UTC</createdTime>
<generatorID>269029EE-85B4-9C07-C078-D7D87046DD93</generatorID>
<ownerDesignName>EXP2_S5_Matias_Zuñiga</ownerDesignName>
<engineerTo>
<item key="001664F7-80EF-0D0C-7EAA-F2EA6ABC56EB" value="true"/>
</engineerTo>
<referedAttribute>283D6943-EBDF-8F56-9D12-022AC5E3D7FB</referedAttribute>
<useDomainConstraints>false</useDomainConstraints>
<use>1</use>
<logicalDatatype>LOGDT024</logicalDatatype>
<ownDataTypeParameters>,,</ownDataTypeParameters>
</Attribute>
<Attribute name="id_modalidad" id="8C3CC0EF-773F-626A-2D98-AD89E8AE6182">
<createdBy>mzunigac</createdBy>
<createdTime>2025-09-15 00:56:54 UTC</createdTime>
<generatorID>E170A9A6-B527-1A1D-63D3-F7A0FA7BC645</generatorID>
<ownerDesignName>EXP2_S5_Matias_Zuñiga</ownerDesignName>
<engineerTo>
<item key="001664F7-80EF-0D0C-7EAA-F2EA6ABC56EB" value="true"/>
</engineerTo>
<referedAttribute>FEBFA9C7-1725-115C-5FB4-65ED8D1CCD2D</referedAttribute>
<useDomainConstraints>false</useDomainConstraints>
<use>1</use>
<logicalDatatype>LOGDT019</logicalDatatype>
<ownDataTypeParameters>,,</ownDataTypeParameters>
</Attribute>
<Attribute name="id_cita" id="93D0FBB7-0653-0BF2-2C49-5647C7C114C2">
<createdBy>mzunigac</createdBy>
<createdTime>2025-09-15 00:57:19 UTC</createdTime>
<ownerDesignName>EXP2_S5_Matias_Zuñiga</ownerDesignName>
<engineerTo>
<item key="001664F7-80EF-0D0C-7EAA-F2EA6ABC56EB" value="true"/>
</engineerTo>
<useDomainConstraints>false</useDomainConstraints>
<use>1</use>
<logicalDatatype>LOGDT019</logicalDatatype>
<ownDataTypeParameters>,,</ownDataTypeParameters>
</Attribute>
<Attribute name="fecha_cita" id="9A0320A4-69A2-5752-342E-6064AE3F42A3">
<createdBy>mzunigac</createdBy>
<createdTime>2025-09-15 00:57:31 UTC</createdTime>
<ownerDesignName>EXP2_S5_Matias_Zuñiga</ownerDesignName>
<engineerTo>
<item key="001664F7-80EF-0D0C-7EAA-F2EA6ABC56EB" value="true"/>
</engineerTo>
<useDomainConstraints>false</useDomainConstraints>
<use>1</use>
<logicalDatatype>LOGDT007</logicalDatatype>
<ownDataTypeParameters>,,</ownDataTypeParameters>
</Attribute>
<Attribute name="hora_cita" id="DDC16405-861F-993E-A1BB-FDE3BC372904">
<createdBy>mzunigac</createdBy>
<createdTime>2025-09-15 00:57:42 UTC</createdTime>
<ownerDesignName>EXP2_S5_Matias_Zuñiga</ownerDesignName>
<engineerTo>
<item key="001664F7-80EF-0D0C-7EAA-F2EA6ABC56EB" value="true"/>
</engineerTo>
<useDomainConstraints>false</useDomainConstraints>
<use>1</use>
<logicalDatatype>LOGDT024</logicalDatatype>
<dataTypeSize>5</dataTypeSize>
<ownDataTypeParameters>5,,</ownDataTypeParameters>
</Attribute>
<Attribute name="estado_cita" id="2887B01B-DEAE-426F-1C06-91849526D6A7">
<createdBy>mzunigac</createdBy>
<createdTime>2025-09-15 00:57:53 UTC</createdTime>
<ownerDesignName>EXP2_S5_Matias_Zuñiga</ownerDesignName>
<engineerTo>
<item key="001664F7-80EF-0D0C-7EAA-F2EA6ABC56EB" value="true"/>
</engineerTo>
<useDomainConstraints>false</useDomainConstraints>
<use>1</use>
<logicalDatatype>LOGDT024</logicalDatatype>
<dataTypeSize>20</dataTypeSize>
<ownDataTypeParameters>20,,</ownDataTypeParameters>
</Attribute>
<Attribute name="id_tipo_atencion" id="D6B2A811-73E1-BCD3-E5F6-60F29B33A33E">
<createdBy>mzunigac</createdBy>
<createdTime>2025-09-15 00:58:30 UTC</createdTime>
<generatorID>273A0BF3-041E-EEE2-9C59-0E57D23DC430</generatorID>
<ownerDesignName>EXP2_S5_Matias_Zuñiga</ownerDesignName>
<engineerTo>
<item key="001664F7-80EF-0D0C-7EAA-F2EA6ABC56EB" value="true"/>
</engineerTo>
<referedAttribute>88B34090-5B9A-842D-95EE-ACFC2BD5AF22</referedAttribute>
<useDomainConstraints>false</useDomainConstraints>
<use>1</use>
<logicalDatatype>LOGDT019</logicalDatatype>
<ownDataTypeParameters>,,</ownDataTypeParameters>
</Attribute>
<Attribute name="id_especialidad" id="2C4886BE-22EA-9BAB-B111-10DFD74DCAE1">
<createdBy>mzunigac</createdBy>
<createdTime>2025-09-15 01:00:23 UTC</createdTime>
<generatorID>050E2E1A-EC0F-C6E9-5D08-ECD8593566EA</generatorID>
<ownerDesignName>EXP2_S5_Matias_Zuñiga</ownerDesignName>
<engineerTo>
<item key="001664F7-80EF-0D0C-7EAA-F2EA6ABC56EB" value="true"/>
</engineerTo>
<referedAttribute>E786D767-FCD8-D8FE-A0C3-36B2014FAFFF</referedAttribute>
<useDomainConstraints>false</useDomainConstraints>
<use>1</use>
<logicalDatatype>LOGDT019</logicalDatatype>
<ownDataTypeParameters>,,</ownDataTypeParameters>
</Attribute>
</attributes>
<identifiers itemClass="oracle.dbtools.crest.model.design.logical.CandidateKey">
<identifier id="A4E741AE-2B70-8B63-0354-2F4D2DA48BBB" name="CITA PK">
<createdBy>mzunigac</createdBy>
<createdTime>2025-09-15 00:57:25 UTC</createdTime>
<ownerDesignName>EXP2_S5_Matias_Zuñiga</ownerDesignName>
<engineerTo>
<item key="001664F7-80EF-0D0C-7EAA-F2EA6ABC56EB" value="true"/>
</engineerTo>
<pk>true</pk>
<usedAttributes>
<attributeRef>93D0FBB7-0653-0BF2-2C49-5647C7C114C2</attributeRef>
</usedAttributes>
</identifier>
</identifiers>
</Entity>