<?xml version = '1.0' encoding = 'UTF-8'?>
<Entity class="oracle.dbtools.crest.model.design.logical.Entity" directorySegmentName="seg_0" id="7DE23C39-52F7-D032-6066-E5107277C0EA" name="RESULTADO_EXAMEN">
<createdBy>mzunigac</createdBy>
<createdTime>2025-09-14 23:40:29 UTC</createdTime>
<ownerDesignName>EXP2_S5_Matias_Zuñiga</ownerDesignName>
<engineerTo>
<item key="001664F7-80EF-0D0C-7EAA-F2EA6ABC56EB" value="true"/>
</engineerTo>
<adequatelyNormalized>NO</adequatelyNormalized>
<expectedVolumes>0</expectedVolumes>
<fwdEngineeringStrategyName>Single Table</fwdEngineeringStrategyName>
<growthPercent>0</growthPercent>
<growthType>Year</growthType>
<maxVolumes>9999999</maxVolumes>
<minVolumes>0</minVolumes>
<normalForm>Third</normalForm>
<attributes itemClass="oracle.dbtools.crest.model.design.logical.Attribute">
<Attribute name="id_resultado" id="067066F4-2B29-AAAE-3196-696E6F4FC17B">
<createdBy>mzunigac</createdBy>
<createdTime>2025-09-15 01:14:14 UTC</createdTime>
<ownerDesignName>EXP2_S5_Matias_Zuñiga</ownerDesignName>
<engineerTo>
<item key="001664F7-80EF-0D0C-7EAA-F2EA6ABC56EB" value="true"/>
</engineerTo>
<useDomainConstraints>false</useDomainConstraints>
<use>1</use>
<logicalDatatype>LOGDT019</logicalDatatype>
<ownDataTypeParameters>,,</ownDataTypeParameters>
</Attribute>
<Attribute name="resultado" id="2F9954C7-7183-2258-C71C-CA8A1E088635">
<createdBy>mzunigac</createdBy>
<createdTime>2025-09-15 01:14:28 UTC</createdTime>
<ownerDesignName>EXP2_S5_Matias_Zuñiga</ownerDesignName>
<engineerTo>
<item key="001664F7-80EF-0D0C-7EAA-F2EA6ABC56EB" value="true"/>
</engineerTo>
<useDomainConstraints>false</useDomainConstraints>
<use>1</use>
<logicalDatatype>LOGDT024</logicalDatatype>
<dataTypeSize>500</dataTypeSize>
<ownDataTypeParameters>500,,</ownDataTypeParameters>
</Attribute>
<Attribute name="fecha_resultado" id="B48E9D7B-19EE-3FC0-83AE-3FBBEB9BB17E">
<createdBy>mzunigac</createdBy>
<createdTime>2025-09-15 01:14:41 UTC</createdTime>
<ownerDesignName>EXP2_S5_Matias_Zuñiga</ownerDesignName>
<engineerTo>
<item key="001664F7-80EF-0D0C-7EAA-F2EA6ABC56EB" value="true"/>
</engineerTo>
<useDomainConstraints>false</useDomainConstraints>
<use>1</use>
<logicalDatatype>LOGDT007</logicalDatatype>
<ownDataTypeParameters>,,</ownDataTypeParameters>
</Attribute>
<Attribute name="id_examen_lab" id="9CD5FF1E-8BED-725E-38BB-F85387FBB055">
<createdBy>mzunigac</createdBy>
<createdTime>2025-09-15 01:19:48 UTC</createdTime>
<generatorID>FB44F6D9-C0AD-8751-5BA5-61FEB21EBB43</generatorID>
<ownerDesignName>EXP2_S5_Matias_Zuñiga</ownerDesignName>
<engineerTo>
<item key="001664F7-80EF-0D0C-7EAA-F2EA6ABC56EB" value="true"/>
</engineerTo>
<referedAttribute>68269208-BCB9-ECD8-6231-97DE50251D44</referedAttribute>
<useDomainConstraints>false</useDomainConstraints>
<use>1</use>
<logicalDatatype>LOGDT019</logicalDatatype>
<ownDataTypeParameters>,,</ownDataTypeParameters>
</Attribute>
</attributes>
<identifiers itemClass="oracle.dbtools.crest.model.design.logical.CandidateKey">
<identifier id="2AEF885E-7515-C2A0-80F9-6EF9FE8B6F50" name="RESULTADO_EXAMEN PK">
<createdBy>mzunigac</createdBy>
<createdTime>2025-09-15 01:14:28 UTC</createdTime>
<ownerDesignName>EXP2_S5_Matias_Zuñiga</ownerDesignName>
<engineerTo>
<item key="001664F7-80EF-0D0C-7EAA-F2EA6ABC56EB" value="true"/>
</engineerTo>
<pk>true</pk>
<usedAttributes>
<attributeRef>067066F4-2B29-AAAE-3196-696E6F4FC17B</attributeRef>
</usedAttributes>
</identifier>
</identifiers>
</Entity>