<?xml version = '1.0' encoding = 'UTF-8'?>
<Entity class="oracle.dbtools.crest.model.design.logical.Entity" directorySegmentName="seg_0" id="933051F5-AFD9-C494-BE07-0308725191FE" name="SUPERVISION_MEDICA">
<createdBy>mzunigac</createdBy>
<createdTime>2025-09-14 23:40:23 UTC</createdTime>
<ownerDesignName>EXP2_S5_Matias_Zuñiga</ownerDesignName>
<engineerTo>
<item key="001664F7-80EF-0D0C-7EAA-F2EA6ABC56EB" value="true"/>
</engineerTo>
<adequatelyNormalized>NO</adequatelyNormalized>
<expectedVolumes>0</expectedVolumes>
<fwdEngineeringStrategyName>Single Table</fwdEngineeringStrategyName>
<growthPercent>0</growthPercent>
<growthType>Year</growthType>
<maxVolumes>9999999</maxVolumes>
<minVolumes>0</minVolumes>
<normalForm>Third</normalForm>
<attributes itemClass="oracle.dbtools.crest.model.design.logical.Attribute">
<Attribute name="rut_supervisor" id="F3E5B86B-1F4B-DC02-804B-D6BAD433945B">
<createdBy>mzunigac</createdBy>
<createdTime>2025-09-15 01:10:10 UTC</createdTime>
<ownerDesignName>EXP2_S5_Matias_Zuñiga</ownerDesignName>
<engineerTo>
<item key="001664F7-80EF-0D0C-7EAA-F2EA6ABC56EB" value="true"/>
</engineerTo>
<useDomainConstraints>false</useDomainConstraints>
<use>1</use>
<logicalDatatype>LOGDT024</logicalDatatype>
<dataTypeSize>12</dataTypeSize>
<ownDataTypeParameters>12,,</ownDataTypeParameters>
</Attribute>
<Attribute name="rut_supervisado" id="B9118576-FE99-9E13-DA85-2A5C0728DE5B">
<createdBy>mzunigac</createdBy>
<createdTime>2025-09-15 01:11:41 UTC</createdTime>
<ownerDesignName>EXP2_S5_Matias_Zuñiga</ownerDesignName>
<engineerTo>
<item key="001664F7-80EF-0D0C-7EAA-F2EA6ABC56EB" value="true"/>
</engineerTo>
<useDomainConstraints>false</useDomainConstraints>
<use>1</use>
<logicalDatatype>LOGDT024</logicalDatatype>
<dataTypeSize>12</dataTypeSize>
<ownDataTypeParameters>12,,</ownDataTypeParameters>
</Attribute>
<Attribute name="rut_medico" id="31088361-CF4C-10A6-DF46-C8357AD82E3E">
<createdBy>mzunigac</createdBy>
<createdTime>2025-09-15 01:17:03 UTC</createdTime>
<generatorID>831DFB48-9E67-4A52-321B-917C499073A0</generatorID>
<ownerDesignName>EXP2_S5_Matias_Zuñiga</ownerDesignName>
<engineerTo>
<item key="001664F7-80EF-0D0C-7EAA-F2EA6ABC56EB" value="true"/>
</engineerTo>
<referedAttribute>9EC90B20-C380-6F57-7D1B-75E67C670156</referedAttribute>
<useDomainConstraints>false</useDomainConstraints>
<use>1</use>
<logicalDatatype>LOGDT024</logicalDatatype>
<dataTypeSize>12</dataTypeSize>
<ownDataTypeParameters>12,,</ownDataTypeParameters>
</Attribute>
</attributes>
<identifiers itemClass="oracle.dbtools.crest.model.design.logical.CandidateKey">
<identifier id="02E85D4C-D589-A84E-FA5B-3756CE0B6125" name="SUPERVISION_MEDICA PK">
<createdBy>mzunigac</createdBy>
<createdTime>2025-09-15 01:11:38 UTC</createdTime>
<ownerDesignName>EXP2_S5_Matias_Zuñiga</ownerDesignName>
<engineerTo>
<item key="001664F7-80EF-0D0C-7EAA-F2EA6ABC56EB" value="true"/>
</engineerTo>
<pk>true</pk>
<usedAttributes>
<attributeRef>F3E5B86B-1F4B-DC02-804B-D6BAD433945B</attributeRef>
<attributeRef>B9118576-FE99-9E13-DA85-2A5C0728DE5B</attributeRef>
</usedAttributes>
</identifier>
</identifiers>
</Entity>