<?xml version = '1.0' encoding = 'UTF-8'?>
<Entity class="oracle.dbtools.crest.model.design.logical.Entity" directorySegmentName="seg_0" id="97B5ED06-5EF9-1296-4215-9BB1544AE249" name="PAGO_ATENCION">
<createdBy>mzunigac</createdBy>
<createdTime>2025-09-14 23:40:01 UTC</createdTime>
<ownerDesignName>EXP2_S5_Matias_Zuñiga</ownerDesignName>
<engineerTo>
<item key="001664F7-80EF-0D0C-7EAA-F2EA6ABC56EB" value="true"/>
</engineerTo>
<adequatelyNormalized>NO</adequatelyNormalized>
<expectedVolumes>0</expectedVolumes>
<fwdEngineeringStrategyName>Single Table</fwdEngineeringStrategyName>
<growthPercent>0</growthPercent>
<growthType>Year</growthType>
<maxVolumes>9999999</maxVolumes>
<minVolumes>0</minVolumes>
<normalForm>Third</normalForm>
<attributes itemClass="oracle.dbtools.crest.model.design.logical.Attribute">
<Attribute name="id_pago" id="F17C8B23-6866-F9B7-A5CF-161C766B499E">
<createdBy>mzunigac</createdBy>
<createdTime>2025-09-15 00:58:36 UTC</createdTime>
<ownerDesignName>EXP2_S5_Matias_Zuñiga</ownerDesignName>
<engineerTo>
<item key="001664F7-80EF-0D0C-7EAA-F2EA6ABC56EB" value="true"/>
</engineerTo>
<useDomainConstraints>false</useDomainConstraints>
<use>1</use>
<logicalDatatype>LOGDT019</logicalDatatype>
<ownDataTypeParameters>,,</ownDataTypeParameters>
</Attribute>
<Attribute name="fecha_pago" id="D659C596-FCE1-1256-223D-EC7348E99FA2">
<createdBy>mzunigac</createdBy>
<createdTime>2025-09-15 00:58:45 UTC</createdTime>
<ownerDesignName>EXP2_S5_Matias_Zuñiga</ownerDesignName>
<engineerTo>
<item key="001664F7-80EF-0D0C-7EAA-F2EA6ABC56EB" value="true"/>
</engineerTo>
<useDomainConstraints>false</useDomainConstraints>
<use>1</use>
<logicalDatatype>LOGDT007</logicalDatatype>
<ownDataTypeParameters>,,</ownDataTypeParameters>
</Attribute>
<Attribute name="monto" id="E100D67F-8838-B7E4-304F-D40427DC5E69">
<createdBy>mzunigac</createdBy>
<createdTime>2025-09-15 00:59:00 UTC</createdTime>
<ownerDesignName>EXP2_S5_Matias_Zuñiga</ownerDesignName>
<engineerTo>
<item key="001664F7-80EF-0D0C-7EAA-F2EA6ABC56EB" value="true"/>
</engineerTo>
<useDomainConstraints>false</useDomainConstraints>
<use>1</use>
<logicalDatatype>LOGDT019</logicalDatatype>
<dataTypePrecision>12</dataTypePrecision>
<ownDataTypeParameters>,12,</ownDataTypeParameters>
</Attribute>
<Attribute name="id_tipo_pago" id="3883E4F7-BF6D-1266-4EA1-213ECCEC41D1">
<createdBy>mzunigac</createdBy>
<createdTime>2025-09-15 00:59:57 UTC</createdTime>
<generatorID>FE51DAE8-A492-E6AE-8EF1-D1C493364AA4</generatorID>
<ownerDesignName>EXP2_S5_Matias_Zuñiga</ownerDesignName>
<engineerTo>
<item key="001664F7-80EF-0D0C-7EAA-F2EA6ABC56EB" value="true"/>
</engineerTo>
<referedAttribute>0451C7CD-5832-2654-5D39-431A68AEDA34</referedAttribute>
<useDomainConstraints>false</useDomainConstraints>
<use>1</use>
<logicalDatatype>LOGDT019</logicalDatatype>
<ownDataTypeParameters>,,</ownDataTypeParameters>
</Attribute>
</attributes>
<identifiers itemClass="oracle.dbtools.crest.model.design.logical.CandidateKey">
<identifier id="7B76C559-7429-8E97-54B1-A70BF152F42E" name="PAGO_ATENCION PK">
<createdBy>mzunigac</createdBy>
<createdTime>2025-09-15 00:58:43 UTC</createdTime>
<ownerDesignName>EXP2_S5_Matias_Zuñiga</ownerDesignName>
<engineerTo>
<item key="001664F7-80EF-0D0C-7EAA-F2EA6ABC56EB" value="true"/>
</engineerTo>
<pk>true</pk>
<usedAttributes>
<attributeRef>F17C8B23-6866-F9B7-A5CF-161C766B499E</attributeRef>
<attributeRef>3883E4F7-BF6D-1266-4EA1-213ECCEC41D1</attributeRef>
</usedAttributes>
</identifier>
</identifiers>
</Entity>