<?xml version = '1.0' encoding = 'UTF-8'?>
<Entity class="oracle.dbtools.crest.model.design.logical.Entity" directorySegmentName="seg_0" id="AA311C48-292A-23CB-A8BA-EBD85E36E48D" name="EXAMEN">
<createdBy>mzunigac</createdBy>
<createdTime>2025-09-15 00:06:49 UTC</createdTime>
<ownerDesignName>EXP2_S5_Matias_Zuñiga</ownerDesignName>
<engineerTo>
<item key="001664F7-80EF-0D0C-7EAA-F2EA6ABC56EB" value="true"/>
</engineerTo>
<adequatelyNormalized>NO</adequatelyNormalized>
<expectedVolumes>0</expectedVolumes>
<fwdEngineeringStrategyName>Single Table</fwdEngineeringStrategyName>
<growthPercent>0</growthPercent>
<growthType>Year</growthType>
<maxVolumes>9999999</maxVolumes>
<minVolumes>0</minVolumes>
<normalForm>Third</normalForm>
<attributes itemClass="oracle.dbtools.crest.model.design.logical.Attribute">
<Attribute name="id_examen" id="ABB6914C-5FE2-10F0-92A7-90352B55F558">
<createdBy>mzunigac</createdBy>
<createdTime>2025-09-15 01:13:00 UTC</createdTime>
<ownerDesignName>EXP2_S5_Matias_Zuñiga</ownerDesignName>
<engineerTo>
<item key="001664F7-80EF-0D0C-7EAA-F2EA6ABC56EB" value="true"/>
</engineerTo>
<useDomainConstraints>false</useDomainConstraints>
<use>1</use>
<logicalDatatype>LOGDT019</logicalDatatype>
<ownDataTypeParameters>,,</ownDataTypeParameters>
</Attribute>
<Attribute name="nombre_examen" id="AC593FAC-01C7-5D6C-0907-14CEC4D003D8">
<createdBy>mzunigac</createdBy>
<createdTime>2025-09-15 01:13:11 UTC</createdTime>
<ownerDesignName>EXP2_S5_Matias_Zuñiga</ownerDesignName>
<engineerTo>
<item key="001664F7-80EF-0D0C-7EAA-F2EA6ABC56EB" value="true"/>
</engineerTo>
<useDomainConstraints>false</useDomainConstraints>
<use>1</use>
<logicalDatatype>LOGDT024</logicalDatatype>
<dataTypeSize>100</dataTypeSize>
<ownDataTypeParameters>100,,</ownDataTypeParameters>
</Attribute>
<Attribute name="tipo_muestra" id="AA6555FB-0636-09D3-3B7F-2937D6F4DB25">
<createdBy>mzunigac</createdBy>
<createdTime>2025-09-15 01:13:21 UTC</createdTime>
<ownerDesignName>EXP2_S5_Matias_Zuñiga</ownerDesignName>
<engineerTo>
<item key="001664F7-80EF-0D0C-7EAA-F2EA6ABC56EB" value="true"/>
</engineerTo>
<useDomainConstraints>false</useDomainConstraints>
<use>1</use>
<logicalDatatype>LOGDT024</logicalDatatype>
<dataTypeSize>100</dataTypeSize>
<ownDataTypeParameters>100,,</ownDataTypeParameters>
</Attribute>
<Attribute name="condicion_previa" id="6EED8A20-1330-B443-CD18-6CC8296EC35B">
<createdBy>mzunigac</createdBy>
<createdTime>2025-09-15 01:13:32 UTC</createdTime>
<ownerDesignName>EXP2_S5_Matias_Zuñiga</ownerDesignName>
<engineerTo>
<item key="001664F7-80EF-0D0C-7EAA-F2EA6ABC56EB" value="true"/>
</engineerTo>
<useDomainConstraints>false</useDomainConstraints>
<use>1</use>
<logicalDatatype>LOGDT024</logicalDatatype>
<dataTypeSize>100</dataTypeSize>
<ownDataTypeParameters>100,,</ownDataTypeParameters>
</Attribute>
</attributes>
<identifiers itemClass="oracle.dbtools.crest.model.design.logical.CandidateKey">
<identifier id="45268264-C238-C637-27C5-C1F5EC1D3B07" name="EXAMEN PK">
<createdBy>mzunigac</createdBy>
<createdTime>2025-09-15 01:13:07 UTC</createdTime>
<ownerDesignName>EXP2_S5_Matias_Zuñiga</ownerDesignName>
<engineerTo>
<item key="001664F7-80EF-0D0C-7EAA-F2EA6ABC56EB" value="true"/>
</engineerTo>
<pk>true</pk>
<usedAttributes>
<attributeRef>ABB6914C-5FE2-10F0-92A7-90352B55F558</attributeRef>
</usedAttributes>
</identifier>
</identifiers>
</Entity>