<?xml version = '1.0' encoding = 'UTF-8'?>
<Entity class="oracle.dbtools.crest.model.design.logical.Entity" directorySegmentName="seg_0" id="D0C553D4-04A9-8B95-EE15-4196BD59A7B6" name="EXAMEN_LABORATORIO">
<createdBy>mzunigac</createdBy>
<createdTime>2025-09-14 23:40:08 UTC</createdTime>
<ownerDesignName>EXP2_S5_Matias_Zuñiga</ownerDesignName>
<engineerTo>
<item key="001664F7-80EF-0D0C-7EAA-F2EA6ABC56EB" value="true"/>
</engineerTo>
<adequatelyNormalized>NO</adequatelyNormalized>
<expectedVolumes>0</expectedVolumes>
<fwdEngineeringStrategyName>Single Table</fwdEngineeringStrategyName>
<growthPercent>0</growthPercent>
<growthType>Year</growthType>
<maxVolumes>9999999</maxVolumes>
<minVolumes>0</minVolumes>
<normalForm>Third</normalForm>
<attributes itemClass="oracle.dbtools.crest.model.design.logical.Attribute">
<Attribute name="id_examen" id="B85E7AFF-1EF5-2921-8B82-654B72C3ED8F">
<createdBy>mzunigac</createdBy>
<createdTime>2025-09-15 01:13:42 UTC</createdTime>
<generatorID>7AF7DEC3-A81B-000A-7F96-BF3AC40DB935</generatorID>
<ownerDesignName>EXP2_S5_Matias_Zuñiga</ownerDesignName>
<engineerTo>
<item key="001664F7-80EF-0D0C-7EAA-F2EA6ABC56EB" value="true"/>
</engineerTo>
<referedAttribute>ABB6914C-5FE2-10F0-92A7-90352B55F558</referedAttribute>
<useDomainConstraints>false</useDomainConstraints>
<use>1</use>
<logicalDatatype>LOGDT019</logicalDatatype>
<ownDataTypeParameters>,,</ownDataTypeParameters>
</Attribute>
<Attribute name="id_solicitud" id="35F6394E-331C-1B17-E3D0-832DEE8C602A">
<createdBy>mzunigac</createdBy>
<createdTime>2025-09-15 01:14:09 UTC</createdTime>
<generatorID>56167AD5-599D-8853-13D5-DFABAD49B5C6</generatorID>
<ownerDesignName>EXP2_S5_Matias_Zuñiga</ownerDesignName>
<engineerTo>
<item key="001664F7-80EF-0D0C-7EAA-F2EA6ABC56EB" value="true"/>
</engineerTo>
<referedAttribute>120C3772-97F2-97A7-70A7-BE42F1E59901</referedAttribute>
<useDomainConstraints>false</useDomainConstraints>
<use>1</use>
<logicalDatatype>LOGDT019</logicalDatatype>
<ownDataTypeParameters>,,</ownDataTypeParameters>
</Attribute>
<Attribute name="id_examen_lab" id="68269208-BCB9-ECD8-6231-97DE50251D44">
<createdBy>mzunigac</createdBy>
<createdTime>2025-09-15 01:19:37 UTC</createdTime>
<ownerDesignName>EXP2_S5_Matias_Zuñiga</ownerDesignName>
<engineerTo>
<item key="001664F7-80EF-0D0C-7EAA-F2EA6ABC56EB" value="true"/>
</engineerTo>
<useDomainConstraints>false</useDomainConstraints>
<use>1</use>
<logicalDatatype>LOGDT019</logicalDatatype>
<ownDataTypeParameters>,,</ownDataTypeParameters>
</Attribute>
<Attribute name="fecha_solicitud" id="D0CC40B9-C064-4E85-3B7D-FA9824490A53">
<createdBy>mzunigac</createdBy>
<createdTime>2025-09-15 01:19:49 UTC</createdTime>
<ownerDesignName>EXP2_S5_Matias_Zuñiga</ownerDesignName>
<engineerTo>
<item key="001664F7-80EF-0D0C-7EAA-F2EA6ABC56EB" value="true"/>
</engineerTo>
<useDomainConstraints>false</useDomainConstraints>
<use>1</use>
<logicalDatatype>LOGDT007</logicalDatatype>
<ownDataTypeParameters>,,</ownDataTypeParameters>
</Attribute>
<Attribute name="estado" id="061248F2-4EFD-1AF6-E31D-1E335315E008">
<createdBy>mzunigac</createdBy>
<createdTime>2025-09-15 01:19:57 UTC</createdTime>
<ownerDesignName>EXP2_S5_Matias_Zuñiga</ownerDesignName>
<engineerTo>
<item key="001664F7-80EF-0D0C-7EAA-F2EA6ABC56EB" value="true"/>
</engineerTo>
<useDomainConstraints>false</useDomainConstraints>
<use>1</use>
<logicalDatatype>LOGDT024</logicalDatatype>
<dataTypeSize>200</dataTypeSize>
<ownDataTypeParameters>200,,</ownDataTypeParameters>
</Attribute>
<Attribute name="comentarios" id="20C70C19-9165-6FA9-DAD8-D84D2B5533F2">
<createdBy>mzunigac</createdBy>
<createdTime>2025-09-15 01:20:05 UTC</createdTime>
<ownerDesignName>EXP2_S5_Matias_Zuñiga</ownerDesignName>
<engineerTo>
<item key="001664F7-80EF-0D0C-7EAA-F2EA6ABC56EB" value="true"/>
</engineerTo>
<nullsAllowed>true</nullsAllowed>
<useDomainConstraints>false</useDomainConstraints>
<use>1</use>
<logicalDatatype>LOGDT024</logicalDatatype>
<dataTypeSize>300</dataTypeSize>
<ownDataTypeParameters>300,,</ownDataTypeParameters>
</Attribute>
</attributes>
<identifiers itemClass="oracle.dbtools.crest.model.design.logical.CandidateKey">
<identifier id="095A269F-9447-367B-1AAA-3871D66A7892" name="EXAMEN_LABORATORIO PK">
<createdBy>mzunigac</createdBy>
<createdTime>2025-09-15 01:18:16 UTC</createdTime>
<ownerDesignName>EXP2_S5_Matias_Zuñiga</ownerDesignName>
<engineerTo>
<item key="001664F7-80EF-0D0C-7EAA-F2EA6ABC56EB" value="true"/>
</engineerTo>
<pk>true</pk>
<usedAttributes>
<attributeRef>68269208-BCB9-ECD8-6231-97DE50251D44</attributeRef>
</usedAttributes>
</identifier>
</identifiers>
</Entity>