<?xml version = '1.0' encoding = 'UTF-8'?>
<Table class="oracle.dbtools.crest.model.design.relational.Table" directorySegmentName="seg_0" id="29CFBCAF-F40D-2C68-F382-82E57DBBF832" schemaObject="E72B568F-E40F-1988-CA52-96E5ED0AA2F3" name="MAQUINA">
<sourceConnName>S9</sourceConnName>
<sourceObjSchema>PRY2204_S9</sourceObjSchema>
<sourceObjName>MAQUINA</sourceObjName>
<createdBy>matiaszuniga</createdBy>
<createdTime>2025-10-12 22:51:33 UTC</createdTime>
<ownerDesignName>EFT_S9_Matias_Zuñiga</ownerDesignName>
<allowColumnReorder>false</allowColumnReorder>
<existDependencyGenerateInDDl>true</existDependencyGenerateInDDl>
<parsed>true</parsed>
<columns itemClass="oracle.dbtools.crest.model.design.relational.Column">
<Column name="ID_MAQUINA" id="2913FF33-D982-D4F4-315F-54F4BDEA7D1B">
<sourceConnName>S9</sourceConnName>
<sourceObjSchema>MAQUINA</sourceObjSchema>
<sourceObjName>ID_MAQUINA</sourceObjName>
<createdBy>matiaszuniga</createdBy>
<createdTime>2025-10-12 22:51:33 UTC</createdTime>
<ownerDesignName>EFT_S9_Matias_Zuñiga</ownerDesignName>
<useDomainConstraints>false</useDomainConstraints>
<use>1</use>
<logicalDatatype>LOGDT019</logicalDatatype>
<ownDataTypeParameters>,,</ownDataTypeParameters>
<autoIncrementColumn>true</autoIncrementColumn>
<identityColumn>true</identityColumn>
<autoIncrementCycle>false</autoIncrementCycle>
<autoIncrementDisableCache>false</autoIncrementDisableCache>
<autoIncrementCache>20</autoIncrementCache>
<autoIncrementOrder>false</autoIncrementOrder>
</Column>
<Column name="NUMERO" id="612E98AD-D212-A65F-AF37-28A1CB1981EB">
<sourceConnName>S9</sourceConnName>
<sourceObjSchema>MAQUINA</sourceObjSchema>
<sourceObjName>NUMERO</sourceObjName>
<createdBy>matiaszuniga</createdBy>
<createdTime>2025-10-12 22:51:33 UTC</createdTime>
<ownerDesignName>EFT_S9_Matias_Zuñiga</ownerDesignName>
<useDomainConstraints>false</useDomainConstraints>
<use>1</use>
<logicalDatatype>LOGDT024</logicalDatatype>
<dataTypeSize>20 BYTE</dataTypeSize>
<ownDataTypeParameters>20 BYTE,,</ownDataTypeParameters>
<autoIncrementCycle>false</autoIncrementCycle>
</Column>
<Column name="NOMBRE" id="704C3083-E504-1339-3206-5413418CBFC7">
<sourceConnName>S9</sourceConnName>
<sourceObjSchema>MAQUINA</sourceObjSchema>
<sourceObjName>NOMBRE</sourceObjName>
<createdBy>matiaszuniga</createdBy>
<createdTime>2025-10-12 22:51:33 UTC</createdTime>
<ownerDesignName>EFT_S9_Matias_Zuñiga</ownerDesignName>
<useDomainConstraints>false</useDomainConstraints>
<use>1</use>
<logicalDatatype>LOGDT024</logicalDatatype>
<dataTypeSize>100 BYTE</dataTypeSize>
<ownDataTypeParameters>100 BYTE,,</ownDataTypeParameters>
<autoIncrementCycle>false</autoIncrementCycle>
</Column>
<Column name="ACTIVO" id="F0058AF9-ECF0-1FC7-297E-4B0A61683C70">
<sourceConnName>S9</sourceConnName>
<sourceObjSchema>MAQUINA</sourceObjSchema>
<sourceObjName>ACTIVO</sourceObjName>
<createdBy>matiaszuniga</createdBy>
<createdTime>2025-10-12 22:51:33 UTC</createdTime>
<ownerDesignName>EFT_S9_Matias_Zuñiga</ownerDesignName>
<constraintName>SYS_C0024544</constraintName>
<nullsAllowed>true</nullsAllowed>
<useDomainConstraints>false</useDomainConstraints>
<use>1</use>
<logicalDatatype>LOGDT025</logicalDatatype>
<dataTypeSize>1 BYTE</dataTypeSize>
<listOfValues>
<valueDef value="&apos;N&apos;" description=""/>
<valueDef value="&apos;S&apos;" description=""/>
</listOfValues>
<defaultValue>&apos;S&apos;</defaultValue>
<ownDataTypeParameters>1 BYTE,,</ownDataTypeParameters>
<autoIncrementCycle>false</autoIncrementCycle>
</Column>
<Column name="ID_PLANTA" id="88B6FC9C-8D7C-1B11-8C37-4E35157064B0">
<sourceConnName>S9</sourceConnName>
<sourceObjSchema>MAQUINA</sourceObjSchema>
<sourceObjName>ID_PLANTA</sourceObjName>
<createdBy>matiaszuniga</createdBy>
<createdTime>2025-10-12 22:51:33 UTC</createdTime>
<ownerDesignName>EFT_S9_Matias_Zuñiga</ownerDesignName>
<useDomainConstraints>false</useDomainConstraints>
<use>1</use>
<logicalDatatype>LOGDT019</logicalDatatype>
<ownDataTypeParameters>,,</ownDataTypeParameters>
<autoIncrementCycle>false</autoIncrementCycle>
<associations>
<colAssociation fkAssociation="8D83F34D-781D-DEFD-4A1B-C9856AF3EA05" referredColumn="6DE5E27A-67F5-A176-DF05-6D0A3AF91645"/>
</associations>
</Column>
<Column name="ID_TIPO" id="62881822-4C18-E1F8-B70B-76ECA24BABBC">
<sourceConnName>S9</sourceConnName>
<sourceObjSchema>MAQUINA</sourceObjSchema>
<sourceObjName>ID_TIPO</sourceObjName>
<createdBy>matiaszuniga</createdBy>
<createdTime>2025-10-12 22:51:33 UTC</createdTime>
<ownerDesignName>EFT_S9_Matias_Zuñiga</ownerDesignName>
<useDomainConstraints>false</useDomainConstraints>
<use>1</use>
<logicalDatatype>LOGDT019</logicalDatatype>
<ownDataTypeParameters>,,</ownDataTypeParameters>
<autoIncrementCycle>false</autoIncrementCycle>
<associations>
<colAssociation fkAssociation="2A7B9868-AB25-A6D3-E996-A6A8EB835AF1" referredColumn="5DEC5F8C-3534-889A-B9EB-BA5D741D138F"/>
</associations>
</Column>
</columns>
<indexes itemClass="oracle.dbtools.crest.model.design.relational.Index">
<ind_PK_UK id="60FCDC45-5D96-4131-799D-4DEFF731EB6F" name="PK_MAQUINA">
<sourceConnName>S9</sourceConnName>
<sourceObjSchema>PRY2204_S9</sourceObjSchema>
<sourceObjName>PK_MAQUINA</sourceObjName>
<createdBy>matiaszuniga</createdBy>
<createdTime>2025-10-12 22:51:36 UTC</createdTime>
<ownerDesignName>EFT_S9_Matias_Zuñiga</ownerDesignName>
<pk>true</pk>
<indexState>Primary Constraint</indexState>
<isSurrogateKey>false</isSurrogateKey>
<indexColumnUsage>
<colUsage columnID="2913FF33-D982-D4F4-315F-54F4BDEA7D1B"/>
</indexColumnUsage>
</ind_PK_UK>
<ind_PK_UK id="65A009E4-AEB1-2D2B-0473-0E21B0C864C9" schemaObject="E72B568F-E40F-1988-CA52-96E5ED0AA2F3" name="PK_MAQUINA">
<sourceConnName>S9</sourceConnName>
<sourceObjSchema>PRY2204_S9</sourceObjSchema>
<sourceObjName>PK_MAQUINA</sourceObjName>
<createdBy>matiaszuniga</createdBy>
<createdTime>2025-10-12 22:51:35 UTC</createdTime>
<ownerDesignName>EFT_S9_Matias_Zuñiga</ownerDesignName>
<indexState>Unique Plain Index</indexState>
<isSurrogateKey>false</isSurrogateKey>
<indexColumnUsage>
<colUsage columnID="2913FF33-D982-D4F4-315F-54F4BDEA7D1B"/>
</indexColumnUsage>
</ind_PK_UK>
<ind_PK_UK id="08592A05-C941-4915-06E6-B3B753BEB7B0" name="FK_MAQUINA_PLANTA">
<createdBy>matiaszuniga</createdBy>
<createdTime>2025-10-12 22:51:37 UTC</createdTime>
<ownerDesignName>EFT_S9_Matias_Zuñiga</ownerDesignName>
<indexState>Foreign Key</indexState>
<isSurrogateKey>false</isSurrogateKey>
<indexColumnUsage>
<colUsage columnID="88B6FC9C-8D7C-1B11-8C37-4E35157064B0"/>
</indexColumnUsage>
</ind_PK_UK>
<ind_PK_UK id="E7E416A4-4758-BA25-597D-302B07A9A92E" name="FK_MAQUINA_TIPO">
<createdBy>matiaszuniga</createdBy>
<createdTime>2025-10-12 22:51:37 UTC</createdTime>
<ownerDesignName>EFT_S9_Matias_Zuñiga</ownerDesignName>
<indexState>Foreign Key</indexState>
<isSurrogateKey>false</isSurrogateKey>
<indexColumnUsage>
<colUsage columnID="62881822-4C18-E1F8-B70B-76ECA24BABBC"/>
</indexColumnUsage>
</ind_PK_UK>
</indexes>
</Table>