<?xml version = '1.0' encoding = 'UTF-8'?>
<Table class="oracle.dbtools.crest.model.design.relational.Table" directorySegmentName="seg_0" id="44887D6D-B405-F0F4-7259-6F818DDE34F8" schemaObject="E72B568F-E40F-1988-CA52-96E5ED0AA2F3" name="EMPLEADO">
<sourceConnName>S9</sourceConnName>
<sourceObjSchema>PRY2204_S9</sourceObjSchema>
<sourceObjName>EMPLEADO</sourceObjName>
<createdBy>matiaszuniga</createdBy>
<createdTime>2025-10-12 22:51:33 UTC</createdTime>
<ownerDesignName>EFT_S9_Matias_Zuñiga</ownerDesignName>
<allowColumnReorder>false</allowColumnReorder>
<existDependencyGenerateInDDl>true</existDependencyGenerateInDDl>
<parsed>true</parsed>
<columns itemClass="oracle.dbtools.crest.model.design.relational.Column">
<Column name="ID_EMPLEADO" id="BB6151FA-2121-1E5D-7636-5C5EF9CE8B08">
<sourceConnName>S9</sourceConnName>
<sourceObjSchema>EMPLEADO</sourceObjSchema>
<sourceObjName>ID_EMPLEADO</sourceObjName>
<createdBy>matiaszuniga</createdBy>
<createdTime>2025-10-12 22:51:33 UTC</createdTime>
<ownerDesignName>EFT_S9_Matias_Zuñiga</ownerDesignName>
<useDomainConstraints>false</useDomainConstraints>
<use>1</use>
<logicalDatatype>LOGDT019</logicalDatatype>
<ownDataTypeParameters>,,</ownDataTypeParameters>
<autoIncrementCycle>false</autoIncrementCycle>
</Column>
<Column name="RUT" id="C63750C8-3040-5C3B-F7AF-F9ADF39F618C">
<sourceConnName>S9</sourceConnName>
<sourceObjSchema>EMPLEADO</sourceObjSchema>
<sourceObjName>RUT</sourceObjName>
<createdBy>matiaszuniga</createdBy>
<createdTime>2025-10-12 22:51:33 UTC</createdTime>
<ownerDesignName>EFT_S9_Matias_Zuñiga</ownerDesignName>
<useDomainConstraints>false</useDomainConstraints>
<use>1</use>
<logicalDatatype>LOGDT024</logicalDatatype>
<dataTypeSize>12 BYTE</dataTypeSize>
<ownDataTypeParameters>12 BYTE,,</ownDataTypeParameters>
<autoIncrementCycle>false</autoIncrementCycle>
</Column>
<Column name="NOMBRES" id="91F9C9B6-19C2-E13E-FD58-1842D90B31EC">
<sourceConnName>S9</sourceConnName>
<sourceObjSchema>EMPLEADO</sourceObjSchema>
<sourceObjName>NOMBRES</sourceObjName>
<createdBy>matiaszuniga</createdBy>
<createdTime>2025-10-12 22:51:33 UTC</createdTime>
<ownerDesignName>EFT_S9_Matias_Zuñiga</ownerDesignName>
<useDomainConstraints>false</useDomainConstraints>
<use>1</use>
<logicalDatatype>LOGDT024</logicalDatatype>
<dataTypeSize>100 BYTE</dataTypeSize>
<ownDataTypeParameters>100 BYTE,,</ownDataTypeParameters>
<autoIncrementCycle>false</autoIncrementCycle>
</Column>
<Column name="APELLIDOS" id="3FEAB81C-3830-3ADE-D9AD-CB2100A2CFA1">
<sourceConnName>S9</sourceConnName>
<sourceObjSchema>EMPLEADO</sourceObjSchema>
<sourceObjName>APELLIDOS</sourceObjName>
<createdBy>matiaszuniga</createdBy>
<createdTime>2025-10-12 22:51:33 UTC</createdTime>
<ownerDesignName>EFT_S9_Matias_Zuñiga</ownerDesignName>
<useDomainConstraints>false</useDomainConstraints>
<use>1</use>
<logicalDatatype>LOGDT024</logicalDatatype>
<dataTypeSize>100 BYTE</dataTypeSize>
<ownDataTypeParameters>100 BYTE,,</ownDataTypeParameters>
<autoIncrementCycle>false</autoIncrementCycle>
</Column>
<Column name="FECHA_CONTRATO" id="B4330FDA-4B4E-1379-1EFC-3C9C92BF7E10">
<sourceConnName>S9</sourceConnName>
<sourceObjSchema>EMPLEADO</sourceObjSchema>
<sourceObjName>FECHA_CONTRATO</sourceObjName>
<createdBy>matiaszuniga</createdBy>
<createdTime>2025-10-12 22:51:33 UTC</createdTime>
<ownerDesignName>EFT_S9_Matias_Zuñiga</ownerDesignName>
<useDomainConstraints>false</useDomainConstraints>
<use>1</use>
<logicalDatatype>LOGDT007</logicalDatatype>
<dataTypeSize>7</dataTypeSize>
<ownDataTypeParameters>7,,</ownDataTypeParameters>
<autoIncrementCycle>false</autoIncrementCycle>
</Column>
<Column name="SUELDO_BASE" id="C46842C1-70AA-A5FF-16A1-E2A504E8F15C">
<sourceConnName>S9</sourceConnName>
<sourceObjSchema>EMPLEADO</sourceObjSchema>
<sourceObjName>SUELDO_BASE</sourceObjName>
<createdBy>matiaszuniga</createdBy>
<createdTime>2025-10-12 22:51:33 UTC</createdTime>
<ownerDesignName>EFT_S9_Matias_Zuñiga</ownerDesignName>
<useDomainConstraints>false</useDomainConstraints>
<use>1</use>
<logicalDatatype>LOGDT019</logicalDatatype>
<dataTypePrecision>10</dataTypePrecision>
<dataTypeScale>2</dataTypeScale>
<ownDataTypeParameters>,10,2</ownDataTypeParameters>
<autoIncrementCycle>false</autoIncrementCycle>
</Column>
<Column name="ACTIVO" id="E12D3841-92B0-1E9A-E334-4042D8710654">
<sourceConnName>S9</sourceConnName>
<sourceObjSchema>EMPLEADO</sourceObjSchema>
<sourceObjName>ACTIVO</sourceObjName>
<createdBy>matiaszuniga</createdBy>
<createdTime>2025-10-12 22:51:33 UTC</createdTime>
<ownerDesignName>EFT_S9_Matias_Zuñiga</ownerDesignName>
<constraintName>SYS_C0024564</constraintName>
<useDomainConstraints>false</useDomainConstraints>
<use>1</use>
<logicalDatatype>LOGDT025</logicalDatatype>
<dataTypeSize>1 BYTE</dataTypeSize>
<listOfValues>
<valueDef value="&apos;N&apos;" description=""/>
<valueDef value="&apos;S&apos;" description=""/>
</listOfValues>
<defaultValue>&apos;S&apos;</defaultValue>
<ownDataTypeParameters>1 BYTE,,</ownDataTypeParameters>
<autoIncrementCycle>false</autoIncrementCycle>
</Column>
<Column name="ID_PLANTA" id="21456B1A-A32C-7B8D-AAB4-8F10CC2624B2">
<sourceConnName>S9</sourceConnName>
<sourceObjSchema>EMPLEADO</sourceObjSchema>
<sourceObjName>ID_PLANTA</sourceObjName>
<createdBy>matiaszuniga</createdBy>
<createdTime>2025-10-12 22:51:33 UTC</createdTime>
<ownerDesignName>EFT_S9_Matias_Zuñiga</ownerDesignName>
<useDomainConstraints>false</useDomainConstraints>
<use>1</use>
<logicalDatatype>LOGDT019</logicalDatatype>
<ownDataTypeParameters>,,</ownDataTypeParameters>
<autoIncrementCycle>false</autoIncrementCycle>
<associations>
<colAssociation fkAssociation="B9B880D0-20BF-8644-CD99-AA68E7E57E11" referredColumn="6DE5E27A-67F5-A176-DF05-6D0A3AF91645"/>
</associations>
</Column>
<Column name="ID_AFP" id="95A2FF9F-FE10-0A94-B7BC-FF32418FBB71">
<sourceConnName>S9</sourceConnName>
<sourceObjSchema>EMPLEADO</sourceObjSchema>
<sourceObjName>ID_AFP</sourceObjName>
<createdBy>matiaszuniga</createdBy>
<createdTime>2025-10-12 22:51:33 UTC</createdTime>
<ownerDesignName>EFT_S9_Matias_Zuñiga</ownerDesignName>
<useDomainConstraints>false</useDomainConstraints>
<use>1</use>
<logicalDatatype>LOGDT019</logicalDatatype>
<ownDataTypeParameters>,,</ownDataTypeParameters>
<autoIncrementCycle>false</autoIncrementCycle>
<associations>
<colAssociation fkAssociation="6B8E6480-14CC-E0FB-8511-1742E2AA7641" referredColumn="36743109-7F23-BB78-92AD-4772E12FE965"/>
</associations>
</Column>
<Column name="ID_SALUD" id="AF6E8E85-2A27-A6BE-B259-D2382C867E60">
<sourceConnName>S9</sourceConnName>
<sourceObjSchema>EMPLEADO</sourceObjSchema>
<sourceObjName>ID_SALUD</sourceObjName>
<createdBy>matiaszuniga</createdBy>
<createdTime>2025-10-12 22:51:33 UTC</createdTime>
<ownerDesignName>EFT_S9_Matias_Zuñiga</ownerDesignName>
<useDomainConstraints>false</useDomainConstraints>
<use>1</use>
<logicalDatatype>LOGDT019</logicalDatatype>
<ownDataTypeParameters>,,</ownDataTypeParameters>
<autoIncrementCycle>false</autoIncrementCycle>
<associations>
<colAssociation fkAssociation="0C783F8D-18DC-F74A-2056-27A8CFDE5987" referredColumn="6C057133-8FBD-11E6-6ED3-C52DE64D4218"/>
</associations>
</Column>
<Column name="ID_JEFE" id="0494E915-E29F-B92F-6660-15C58AEE2EA3">
<sourceConnName>S9</sourceConnName>
<sourceObjSchema>EMPLEADO</sourceObjSchema>
<sourceObjName>ID_JEFE</sourceObjName>
<createdBy>matiaszuniga</createdBy>
<createdTime>2025-10-12 22:51:33 UTC</createdTime>
<ownerDesignName>EFT_S9_Matias_Zuñiga</ownerDesignName>
<nullsAllowed>true</nullsAllowed>
<useDomainConstraints>false</useDomainConstraints>
<use>1</use>
<logicalDatatype>LOGDT019</logicalDatatype>
<ownDataTypeParameters>,,</ownDataTypeParameters>
<autoIncrementCycle>false</autoIncrementCycle>
<associations>
<colAssociation fkAssociation="CAD73178-2701-E27F-6822-935B5EF1D56E" referredColumn="BB6151FA-2121-1E5D-7636-5C5EF9CE8B08"/>
</associations>
</Column>
<Column name="AREA_RESPONSABILIDAD" id="B4CE9835-7BA7-2751-7C86-0C4C278892A1">
<sourceConnName>S9</sourceConnName>
<sourceObjSchema>EMPLEADO</sourceObjSchema>
<sourceObjName>AREA_RESPONSABILIDAD</sourceObjName>
<createdBy>matiaszuniga</createdBy>
<createdTime>2025-10-12 22:51:33 UTC</createdTime>
<ownerDesignName>EFT_S9_Matias_Zuñiga</ownerDesignName>
<useDomainConstraints>false</useDomainConstraints>
<use>1</use>
<logicalDatatype>LOGDT024</logicalDatatype>
<dataTypeSize>100 BYTE</dataTypeSize>
<ownDataTypeParameters>100 BYTE,,</ownDataTypeParameters>
<autoIncrementCycle>false</autoIncrementCycle>
</Column>
<Column name="MAX_OPERARIOS" id="9BAD2CD7-C416-B401-0F18-422736205CFF">
<sourceConnName>S9</sourceConnName>
<sourceObjSchema>EMPLEADO</sourceObjSchema>
<sourceObjName>MAX_OPERARIOS</sourceObjName>
<createdBy>matiaszuniga</createdBy>
<createdTime>2025-10-12 22:51:33 UTC</createdTime>
<ownerDesignName>EFT_S9_Matias_Zuñiga</ownerDesignName>
<useDomainConstraints>false</useDomainConstraints>
<use>1</use>
<logicalDatatype>LOGDT019</logicalDatatype>
<ownDataTypeParameters>,,</ownDataTypeParameters>
<autoIncrementCycle>false</autoIncrementCycle>
</Column>
<Column name="CATEGORIA" id="963AB882-A74E-AC3A-836E-0EB09BA0D1AB">
<sourceConnName>S9</sourceConnName>
<sourceObjSchema>EMPLEADO</sourceObjSchema>
<sourceObjName>CATEGORIA</sourceObjName>
<createdBy>matiaszuniga</createdBy>
<createdTime>2025-10-12 22:51:33 UTC</createdTime>
<ownerDesignName>EFT_S9_Matias_Zuñiga</ownerDesignName>
<nullsAllowed>true</nullsAllowed>
<useDomainConstraints>false</useDomainConstraints>
<use>1</use>
<logicalDatatype>LOGDT024</logicalDatatype>
<dataTypeSize>50 BYTE</dataTypeSize>
<ownDataTypeParameters>50 BYTE,,</ownDataTypeParameters>
<autoIncrementCycle>false</autoIncrementCycle>
</Column>
<Column name="CERTIFICACION" id="A8128A6B-60F2-1A6A-FA38-815979AAFB35">
<sourceConnName>S9</sourceConnName>
<sourceObjSchema>EMPLEADO</sourceObjSchema>
<sourceObjName>CERTIFICACION</sourceObjName>
<createdBy>matiaszuniga</createdBy>
<createdTime>2025-10-12 22:51:33 UTC</createdTime>
<ownerDesignName>EFT_S9_Matias_Zuñiga</ownerDesignName>
<nullsAllowed>true</nullsAllowed>
<useDomainConstraints>false</useDomainConstraints>
<use>1</use>
<logicalDatatype>LOGDT024</logicalDatatype>
<dataTypeSize>100 BYTE</dataTypeSize>
<ownDataTypeParameters>100 BYTE,,</ownDataTypeParameters>
<autoIncrementCycle>false</autoIncrementCycle>
</Column>
<Column name="HORAS_TURNO" id="7F1D0AFF-4971-2352-C0E3-DA04140F14E1">
<sourceConnName>S9</sourceConnName>
<sourceObjSchema>EMPLEADO</sourceObjSchema>
<sourceObjName>HORAS_TURNO</sourceObjName>
<createdBy>matiaszuniga</createdBy>
<createdTime>2025-10-12 22:51:33 UTC</createdTime>
<ownerDesignName>EFT_S9_Matias_Zuñiga</ownerDesignName>
<nullsAllowed>true</nullsAllowed>
<useDomainConstraints>false</useDomainConstraints>
<use>1</use>
<logicalDatatype>LOGDT019</logicalDatatype>
<defaultValue>8</defaultValue>
<ownDataTypeParameters>,,</ownDataTypeParameters>
<autoIncrementCycle>false</autoIncrementCycle>
</Column>
<Column name="ESPECIALIDAD" id="7475838E-3F45-A726-3AEB-B029CB840247">
<sourceConnName>S9</sourceConnName>
<sourceObjSchema>EMPLEADO</sourceObjSchema>
<sourceObjName>ESPECIALIDAD</sourceObjName>
<createdBy>matiaszuniga</createdBy>
<createdTime>2025-10-12 22:51:33 UTC</createdTime>
<ownerDesignName>EFT_S9_Matias_Zuñiga</ownerDesignName>
<nullsAllowed>true</nullsAllowed>
<useDomainConstraints>false</useDomainConstraints>
<use>1</use>
<logicalDatatype>LOGDT024</logicalDatatype>
<dataTypeSize>50 BYTE</dataTypeSize>
<ownDataTypeParameters>50 BYTE,,</ownDataTypeParameters>
<autoIncrementCycle>false</autoIncrementCycle>
</Column>
<Column name="NIVEL_CERTIFICACION" id="72D3C6FF-16FB-7DDB-6FCB-2655344A1F89">
<sourceConnName>S9</sourceConnName>
<sourceObjSchema>EMPLEADO</sourceObjSchema>
<sourceObjName>NIVEL_CERTIFICACION</sourceObjName>
<createdBy>matiaszuniga</createdBy>
<createdTime>2025-10-12 22:51:33 UTC</createdTime>
<ownerDesignName>EFT_S9_Matias_Zuñiga</ownerDesignName>
<nullsAllowed>true</nullsAllowed>
<useDomainConstraints>false</useDomainConstraints>
<use>1</use>
<logicalDatatype>LOGDT024</logicalDatatype>
<dataTypeSize>50 BYTE</dataTypeSize>
<ownDataTypeParameters>50 BYTE,,</ownDataTypeParameters>
<autoIncrementCycle>false</autoIncrementCycle>
</Column>
<Column name="TIEMPO_RESPUESTA" id="33F0DD69-B81A-80C0-8578-309D13714B7C">
<sourceConnName>S9</sourceConnName>
<sourceObjSchema>EMPLEADO</sourceObjSchema>
<sourceObjName>TIEMPO_RESPUESTA</sourceObjName>
<createdBy>matiaszuniga</createdBy>
<createdTime>2025-10-12 22:51:33 UTC</createdTime>
<ownerDesignName>EFT_S9_Matias_Zuñiga</ownerDesignName>
<nullsAllowed>true</nullsAllowed>
<useDomainConstraints>false</useDomainConstraints>
<use>1</use>
<logicalDatatype>LOGDT019</logicalDatatype>
<ownDataTypeParameters>,,</ownDataTypeParameters>
<autoIncrementCycle>false</autoIncrementCycle>
</Column>
</columns>
<indexes itemClass="oracle.dbtools.crest.model.design.relational.Index">
<ind_PK_UK id="D80C6895-A02A-2B09-D360-00BA6D7C49DC" schemaObject="E72B568F-E40F-1988-CA52-96E5ED0AA2F3" name="EMPLEADO_PK">
<sourceConnName>S9</sourceConnName>
<sourceObjSchema>PRY2204_S9</sourceObjSchema>
<sourceObjName>SYS_C0024565</sourceObjName>
<createdBy>matiaszuniga</createdBy>
<createdTime>2025-10-12 22:51:35 UTC</createdTime>
<ownerDesignName>EFT_S9_Matias_Zuñiga</ownerDesignName>
<pk>true</pk>
<indexState>Primary Constraint</indexState>
<isSurrogateKey>false</isSurrogateKey>
<indexColumnUsage>
<colUsage columnID="BB6151FA-2121-1E5D-7636-5C5EF9CE8B08"/>
</indexColumnUsage>
</ind_PK_UK>
<ind_PK_UK id="D96BFD03-E71D-BAD6-5B5F-18D00726D8A0" name="FK_EMP_AFP">
<createdBy>matiaszuniga</createdBy>
<createdTime>2025-10-12 22:51:37 UTC</createdTime>
<ownerDesignName>EFT_S9_Matias_Zuñiga</ownerDesignName>
<indexState>Foreign Key</indexState>
<isSurrogateKey>false</isSurrogateKey>
<indexColumnUsage>
<colUsage columnID="95A2FF9F-FE10-0A94-B7BC-FF32418FBB71"/>
</indexColumnUsage>
</ind_PK_UK>
<ind_PK_UK id="8A18E65C-4976-1A7F-E9E6-8704B5E14C6B" name="FK_EMP_JEFE">
<createdBy>matiaszuniga</createdBy>
<createdTime>2025-10-12 22:51:37 UTC</createdTime>
<ownerDesignName>EFT_S9_Matias_Zuñiga</ownerDesignName>
<indexState>Foreign Key</indexState>
<isSurrogateKey>false</isSurrogateKey>
<indexColumnUsage>
<colUsage columnID="0494E915-E29F-B92F-6660-15C58AEE2EA3"/>
</indexColumnUsage>
</ind_PK_UK>
<ind_PK_UK id="D0BA6F26-9A7C-F4AA-DC45-38AA954B957A" name="FK_EMP_PLANTA">
<createdBy>matiaszuniga</createdBy>
<createdTime>2025-10-12 22:51:37 UTC</createdTime>
<ownerDesignName>EFT_S9_Matias_Zuñiga</ownerDesignName>
<indexState>Foreign Key</indexState>
<isSurrogateKey>false</isSurrogateKey>
<indexColumnUsage>
<colUsage columnID="21456B1A-A32C-7B8D-AAB4-8F10CC2624B2"/>
</indexColumnUsage>
</ind_PK_UK>
<ind_PK_UK id="8BDFA3A6-5BFE-38EA-CC41-67066516A529" name="FK_EMP_SALUD">
<createdBy>matiaszuniga</createdBy>
<createdTime>2025-10-12 22:51:37 UTC</createdTime>
<ownerDesignName>EFT_S9_Matias_Zuñiga</ownerDesignName>
<indexState>Foreign Key</indexState>
<isSurrogateKey>false</isSurrogateKey>
<indexColumnUsage>
<colUsage columnID="AF6E8E85-2A27-A6BE-B259-D2382C867E60"/>
</indexColumnUsage>
</ind_PK_UK>
</indexes>
</Table>