<?xml version = '1.0' encoding = 'UTF-8'?>
<Table class="oracle.dbtools.crest.model.design.relational.Table" directorySegmentName="seg_0" id="4AAC0A71-B307-23D4-D6D9-628FF8322BC6" schemaObject="E72B568F-E40F-1988-CA52-96E5ED0AA2F3" name="ORDEN_MANTENCION">
<sourceConnName>S9</sourceConnName>
<sourceObjSchema>PRY2204_S9</sourceObjSchema>
<sourceObjName>ORDEN_MANTENCION</sourceObjName>
<createdBy>matiaszuniga</createdBy>
<createdTime>2025-10-12 22:51:33 UTC</createdTime>
<ownerDesignName>EFT_S9_Matias_Zuñiga</ownerDesignName>
<allowColumnReorder>false</allowColumnReorder>
<existDependencyGenerateInDDl>true</existDependencyGenerateInDDl>
<parsed>true</parsed>
<columns itemClass="oracle.dbtools.crest.model.design.relational.Column">
<Column name="ID_ORDEN" id="34283190-3E47-84E4-16EC-B9BDAEAE9FE8">
<sourceConnName>S9</sourceConnName>
<sourceObjSchema>ORDEN_MANTENCION</sourceObjSchema>
<sourceObjName>ID_ORDEN</sourceObjName>
<createdBy>matiaszuniga</createdBy>
<createdTime>2025-10-12 22:51:33 UTC</createdTime>
<ownerDesignName>EFT_S9_Matias_Zuñiga</ownerDesignName>
<useDomainConstraints>false</useDomainConstraints>
<use>1</use>
<logicalDatatype>LOGDT019</logicalDatatype>
<ownDataTypeParameters>,,</ownDataTypeParameters>
<autoIncrementCycle>false</autoIncrementCycle>
</Column>
<Column name="ID_MAQUINA" id="CAFD29ED-D8C0-72F3-550B-52F0A2614E85">
<sourceConnName>S9</sourceConnName>
<sourceObjSchema>ORDEN_MANTENCION</sourceObjSchema>
<sourceObjName>ID_MAQUINA</sourceObjName>
<createdBy>matiaszuniga</createdBy>
<createdTime>2025-10-12 22:51:33 UTC</createdTime>
<ownerDesignName>EFT_S9_Matias_Zuñiga</ownerDesignName>
<useDomainConstraints>false</useDomainConstraints>
<use>1</use>
<logicalDatatype>LOGDT019</logicalDatatype>
<ownDataTypeParameters>,,</ownDataTypeParameters>
<autoIncrementCycle>false</autoIncrementCycle>
<associations>
<colAssociation fkAssociation="1098DAA2-9727-3CDD-9604-E30CE44AB0D9" referredColumn="2913FF33-D982-D4F4-315F-54F4BDEA7D1B"/>
</associations>
</Column>
<Column name="ID_TECNICO" id="BC9BB922-C05A-E941-9D6C-899D47CDE8F0">
<sourceConnName>S9</sourceConnName>
<sourceObjSchema>ORDEN_MANTENCION</sourceObjSchema>
<sourceObjName>ID_TECNICO</sourceObjName>
<createdBy>matiaszuniga</createdBy>
<createdTime>2025-10-12 22:51:33 UTC</createdTime>
<ownerDesignName>EFT_S9_Matias_Zuñiga</ownerDesignName>
<useDomainConstraints>false</useDomainConstraints>
<use>1</use>
<logicalDatatype>LOGDT019</logicalDatatype>
<ownDataTypeParameters>,,</ownDataTypeParameters>
<autoIncrementCycle>false</autoIncrementCycle>
<associations>
<colAssociation fkAssociation="53DE1A02-A73E-22BA-5472-7C8D7B0F2922" referredColumn="BB6151FA-2121-1E5D-7636-5C5EF9CE8B08"/>
</associations>
</Column>
<Column name="FECHA_PROGRAMADA" id="1765AE77-090A-DF98-FCDD-64041B7DD878">
<sourceConnName>S9</sourceConnName>
<sourceObjSchema>ORDEN_MANTENCION</sourceObjSchema>
<sourceObjName>FECHA_PROGRAMADA</sourceObjName>
<createdBy>matiaszuniga</createdBy>
<createdTime>2025-10-12 22:51:33 UTC</createdTime>
<ownerDesignName>EFT_S9_Matias_Zuñiga</ownerDesignName>
<useDomainConstraints>false</useDomainConstraints>
<use>1</use>
<logicalDatatype>LOGDT007</logicalDatatype>
<dataTypeSize>7</dataTypeSize>
<ownDataTypeParameters>7,,</ownDataTypeParameters>
<autoIncrementCycle>false</autoIncrementCycle>
</Column>
<Column name="FECHA_EJECUCION" id="AAB19474-CA3A-26CD-CB02-076823CE10F8">
<sourceConnName>S9</sourceConnName>
<sourceObjSchema>ORDEN_MANTENCION</sourceObjSchema>
<sourceObjName>FECHA_EJECUCION</sourceObjName>
<createdBy>matiaszuniga</createdBy>
<createdTime>2025-10-12 22:51:33 UTC</createdTime>
<ownerDesignName>EFT_S9_Matias_Zuñiga</ownerDesignName>
<useDomainConstraints>false</useDomainConstraints>
<use>1</use>
<logicalDatatype>LOGDT007</logicalDatatype>
<dataTypeSize>7</dataTypeSize>
<ownDataTypeParameters>7,,</ownDataTypeParameters>
<autoIncrementCycle>false</autoIncrementCycle>
</Column>
<Column name="DESCRIPCION" id="7F97BF1C-2E70-7489-D6B2-D77A75D6AEA0">
<sourceConnName>S9</sourceConnName>
<sourceObjSchema>ORDEN_MANTENCION</sourceObjSchema>
<sourceObjName>DESCRIPCION</sourceObjName>
<createdBy>matiaszuniga</createdBy>
<createdTime>2025-10-12 22:51:33 UTC</createdTime>
<ownerDesignName>EFT_S9_Matias_Zuñiga</ownerDesignName>
<nullsAllowed>true</nullsAllowed>
<useDomainConstraints>false</useDomainConstraints>
<use>1</use>
<logicalDatatype>LOGDT024</logicalDatatype>
<dataTypeSize>200 BYTE</dataTypeSize>
<ownDataTypeParameters>200 BYTE,,</ownDataTypeParameters>
<autoIncrementCycle>false</autoIncrementCycle>
</Column>
</columns>
<indexes itemClass="oracle.dbtools.crest.model.design.relational.Index">
<ind_PK_UK id="2E1D98CA-0A13-C775-E256-917EFD597508" schemaObject="E72B568F-E40F-1988-CA52-96E5ED0AA2F3" name="ORDEN_MANTENCION_PK">
<sourceConnName>S9</sourceConnName>
<sourceObjSchema>PRY2204_S9</sourceObjSchema>
<sourceObjName>SYS_C0024575</sourceObjName>
<createdBy>matiaszuniga</createdBy>
<createdTime>2025-10-12 22:51:35 UTC</createdTime>
<ownerDesignName>EFT_S9_Matias_Zuñiga</ownerDesignName>
<pk>true</pk>
<indexState>Primary Constraint</indexState>
<isSurrogateKey>false</isSurrogateKey>
<indexColumnUsage>
<colUsage columnID="34283190-3E47-84E4-16EC-B9BDAEAE9FE8"/>
</indexColumnUsage>
</ind_PK_UK>
<ind_PK_UK id="58CE481F-F00E-4998-6AFF-2049AB712BCD" name="FK_ORD_MAQ">
<createdBy>matiaszuniga</createdBy>
<createdTime>2025-10-12 22:51:37 UTC</createdTime>
<ownerDesignName>EFT_S9_Matias_Zuñiga</ownerDesignName>
<indexState>Foreign Key</indexState>
<isSurrogateKey>false</isSurrogateKey>
<indexColumnUsage>
<colUsage columnID="CAFD29ED-D8C0-72F3-550B-52F0A2614E85"/>
</indexColumnUsage>
</ind_PK_UK>
<ind_PK_UK id="ED2BC583-ADD9-DEA5-824A-C497FAAD76F5" name="FK_ORD_TEC">
<createdBy>matiaszuniga</createdBy>
<createdTime>2025-10-12 22:51:37 UTC</createdTime>
<ownerDesignName>EFT_S9_Matias_Zuñiga</ownerDesignName>
<indexState>Foreign Key</indexState>
<isSurrogateKey>false</isSurrogateKey>
<indexColumnUsage>
<colUsage columnID="BC9BB922-C05A-E941-9D6C-899D47CDE8F0"/>
</indexColumnUsage>
</ind_PK_UK>
</indexes>
<tableCheckConstraints itemClass="oracle.dbtools.crest.model.design.constraint.TableLevelConstraint">
<tableCheckConstraint name="CK_FECHAS" directorySegmentName="seg_0" id="E93FFA48-36FA-0301-1113-70B1EE9D8B80">
<sourceConnName>S9</sourceConnName>
<sourceObjSchema>PRY2204_S9</sourceObjSchema>
<sourceObjName>CK_FECHAS</sourceObjName>
<createdBy>matiaszuniga</createdBy>
<createdTime>2025-10-12 22:51:36 UTC</createdTime>
<ownerDesignName>EFT_S9_Matias_Zuñiga</ownerDesignName>
<rule><![CDATA[fecha_ejecucion >= fecha_programada]]></rule>
</tableCheckConstraint>
</tableCheckConstraints>
</Table>