<?xml version = '1.0' encoding = 'UTF-8'?>
<Table class="oracle.dbtools.crest.model.design.relational.Table" directorySegmentName="seg_0" id="8E00A9DE-E44E-3DD8-CE96-BF85022058BC" schemaObject="E72B568F-E40F-1988-CA52-96E5ED0AA2F3" name="ASIGNACION_TURNO">
<sourceConnName>S9</sourceConnName>
<sourceObjSchema>PRY2204_S9</sourceObjSchema>
<sourceObjName>ASIGNACION_TURNO</sourceObjName>
<createdBy>matiaszuniga</createdBy>
<createdTime>2025-10-12 22:51:33 UTC</createdTime>
<ownerDesignName>EFT_S9_Matias_Zuñiga</ownerDesignName>
<allowColumnReorder>false</allowColumnReorder>
<existDependencyGenerateInDDl>true</existDependencyGenerateInDDl>
<parsed>true</parsed>
<columns itemClass="oracle.dbtools.crest.model.design.relational.Column">
<Column name="ID_ASIGNACION" id="E487B956-E9D5-52AA-5BD2-119524CDF171">
<sourceConnName>S9</sourceConnName>
<sourceObjSchema>ASIGNACION_TURNO</sourceObjSchema>
<sourceObjName>ID_ASIGNACION</sourceObjName>
<createdBy>matiaszuniga</createdBy>
<createdTime>2025-10-12 22:51:33 UTC</createdTime>
<ownerDesignName>EFT_S9_Matias_Zuñiga</ownerDesignName>
<useDomainConstraints>false</useDomainConstraints>
<use>1</use>
<logicalDatatype>LOGDT019</logicalDatatype>
<ownDataTypeParameters>,,</ownDataTypeParameters>
<autoIncrementCycle>false</autoIncrementCycle>
</Column>
<Column name="ID_EMPLEADO" id="409132C4-E187-BF02-AF54-A656DDBFAE76">
<sourceConnName>S9</sourceConnName>
<sourceObjSchema>ASIGNACION_TURNO</sourceObjSchema>
<sourceObjName>ID_EMPLEADO</sourceObjName>
<createdBy>matiaszuniga</createdBy>
<createdTime>2025-10-12 22:51:33 UTC</createdTime>
<ownerDesignName>EFT_S9_Matias_Zuñiga</ownerDesignName>
<useDomainConstraints>false</useDomainConstraints>
<use>1</use>
<logicalDatatype>LOGDT019</logicalDatatype>
<ownDataTypeParameters>,,</ownDataTypeParameters>
<autoIncrementCycle>false</autoIncrementCycle>
<associations>
<colAssociation fkAssociation="FA9411C8-36AC-9FB2-6A6A-EDA5ED243B8C" referredColumn="BB6151FA-2121-1E5D-7636-5C5EF9CE8B08"/>
</associations>
</Column>
<Column name="ID_TURNO" id="43E54D7D-758A-7BDE-6CBC-9FB23B8C3C64">
<sourceConnName>S9</sourceConnName>
<sourceObjSchema>ASIGNACION_TURNO</sourceObjSchema>
<sourceObjName>ID_TURNO</sourceObjName>
<createdBy>matiaszuniga</createdBy>
<createdTime>2025-10-12 22:51:33 UTC</createdTime>
<ownerDesignName>EFT_S9_Matias_Zuñiga</ownerDesignName>
<useDomainConstraints>false</useDomainConstraints>
<use>1</use>
<logicalDatatype>LOGDT019</logicalDatatype>
<ownDataTypeParameters>,,</ownDataTypeParameters>
<autoIncrementCycle>false</autoIncrementCycle>
<associations>
<colAssociation fkAssociation="D3C0858C-13DE-B599-7493-7250EA11ECBC" referredColumn="7FE00438-6331-5B34-9A43-0D150BFFDBFA"/>
</associations>
</Column>
<Column name="ID_MAQUINA" id="C59B75AC-D9EC-3BC8-2DD1-2C399A398668">
<sourceConnName>S9</sourceConnName>
<sourceObjSchema>ASIGNACION_TURNO</sourceObjSchema>
<sourceObjName>ID_MAQUINA</sourceObjName>
<createdBy>matiaszuniga</createdBy>
<createdTime>2025-10-12 22:51:33 UTC</createdTime>
<ownerDesignName>EFT_S9_Matias_Zuñiga</ownerDesignName>
<useDomainConstraints>false</useDomainConstraints>
<use>1</use>
<logicalDatatype>LOGDT019</logicalDatatype>
<ownDataTypeParameters>,,</ownDataTypeParameters>
<autoIncrementCycle>false</autoIncrementCycle>
<associations>
<colAssociation fkAssociation="25413F9D-2CD6-1D98-32CD-14DDF6045F3C" referredColumn="2913FF33-D982-D4F4-315F-54F4BDEA7D1B"/>
</associations>
</Column>
<Column name="FECHA" id="C79A288B-BE0B-A92E-A358-A23ED97B0D28">
<sourceConnName>S9</sourceConnName>
<sourceObjSchema>ASIGNACION_TURNO</sourceObjSchema>
<sourceObjName>FECHA</sourceObjName>
<createdBy>matiaszuniga</createdBy>
<createdTime>2025-10-12 22:51:33 UTC</createdTime>
<ownerDesignName>EFT_S9_Matias_Zuñiga</ownerDesignName>
<useDomainConstraints>false</useDomainConstraints>
<use>1</use>
<logicalDatatype>LOGDT007</logicalDatatype>
<dataTypeSize>7</dataTypeSize>
<ownDataTypeParameters>7,,</ownDataTypeParameters>
<autoIncrementCycle>false</autoIncrementCycle>
</Column>
<Column name="ROL_TURNO" id="2A21CC95-0602-675E-1CC1-D0BBACE4C6E1">
<sourceConnName>S9</sourceConnName>
<sourceObjSchema>ASIGNACION_TURNO</sourceObjSchema>
<sourceObjName>ROL_TURNO</sourceObjName>
<createdBy>matiaszuniga</createdBy>
<createdTime>2025-10-12 22:51:33 UTC</createdTime>
<ownerDesignName>EFT_S9_Matias_Zuñiga</ownerDesignName>
<useDomainConstraints>false</useDomainConstraints>
<use>1</use>
<logicalDatatype>LOGDT024</logicalDatatype>
<dataTypeSize>50 BYTE</dataTypeSize>
<ownDataTypeParameters>50 BYTE,,</ownDataTypeParameters>
<autoIncrementCycle>false</autoIncrementCycle>
</Column>
</columns>
<indexes itemClass="oracle.dbtools.crest.model.design.relational.Index">
<ind_PK_UK id="08242D20-B7F9-D60B-B6BE-E2F64004C295" schemaObject="E72B568F-E40F-1988-CA52-96E5ED0AA2F3" name="ASIGNACION_TURNO_PK">
<sourceConnName>S9</sourceConnName>
<sourceObjSchema>PRY2204_S9</sourceObjSchema>
<sourceObjName>SYS_C0024583</sourceObjName>
<createdBy>matiaszuniga</createdBy>
<createdTime>2025-10-12 22:51:35 UTC</createdTime>
<ownerDesignName>EFT_S9_Matias_Zuñiga</ownerDesignName>
<pk>true</pk>
<indexState>Primary Constraint</indexState>
<isSurrogateKey>false</isSurrogateKey>
<indexColumnUsage>
<colUsage columnID="E487B956-E9D5-52AA-5BD2-119524CDF171"/>
</indexColumnUsage>
</ind_PK_UK>
<ind_PK_UK id="372D5CF7-B92A-90B1-7541-63CA88EB5E44" name="UNQ_ASIG_EMP_FECHA">
<sourceConnName>S9</sourceConnName>
<sourceObjSchema>PRY2204_S9</sourceObjSchema>
<sourceObjName>UNQ_ASIG_EMP_FECHA</sourceObjName>
<createdBy>matiaszuniga</createdBy>
<createdTime>2025-10-12 22:51:36 UTC</createdTime>
<ownerDesignName>EFT_S9_Matias_Zuñiga</ownerDesignName>
<indexState>Unique Constraint</indexState>
<isSurrogateKey>false</isSurrogateKey>
<indexColumnUsage>
<colUsage columnID="409132C4-E187-BF02-AF54-A656DDBFAE76"/>
<colUsage columnID="C79A288B-BE0B-A92E-A358-A23ED97B0D28"/>
</indexColumnUsage>
</ind_PK_UK>
<ind_PK_UK id="16CBAC1C-DE1F-9648-AC99-789860FB3D57" schemaObject="E72B568F-E40F-1988-CA52-96E5ED0AA2F3" name="UNQ_ASIG_EMP_FECHA">
<sourceConnName>S9</sourceConnName>
<sourceObjSchema>PRY2204_S9</sourceObjSchema>
<sourceObjName>UNQ_ASIG_EMP_FECHA</sourceObjName>
<createdBy>matiaszuniga</createdBy>
<createdTime>2025-10-12 22:51:35 UTC</createdTime>
<ownerDesignName>EFT_S9_Matias_Zuñiga</ownerDesignName>
<indexState>Unique Plain Index</indexState>
<isSurrogateKey>false</isSurrogateKey>
<indexColumnUsage>
<colUsage columnID="409132C4-E187-BF02-AF54-A656DDBFAE76"/>
<colUsage columnID="C79A288B-BE0B-A92E-A358-A23ED97B0D28"/>
</indexColumnUsage>
</ind_PK_UK>
<ind_PK_UK id="F00DE80E-8781-241C-45FA-9013181C8CF1" name="FK_ASIG_EMP">
<createdBy>matiaszuniga</createdBy>
<createdTime>2025-10-12 22:51:37 UTC</createdTime>
<ownerDesignName>EFT_S9_Matias_Zuñiga</ownerDesignName>
<indexState>Foreign Key</indexState>
<isSurrogateKey>false</isSurrogateKey>
<indexColumnUsage>
<colUsage columnID="409132C4-E187-BF02-AF54-A656DDBFAE76"/>
</indexColumnUsage>
</ind_PK_UK>
<ind_PK_UK id="E1C19BE4-828D-CC58-14AB-235CAE3BEB4A" name="FK_ASIG_MAQ">
<createdBy>matiaszuniga</createdBy>
<createdTime>2025-10-12 22:51:37 UTC</createdTime>
<ownerDesignName>EFT_S9_Matias_Zuñiga</ownerDesignName>
<indexState>Foreign Key</indexState>
<isSurrogateKey>false</isSurrogateKey>
<indexColumnUsage>
<colUsage columnID="C59B75AC-D9EC-3BC8-2DD1-2C399A398668"/>
</indexColumnUsage>
</ind_PK_UK>
<ind_PK_UK id="063A6D84-BA08-44D8-6B19-7FF3D568A383" name="FK_ASIG_TURNO">
<createdBy>matiaszuniga</createdBy>
<createdTime>2025-10-12 22:51:37 UTC</createdTime>
<ownerDesignName>EFT_S9_Matias_Zuñiga</ownerDesignName>
<indexState>Foreign Key</indexState>
<isSurrogateKey>false</isSurrogateKey>
<indexColumnUsage>
<colUsage columnID="43E54D7D-758A-7BDE-6CBC-9FB23B8C3C64"/>
</indexColumnUsage>
</ind_PK_UK>
</indexes>
</Table>