<?xml version = '1.0' encoding = 'UTF-8'?>
<Table class="oracle.dbtools.crest.model.design.relational.Table" directorySegmentName="seg_0" id="9E3F6850-9177-9F06-4E59-23AF48D3E48E" schemaObject="E72B568F-E40F-1988-CA52-96E5ED0AA2F3" name="AFP">
<sourceConnName>S9</sourceConnName>
<sourceObjSchema>PRY2204_S9</sourceObjSchema>
<sourceObjName>AFP</sourceObjName>
<createdBy>matiaszuniga</createdBy>
<createdTime>2025-10-12 22:51:33 UTC</createdTime>
<ownerDesignName>EFT_S9_Matias_Zuñiga</ownerDesignName>
<allowColumnReorder>false</allowColumnReorder>
<existDependencyGenerateInDDl>true</existDependencyGenerateInDDl>
<parsed>true</parsed>
<columns itemClass="oracle.dbtools.crest.model.design.relational.Column">
<Column name="ID_AFP" id="36743109-7F23-BB78-92AD-4772E12FE965">
<sourceConnName>S9</sourceConnName>
<sourceObjSchema>AFP</sourceObjSchema>
<sourceObjName>ID_AFP</sourceObjName>
<createdBy>matiaszuniga</createdBy>
<createdTime>2025-10-12 22:51:33 UTC</createdTime>
<ownerDesignName>EFT_S9_Matias_Zuñiga</ownerDesignName>
<useDomainConstraints>false</useDomainConstraints>
<use>1</use>
<logicalDatatype>LOGDT019</logicalDatatype>
<ownDataTypeParameters>,,</ownDataTypeParameters>
<autoIncrementCycle>false</autoIncrementCycle>
</Column>
<Column name="NOMBRE" id="588F8F14-1983-E5E2-292B-4756A73D1D77">
<sourceConnName>S9</sourceConnName>
<sourceObjSchema>AFP</sourceObjSchema>
<sourceObjName>NOMBRE</sourceObjName>
<createdBy>matiaszuniga</createdBy>
<createdTime>2025-10-12 22:51:33 UTC</createdTime>
<ownerDesignName>EFT_S9_Matias_Zuñiga</ownerDesignName>
<useDomainConstraints>false</useDomainConstraints>
<use>1</use>
<logicalDatatype>LOGDT024</logicalDatatype>
<dataTypeSize>50 BYTE</dataTypeSize>
<ownDataTypeParameters>50 BYTE,,</ownDataTypeParameters>
<autoIncrementCycle>false</autoIncrementCycle>
</Column>
</columns>
<indexes itemClass="oracle.dbtools.crest.model.design.relational.Index">
<ind_PK_UK id="999A139F-9065-E459-158F-F5E0338088BA" schemaObject="E72B568F-E40F-1988-CA52-96E5ED0AA2F3" name="AFP_PK">
<sourceConnName>S9</sourceConnName>
<sourceObjSchema>PRY2204_S9</sourceObjSchema>
<sourceObjName>SYS_C0024531</sourceObjName>
<createdBy>matiaszuniga</createdBy>
<createdTime>2025-10-12 22:51:35 UTC</createdTime>
<ownerDesignName>EFT_S9_Matias_Zuñiga</ownerDesignName>
<pk>true</pk>
<indexState>Primary Constraint</indexState>
<isSurrogateKey>false</isSurrogateKey>
<indexColumnUsage>
<colUsage columnID="36743109-7F23-BB78-92AD-4772E12FE965"/>
</indexColumnUsage>
</ind_PK_UK>
<ind_PK_UK id="1C47D23F-DD23-FED4-1F49-0D81B2964FD9" schemaObject="E72B568F-E40F-1988-CA52-96E5ED0AA2F3" name="AFP_NOMBRE_UN">
<sourceConnName>S9</sourceConnName>
<sourceObjSchema>PRY2204_S9</sourceObjSchema>
<sourceObjName>SYS_C0024532</sourceObjName>
<createdBy>matiaszuniga</createdBy>
<createdTime>2025-10-12 22:51:35 UTC</createdTime>
<ownerDesignName>EFT_S9_Matias_Zuñiga</ownerDesignName>
<indexState>Unique Constraint</indexState>
<isSurrogateKey>false</isSurrogateKey>
<indexColumnUsage>
<colUsage columnID="588F8F14-1983-E5E2-292B-4756A73D1D77"/>
</indexColumnUsage>
</ind_PK_UK>
</indexes>
</Table>