<?xml version = '1.0' encoding = 'UTF-8'?>
<Table class="oracle.dbtools.crest.model.design.relational.Table" directorySegmentName="seg_0" id="A738403B-E608-FD2C-A710-1DB80EFE41DA" schemaObject="E72B568F-E40F-1988-CA52-96E5ED0AA2F3" name="TIPO_MAQUINA">
<sourceConnName>S9</sourceConnName>
<sourceObjSchema>PRY2204_S9</sourceObjSchema>
<sourceObjName>TIPO_MAQUINA</sourceObjName>
<createdBy>matiaszuniga</createdBy>
<createdTime>2025-10-12 22:51:33 UTC</createdTime>
<ownerDesignName>EFT_S9_Matias_Zuñiga</ownerDesignName>
<allowColumnReorder>false</allowColumnReorder>
<existDependencyGenerateInDDl>true</existDependencyGenerateInDDl>
<parsed>true</parsed>
<columns itemClass="oracle.dbtools.crest.model.design.relational.Column">
<Column name="ID_TIPO" id="5DEC5F8C-3534-889A-B9EB-BA5D741D138F">
<sourceConnName>S9</sourceConnName>
<sourceObjSchema>TIPO_MAQUINA</sourceObjSchema>
<sourceObjName>ID_TIPO</sourceObjName>
<createdBy>matiaszuniga</createdBy>
<createdTime>2025-10-12 22:51:33 UTC</createdTime>
<ownerDesignName>EFT_S9_Matias_Zuñiga</ownerDesignName>
<useDomainConstraints>false</useDomainConstraints>
<use>1</use>
<logicalDatatype>LOGDT019</logicalDatatype>
<ownDataTypeParameters>,,</ownDataTypeParameters>
<autoIncrementCycle>false</autoIncrementCycle>
</Column>
<Column name="NOMBRE" id="3F35E9BA-15BD-FCE6-E885-781BD3161804">
<sourceConnName>S9</sourceConnName>
<sourceObjSchema>TIPO_MAQUINA</sourceObjSchema>
<sourceObjName>NOMBRE</sourceObjName>
<createdBy>matiaszuniga</createdBy>
<createdTime>2025-10-12 22:51:33 UTC</createdTime>
<ownerDesignName>EFT_S9_Matias_Zuñiga</ownerDesignName>
<useDomainConstraints>false</useDomainConstraints>
<use>1</use>
<logicalDatatype>LOGDT024</logicalDatatype>
<dataTypeSize>50 BYTE</dataTypeSize>
<ownDataTypeParameters>50 BYTE,,</ownDataTypeParameters>
<autoIncrementCycle>false</autoIncrementCycle>
</Column>
</columns>
<indexes itemClass="oracle.dbtools.crest.model.design.relational.Index">
<ind_PK_UK id="CBFD56BA-BD5A-FEBC-8329-FD3903CA69CE" schemaObject="E72B568F-E40F-1988-CA52-96E5ED0AA2F3" name="TIPO_MAQUINA_PK">
<sourceConnName>S9</sourceConnName>
<sourceObjSchema>PRY2204_S9</sourceObjSchema>
<sourceObjName>SYS_C0024537</sourceObjName>
<createdBy>matiaszuniga</createdBy>
<createdTime>2025-10-12 22:51:35 UTC</createdTime>
<ownerDesignName>EFT_S9_Matias_Zuñiga</ownerDesignName>
<pk>true</pk>
<indexState>Primary Constraint</indexState>
<isSurrogateKey>false</isSurrogateKey>
<indexColumnUsage>
<colUsage columnID="5DEC5F8C-3534-889A-B9EB-BA5D741D138F"/>
</indexColumnUsage>
</ind_PK_UK>
<ind_PK_UK id="602CCF9A-DE99-7C3B-13CF-1E40907A3004" schemaObject="E72B568F-E40F-1988-CA52-96E5ED0AA2F3" name="TIPO_MAQUINA_NOMBRE_UN">
<sourceConnName>S9</sourceConnName>
<sourceObjSchema>PRY2204_S9</sourceObjSchema>
<sourceObjName>SYS_C0024538</sourceObjName>
<createdBy>matiaszuniga</createdBy>
<createdTime>2025-10-12 22:51:35 UTC</createdTime>
<ownerDesignName>EFT_S9_Matias_Zuñiga</ownerDesignName>
<indexState>Unique Constraint</indexState>
<isSurrogateKey>false</isSurrogateKey>
<indexColumnUsage>
<colUsage columnID="3F35E9BA-15BD-FCE6-E885-781BD3161804"/>
</indexColumnUsage>
</ind_PK_UK>
</indexes>
</Table>