<?xml version = '1.0' encoding = 'UTF-8'?>
<Table class="oracle.dbtools.crest.model.design.relational.Table" directorySegmentName="seg_0" id="AA9E97C0-567D-A822-4D8F-BF3ADCDEFFCB" schemaObject="E72B568F-E40F-1988-CA52-96E5ED0AA2F3" name="SISTEMA_SALUD">
<sourceConnName>S9</sourceConnName>
<sourceObjSchema>PRY2204_S9</sourceObjSchema>
<sourceObjName>SISTEMA_SALUD</sourceObjName>
<createdBy>matiaszuniga</createdBy>
<createdTime>2025-10-12 22:51:33 UTC</createdTime>
<ownerDesignName>EFT_S9_Matias_Zuñiga</ownerDesignName>
<allowColumnReorder>false</allowColumnReorder>
<existDependencyGenerateInDDl>true</existDependencyGenerateInDDl>
<parsed>true</parsed>
<columns itemClass="oracle.dbtools.crest.model.design.relational.Column">
<Column name="ID_SALUD" id="6C057133-8FBD-11E6-6ED3-C52DE64D4218">
<sourceConnName>S9</sourceConnName>
<sourceObjSchema>SISTEMA_SALUD</sourceObjSchema>
<sourceObjName>ID_SALUD</sourceObjName>
<createdBy>matiaszuniga</createdBy>
<createdTime>2025-10-12 22:51:33 UTC</createdTime>
<ownerDesignName>EFT_S9_Matias_Zuñiga</ownerDesignName>
<useDomainConstraints>false</useDomainConstraints>
<use>1</use>
<logicalDatatype>LOGDT019</logicalDatatype>
<ownDataTypeParameters>,,</ownDataTypeParameters>
<autoIncrementCycle>false</autoIncrementCycle>
</Column>
<Column name="NOMBRE" id="70519C29-7FB5-472A-57FF-AE66B4CA3C98">
<sourceConnName>S9</sourceConnName>
<sourceObjSchema>SISTEMA_SALUD</sourceObjSchema>
<sourceObjName>NOMBRE</sourceObjName>
<createdBy>matiaszuniga</createdBy>
<createdTime>2025-10-12 22:51:33 UTC</createdTime>
<ownerDesignName>EFT_S9_Matias_Zuñiga</ownerDesignName>
<useDomainConstraints>false</useDomainConstraints>
<use>1</use>
<logicalDatatype>LOGDT024</logicalDatatype>
<dataTypeSize>50 BYTE</dataTypeSize>
<ownDataTypeParameters>50 BYTE,,</ownDataTypeParameters>
<autoIncrementCycle>false</autoIncrementCycle>
</Column>
</columns>
<indexes itemClass="oracle.dbtools.crest.model.design.relational.Index">
<ind_PK_UK id="CE1CB28B-4E30-848C-10A8-750292D93FC5" schemaObject="E72B568F-E40F-1988-CA52-96E5ED0AA2F3" name="SISTEMA_SALUD_PK">
<sourceConnName>S9</sourceConnName>
<sourceObjSchema>PRY2204_S9</sourceObjSchema>
<sourceObjName>SYS_C0024534</sourceObjName>
<createdBy>matiaszuniga</createdBy>
<createdTime>2025-10-12 22:51:35 UTC</createdTime>
<ownerDesignName>EFT_S9_Matias_Zuñiga</ownerDesignName>
<pk>true</pk>
<indexState>Primary Constraint</indexState>
<isSurrogateKey>false</isSurrogateKey>
<indexColumnUsage>
<colUsage columnID="6C057133-8FBD-11E6-6ED3-C52DE64D4218"/>
</indexColumnUsage>
</ind_PK_UK>
<ind_PK_UK id="B3A24797-B3BF-080B-BEF3-889A178CC935" schemaObject="E72B568F-E40F-1988-CA52-96E5ED0AA2F3" name="SISTEMA_SALUD_NOMBRE_UN">
<sourceConnName>S9</sourceConnName>
<sourceObjSchema>PRY2204_S9</sourceObjSchema>
<sourceObjName>SYS_C0024535</sourceObjName>
<createdBy>matiaszuniga</createdBy>
<createdTime>2025-10-12 22:51:35 UTC</createdTime>
<ownerDesignName>EFT_S9_Matias_Zuñiga</ownerDesignName>
<indexState>Unique Constraint</indexState>
<isSurrogateKey>false</isSurrogateKey>
<indexColumnUsage>
<colUsage columnID="70519C29-7FB5-472A-57FF-AE66B4CA3C98"/>
</indexColumnUsage>
</ind_PK_UK>
</indexes>
</Table>