<?xml version = '1.0' encoding = 'UTF-8'?>
<Table class="oracle.dbtools.crest.model.design.relational.Table" directorySegmentName="seg_0" id="CA7887FA-A6AF-140B-7692-7803DC07302A" schemaObject="E72B568F-E40F-1988-CA52-96E5ED0AA2F3" name="PLANTA">
<sourceConnName>S9</sourceConnName>
<sourceObjSchema>PRY2204_S9</sourceObjSchema>
<sourceObjName>PLANTA</sourceObjName>
<createdBy>matiaszuniga</createdBy>
<createdTime>2025-10-12 22:51:33 UTC</createdTime>
<ownerDesignName>EFT_S9_Matias_Zuñiga</ownerDesignName>
<allowColumnReorder>false</allowColumnReorder>
<existDependencyGenerateInDDl>true</existDependencyGenerateInDDl>
<parsed>true</parsed>
<columns itemClass="oracle.dbtools.crest.model.design.relational.Column">
<Column name="ID_PLANTA" id="6DE5E27A-67F5-A176-DF05-6D0A3AF91645">
<sourceConnName>S9</sourceConnName>
<sourceObjSchema>PLANTA</sourceObjSchema>
<sourceObjName>ID_PLANTA</sourceObjName>
<createdBy>matiaszuniga</createdBy>
<createdTime>2025-10-12 22:51:33 UTC</createdTime>
<ownerDesignName>EFT_S9_Matias_Zuñiga</ownerDesignName>
<useDomainConstraints>false</useDomainConstraints>
<use>1</use>
<logicalDatatype>LOGDT019</logicalDatatype>
<ownDataTypeParameters>,,</ownDataTypeParameters>
<autoIncrementCycle>false</autoIncrementCycle>
</Column>
<Column name="NOMBRE" id="0E1311B4-B2A2-09A0-7BF1-43CD74B97A00">
<sourceConnName>S9</sourceConnName>
<sourceObjSchema>PLANTA</sourceObjSchema>
<sourceObjName>NOMBRE</sourceObjName>
<createdBy>matiaszuniga</createdBy>
<createdTime>2025-10-12 22:51:33 UTC</createdTime>
<ownerDesignName>EFT_S9_Matias_Zuñiga</ownerDesignName>
<useDomainConstraints>false</useDomainConstraints>
<use>1</use>
<logicalDatatype>LOGDT024</logicalDatatype>
<dataTypeSize>100 BYTE</dataTypeSize>
<ownDataTypeParameters>100 BYTE,,</ownDataTypeParameters>
<autoIncrementCycle>false</autoIncrementCycle>
</Column>
<Column name="DIRECCION" id="8C1FE908-EAD2-3DB0-CE6E-044AC048A5B3">
<sourceConnName>S9</sourceConnName>
<sourceObjSchema>PLANTA</sourceObjSchema>
<sourceObjName>DIRECCION</sourceObjName>
<createdBy>matiaszuniga</createdBy>
<createdTime>2025-10-12 22:51:33 UTC</createdTime>
<ownerDesignName>EFT_S9_Matias_Zuñiga</ownerDesignName>
<useDomainConstraints>false</useDomainConstraints>
<use>1</use>
<logicalDatatype>LOGDT024</logicalDatatype>
<dataTypeSize>100 BYTE</dataTypeSize>
<ownDataTypeParameters>100 BYTE,,</ownDataTypeParameters>
<autoIncrementCycle>false</autoIncrementCycle>
</Column>
<Column name="ID_COMUNA" id="1EE4C7DA-3A40-5C92-93DC-3F0C8CAAF976">
<sourceConnName>S9</sourceConnName>
<sourceObjSchema>PLANTA</sourceObjSchema>
<sourceObjName>ID_COMUNA</sourceObjName>
<createdBy>matiaszuniga</createdBy>
<createdTime>2025-10-12 22:51:33 UTC</createdTime>
<ownerDesignName>EFT_S9_Matias_Zuñiga</ownerDesignName>
<useDomainConstraints>false</useDomainConstraints>
<use>1</use>
<logicalDatatype>LOGDT019</logicalDatatype>
<ownDataTypeParameters>,,</ownDataTypeParameters>
<autoIncrementCycle>false</autoIncrementCycle>
<associations>
<colAssociation fkAssociation="3B94EB77-A901-0C21-99C0-621973EAEB1D" referredColumn="3002B5FD-F97C-C92A-6D2E-EACEA169B99E"/>
</associations>
</Column>
</columns>
<indexes itemClass="oracle.dbtools.crest.model.design.relational.Index">
<ind_PK_UK id="6EFE1D88-C303-E984-74D1-734286279A0D" schemaObject="E72B568F-E40F-1988-CA52-96E5ED0AA2F3" name="PLANTA_PK">
<sourceConnName>S9</sourceConnName>
<sourceObjSchema>PRY2204_S9</sourceObjSchema>
<sourceObjName>SYS_C0024528</sourceObjName>
<createdBy>matiaszuniga</createdBy>
<createdTime>2025-10-12 22:51:35 UTC</createdTime>
<ownerDesignName>EFT_S9_Matias_Zuñiga</ownerDesignName>
<pk>true</pk>
<indexState>Primary Constraint</indexState>
<isSurrogateKey>false</isSurrogateKey>
<indexColumnUsage>
<colUsage columnID="6DE5E27A-67F5-A176-DF05-6D0A3AF91645"/>
</indexColumnUsage>
</ind_PK_UK>
<ind_PK_UK id="A59B0409-FE18-B94C-F62A-B24A0172D5A8" name="FK_PLANTA_COMUNA">
<createdBy>matiaszuniga</createdBy>
<createdTime>2025-10-12 22:51:37 UTC</createdTime>
<ownerDesignName>EFT_S9_Matias_Zuñiga</ownerDesignName>
<indexState>Foreign Key</indexState>
<isSurrogateKey>false</isSurrogateKey>
<indexColumnUsage>
<colUsage columnID="1EE4C7DA-3A40-5C92-93DC-3F0C8CAAF976"/>
</indexColumnUsage>
</ind_PK_UK>
</indexes>
</Table>